  0
SECTION
  2
HEADER
  9
$ACADVER
  1
AC1015
  9
$ACADMAINTVER
 70
     6
  9
$DWGCODEPAGE
  3
ANSI_1252
  9
$INSBASE
 10
0.0
 20
0.0
 30
0.0
  9
$EXTMIN
 10
0.0
 20
0.0
 30
0.0
  9
$EXTMAX
 10
17.0
 20
11.0
 30
0.0
  9
$LIMMIN
 10
0.0
 20
0.0
  9
$LIMMAX
 10
17.0
 20
11.0
  9
$ORTHOMODE
 70
     0
  9
$REGENMODE
 70
     1
  9
$FILLMODE
 70
     1
  9
$QTEXTMODE
 70
     0
  9
$MIRRTEXT
 70
     1
  9
$LTSCALE
 40
1.0
  9
$ATTMODE
 70
     1
  9
$TEXTSIZE
 40
0.125
  9
$TRACEWID
 40
0.05
  9
$TEXTSTYLE
  7
Standard
  9
$CLAYER
  8
0
  9
$CELTYPE
  6
ByLayer
  9
$CECOLOR
 62
   256
  9
$CELTSCALE
 40
1.0
  9
$DISPSILH
 70
     0
  9
$DIMSCALE
 40
1.0
  9
$DIMASZ
 40
0.13
  9
$DIMEXO
 40
0.05
  9
$DIMDLI
 40
0.38
  9
$DIMRND
 40
0.0
  9
$DIMDLE
 40
0.0
  9
$DIMEXE
 40
0.125
  9
$DIMTP
 40
0.0
  9
$DIMTM
 40
0.0
  9
$DIMTXT
 40
0.125
  9
$DIMCEN
 40
0.09
  9
$DIMTSZ
 40
0.0
  9
$DIMTOL
 70
     0
  9
$DIMLIM
 70
     0
  9
$DIMTIH
 70
     1
  9
$DIMTOH
 70
     1
  9
$DIMSE1
 70
     0
  9
$DIMSE2
 70
     0
  9
$DIMTAD
 70
     0
  9
$DIMZIN
 70
     0
  9
$DIMBLK
  1

  9
$DIMASO
 70
     1
  9
$DIMSHO
 70
     1
  9
$DIMPOST
  1

  9
$DIMAPOST
  1

  9
$DIMALT
 70
     0
  9
$DIMALTD
 70
     2
  9
$DIMALTF
 40
25.4
  9
$DIMLFAC
 40
1.0
  9
$DIMTOFL
 70
     0
  9
$DIMTVP
 40
0.0
  9
$DIMTIX
 70
     0
  9
$DIMSOXD
 70
     0
  9
$DIMSAH
 70
     0
  9
$DIMBLK1
  1

  9
$DIMBLK2
  1

  9
$DIMSTYLE
  2
Standard
  9
$DIMCLRD
 70
     0
  9
$DIMCLRE
 70
     0
  9
$DIMCLRT
 70
     0
  9
$DIMTFAC
 40
1.0
  9
$DIMGAP
 40
0.06
  9
$DIMJUST
 70
     0
  9
$DIMSD1
 70
     0
  9
$DIMSD2
 70
     0
  9
$DIMTOLJ
 70
     1
  9
$DIMTZIN
 70
     0
  9
$DIMALTZ
 70
     0
  9
$DIMALTTZ
 70
     0
  9
$DIMUPT
 70
     0
  9
$DIMDEC
 70
     3
  9
$DIMTDEC
 70
     3
  9
$DIMALTU
 70
     2
  9
$DIMALTTD
 70
     2
  9
$DIMTXSTY
  7
Standard
  9
$DIMAUNIT
 70
     0
  9
$DIMADEC
 70
     0
  9
$DIMALTRND
 40
0.0
  9
$DIMAZIN
 70
     0
  9
$DIMDSEP
 70
    46
  9
$DIMATFIT
 70
     3
  9
$DIMFRAC
 70
     0
  9
$DIMLDRBLK
  1

  9
$DIMLUNIT
 70
     2
  9
$DIMLWD
 70
    -2
  9
$DIMLWE
 70
    -2
  9
$DIMTMOVE
 70
     0
  9
$LUNITS
 70
     2
  9
$LUPREC
 70
     3
  9
$SKETCHINC
 40
0.1
  9
$FILLETRAD
 40
0.5
  9
$AUNITS
 70
     0
  9
$AUPREC
 70
     0
  9
$MENU
  1
.
  9
$ELEVATION
 40
0.0
  9
$PELEVATION
 40
0.0
  9
$THICKNESS
 40
0.0
  9
$LIMCHECK
 70
     0
  9
$CHAMFERA
 40
0.0
  9
$CHAMFERB
 40
0.0
  9
$CHAMFERC
 40
0.0
  9
$CHAMFERD
 40
0.0
  9
$SKPOLY
 70
     0
  9
$TDCREATE
 40
2457995.549579433
  9
$TDUCREATE
 40
2457995.757912766
  9
$TDUPDATE
 40
2460935.680894722
  9
$TDUUPDATE
 40
2460935.889228056
  9
$TDINDWG
 40
0.0000000116
  9
$TDUSRTIMER
 40
0.0000000116
  9
$USRTIMER
 70
     1
  9
$ANGBASE
 50
0.0
  9
$ANGDIR
 70
     0
  9
$PDMODE
 70
     0
  9
$PDSIZE
 40
-1.0
  9
$PLINEWID
 40
0.0
  9
$SPLFRAME
 70
     0
  9
$SPLINETYPE
 70
     6
  9
$SPLINESEGS
 70
     8
  9
$HANDSEED
  5
41C
  9
$SURFTAB1
 70
     6
  9
$SURFTAB2
 70
     6
  9
$SURFTYPE
 70
     6
  9
$SURFU
 70
     6
  9
$SURFV
 70
     6
  9
$UCSBASE
  2

  9
$UCSNAME
  2

  9
$UCSORG
 10
0.0
 20
0.0
 30
0.0
  9
$UCSXDIR
 10
1.0
 20
0.0
 30
0.0
  9
$UCSYDIR
 10
0.0
 20
1.0
 30
0.0
  9
$UCSORTHOREF
  2

  9
$UCSORTHOVIEW
 70
     0
  9
$UCSORGTOP
 10
0.0
 20
0.0
 30
0.0
  9
$UCSORGBOTTOM
 10
0.0
 20
0.0
 30
0.0
  9
$UCSORGLEFT
 10
0.0
 20
0.0
 30
0.0
  9
$UCSORGRIGHT
 10
0.0
 20
0.0
 30
0.0
  9
$UCSORGFRONT
 10
0.0
 20
0.0
 30
0.0
  9
$UCSORGBACK
 10
0.0
 20
0.0
 30
0.0
  9
$PUCSBASE
  2

  9
$PUCSNAME
  2

  9
$PUCSORG
 10
0.0
 20
0.0
 30
0.0
  9
$PUCSXDIR
 10
1.0
 20
0.0
 30
0.0
  9
$PUCSYDIR
 10
0.0
 20
1.0
 30
0.0
  9
$PUCSORTHOREF
  2

  9
$PUCSORTHOVIEW
 70
     0
  9
$PUCSORGTOP
 10
0.0
 20
0.0
 30
0.0
  9
$PUCSORGBOTTOM
 10
0.0
 20
0.0
 30
0.0
  9
$PUCSORGLEFT
 10
0.0
 20
0.0
 30
0.0
  9
$PUCSORGRIGHT
 10
0.0
 20
0.0
 30
0.0
  9
$PUCSORGFRONT
 10
0.0
 20
0.0
 30
0.0
  9
$PUCSORGBACK
 10
0.0
 20
0.0
 30
0.0
  9
$USERI1
 70
     0
  9
$USERI2
 70
     0
  9
$USERI3
 70
     0
  9
$USERI4
 70
     0
  9
$USERI5
 70
     0
  9
$USERR1
 40
0.0
  9
$USERR2
 40
0.0
  9
$USERR3
 40
0.0
  9
$USERR4
 40
0.0
  9
$USERR5
 40
0.0
  9
$WORLDVIEW
 70
     1
  9
$SHADEDGE
 70
     3
  9
$SHADEDIF
 70
    70
  9
$TILEMODE
 70
     1
  9
$MAXACTVP
 70
    64
  9
$PINSBASE
 10
0.0
 20
0.0
 30
0.0
  9
$PLIMCHECK
 70
     0
  9
$PEXTMIN
 10
1.000000000000000E+20
 20
1.000000000000000E+20
 30
1.000000000000000E+20
  9
$PEXTMAX
 10
-1.000000000000000E+20
 20
-1.000000000000000E+20
 30
-1.000000000000000E+20
  9
$PLIMMIN
 10
0.0
 20
0.0
  9
$PLIMMAX
 10
12.0
 20
9.0
  9
$UNITMODE
 70
     0
  9
$VISRETAIN
 70
     1
  9
$PLINEGEN
 70
     0
  9
$PSLTSCALE
 70
     1
  9
$TREEDEPTH
 70
  3020
  9
$CMLSTYLE
  2
Standard
  9
$CMLJUST
 70
     0
  9
$CMLSCALE
 40
1.0
  9
$PROXYGRAPHICS
 70
     1
  9
$MEASUREMENT
 70
     0
  9
$CELWEIGHT
370
    -1
  9
$ENDCAPS
280
     0
  9
$JOINSTYLE
280
     0
  9
$LWDISPLAY
290
     1
  9
$INSUNITS
 70
     1
  9
$HYPERLINKBASE
  1

  9
$STYLESHEET
  1

  9
$XEDIT
290
     1
  9
$CEPSNTYPE
380
     0
  9
$PSTYLEMODE
290
     1
  9
$FINGERPRINTGUID
  2
{A5190BD5-318B-468B-949B-C2ACE5D5643F}
  9
$VERSIONGUID
  2
{FAEB1C32-E019-11D5-929B-00C0DF256EC4}
  9
$EXTNAMES
290
     1
  9
$PSVPSCALE
 40
0.0
  9
$OLESTARTUP
290
     0
  0
ENDSEC
  0
SECTION
  2
CLASSES
  0
CLASS
  1
ACDBDICTIONARYWDFLT
  2
AcDbDictionaryWithDefault
  3
ObjectDBX Classes
 90
        0
280
     0
281
     0
  0
CLASS
  1
VISUALSTYLE
  2
AcDbVisualStyle
  3
ObjectDBX Classes
 90
     4095
280
     0
281
     0
  0
CLASS
  1
MATERIAL
  2
AcDbMaterial
  3
ObjectDBX Classes
 90
     1153
280
     0
281
     0
  0
CLASS
  1
SCALE
  2
AcDbScale
  3
ObjectDBX Classes
 90
     1153
280
     0
281
     0
  0
CLASS
  1
TABLESTYLE
  2
AcDbTableStyle
  3
ObjectDBX Classes
 90
     4095
280
     0
281
     0
  0
CLASS
  1
MLEADERSTYLE
  2
AcDbMLeaderStyle
  3
ACDB_MLEADERSTYLE_CLASS
 90
     4095
280
     0
281
     0
  0
CLASS
  1
SUN
  2
AcDbSun
  3
SCENEOE
 90
     1153
280
     0
281
     0
  0
CLASS
  1
ACDBPLACEHOLDER
  2
AcDbPlaceHolder
  3
ObjectDBX Classes
 90
        0
280
     0
281
     0
  0
CLASS
  1
LAYOUT
  2
AcDbLayout
  3
ObjectDBX Classes
 90
        0
280
     0
281
     0
  0
CLASS
  1
DICTIONARYVAR
  2
AcDbDictionaryVar
  3
ObjectDBX Classes
 90
        0
280
     0
281
     0
  0
ENDSEC
  0
SECTION
  2
TABLES
  0
TABLE
  2
VPORT
  5
8
102
{ACAD_XDICTIONARY
360
3E1
102
}
330
0
100
AcDbSymbolTable
 70
     1
  0
VPORT
  5
29
330
8
100
AcDbSymbolTableRecord
100
AcDbViewportTableRecord
  2
*Active
 70
     0
 10
0.0
 20
0.0
 11
1.0
 21
1.0
 12
8.5
 22
5.5
 13
0.0
 23
0.0
 14
0.5
 24
0.5
 15
0.5
 25
0.5
 16
0.0
 26
0.0
 36
1.0
 17
0.0
 27
0.0
 37
0.0
 40
11.0
 41
1.545454545454545
 42
50.0
 43
0.0
 44
0.0
 50
0.0
 51
0.0
 71
     0
 72
  2000
 73
     1
 74
     3
 75
     0
 76
     0
 77
     0
 78
     0
281
     0
 65
     1
110
0.0
120
0.0
130
0.0
111
1.0
121
0.0
131
0.0
112
0.0
122
1.0
132
0.0
 79
     0
146
0.0
  0
ENDTAB
  0
TABLE
  2
LTYPE
  5
5
330
0
100
AcDbSymbolTable
 70
     6
  0
LTYPE
  5
14
330
5
100
AcDbSymbolTableRecord
100
AcDbLinetypeTableRecord
  2
ByBlock
 70
     0
  3

 72
    65
 73
     0
 40
0.0
  0
LTYPE
  5
15
330
5
100
AcDbSymbolTableRecord
100
AcDbLinetypeTableRecord
  2
ByLayer
 70
     0
  3

 72
    65
 73
     0
 40
0.0
  0
LTYPE
  5
16
330
5
100
AcDbSymbolTableRecord
100
AcDbLinetypeTableRecord
  2
Continuous
 70
     0
  3
Solid line
 72
    65
 73
     0
 40
0.0
  0
LTYPE
  5
6E
330
5
100
AcDbSymbolTableRecord
100
AcDbLinetypeTableRecord
  2
HIDDEN
 70
     0
  3
Hidden __ __ __ __ __ __ __ __ __ __ __ __ __ __
 72
    65
 73
     2
 40
0.075
 49
0.05
 74
     0
 49
-0.025
 74
     0
  0
LTYPE
  5
6F
330
5
100
AcDbSymbolTableRecord
100
AcDbLinetypeTableRecord
  2
PHANTOM
 70
     0
  3
Phantom ______  __  __  ______  __  __  ______
 72
    65
 73
     6
 40
0.4999999999999999
 49
0.25
 74
     0
 49
-0.05
 74
     0
 49
0.05
 74
     0
 49
-0.05
 74
     0
 49
0.05
 74
     0
 49
-0.05
 74
     0
  0
LTYPE
  5
70
330
5
100
AcDbSymbolTableRecord
100
AcDbLinetypeTableRecord
  2
CENTER
 70
     0
  3
Center ____ _ ____ _ ____ _ ____ _ ____ _ ____
 72
    65
 73
     4
 40
0.4
 49
0.25
 74
     0
 49
-0.05
 74
     0
 49
0.05
 74
     0
 49
-0.05
 74
     0
  0
LTYPE
  5
71
330
5
100
AcDbSymbolTableRecord
100
AcDbLinetypeTableRecord
  2
CENTERX2
 70
     0
  3
Center (2x) ________  __  ________  __  _____
 72
    65
 73
     4
 40
0.7999999999999999
 49
0.5
 74
     0
 49
-0.1
 74
     0
 49
0.1
 74
     0
 49
-0.1
 74
     0
  0
LTYPE
  5
72
330
5
100
AcDbSymbolTableRecord
100
AcDbLinetypeTableRecord
  2
DOT2
 70
     0
  3
Dot (.5x) ........................................
 72
    65
 73
     2
 40
0.025
 49
0.0
 74
     0
 49
-0.025
 74
     0
  0
ENDTAB
  0
TABLE
  2
LAYER
  5
2
330
0
100
AcDbSymbolTable
 70
     3
  0
LAYER
  5
10
330
2
100
AcDbSymbolTableRecord
100
AcDbLayerTableRecord
  2
0
 70
     0
 62
     7
  6
Continuous
370
    -3
390
F
  0
LAYER
  5
73
330
2
100
AcDbSymbolTableRecord
100
AcDbLayerTableRecord
  2
FORMAT
 70
     0
 62
     7
  6
Continuous
370
    -3
390
F
  0
LAYER
  5
74
330
2
100
AcDbSymbolTableRecord
100
AcDbLayerTableRecord
  2
SLD-0
 70
     0
 62
     7
  6
Continuous
370
    -3
390
F
  0
ENDTAB
  0
TABLE
  2
STYLE
  5
3
330
0
100
AcDbSymbolTable
 70
     5
  0
STYLE
  5
11
330
3
100
AcDbSymbolTableRecord
100
AcDbTextStyleTableRecord
  2
Standard
 70
     0
 40
0.0
 41
1.0
 50
0.0
 71
     0
 42
0.125
  3
txt
  4

  0
STYLE
  5
91
330
3
100
AcDbSymbolTableRecord
100
AcDbTextStyleTableRecord
  2
SLDTEXTSTYLE0
 70
     0
 40
0.0
 41
0.52540637542951
 50
0.0
 71
     0
 42
0.125
  3
TXT
  4

  0
STYLE
  5
D6
330
3
100
AcDbSymbolTableRecord
100
AcDbTextStyleTableRecord
  2
SLDTEXTSTYLE1
 70
     0
 40
0.0
 41
0.75
 50
0.0
 71
     0
 42
0.125
  3
TXT
  4

  0
STYLE
  5
EF
330
3
100
AcDbSymbolTableRecord
100
AcDbTextStyleTableRecord
  2
SLDTEXTSTYLE2
 70
     0
 40
0.0
 41
0.6875
 50
0.0
 71
     0
 42
0.125
  3
TXT
  4

  0
STYLE
  5
F3
330
3
100
AcDbSymbolTableRecord
100
AcDbTextStyleTableRecord
  2
SLDTEXTSTYLE3
 70
     0
 40
0.0
 41
0.6944444444444444
 50
0.0
 71
     0
 42
0.125
  3
TXT
  4

  0
ENDTAB
  0
TABLE
  2
VIEW
  5
6
330
0
100
AcDbSymbolTable
 70
     0
  0
ENDTAB
  0
TABLE
  2
UCS
  5
7
330
0
100
AcDbSymbolTable
 70
     0
  0
ENDTAB
  0
TABLE
  2
APPID
  5
9
330
0
100
AcDbSymbolTable
 70
     2
  0
APPID
  5
12
330
9
100
AcDbSymbolTableRecord
100
AcDbRegAppTableRecord
  2
ACAD
 70
     0
  0
APPID
  5
419
330
9
100
AcDbSymbolTableRecord
100
AcDbRegAppTableRecord
  2
ACAD_MLEADERVER
 70
     0
  0
ENDTAB
  0
TABLE
  2
DIMSTYLE
  5
A
330
0
100
AcDbSymbolTable
 70
     6
100
AcDbDimStyleTable
  0
DIMSTYLE
105
27
330
A
100
AcDbSymbolTableRecord
100
AcDbDimStyleTableRecord
  2
Standard
 70
     0
178
     0
340
11
  0
DIMSTYLE
105
1AD
102
{ACAD_REACTORS
330
1AC
330
1BF
330
1D1
330
1F6
330
208
330
283
330
2EF
330
301
102
}
330
A
100
AcDbSymbolTableRecord
100
AcDbDimStyleTableRecord
  2
SLDDIMSTYLE0
 70
     0
 41
0.13
 44
0.0
 45
0.000000001
 78
    12
 79
     3
140
0.125
147
0.03125
148
0.000000001
170
     1
173
     1
178
     0
271
     3
272
     3
276
     2
284
    12
340
D6
  0
DIMSTYLE
105
1E4
102
{ACAD_REACTORS
330
1E3
102
}
330
A
100
AcDbSymbolTableRecord
100
AcDbDimStyleTableRecord
  2
SLDDIMSTYLE1
 70
     0
 41
0.13
 44
0.0
 45
0.000000001
 78
     4
 79
     1
140
0.125
147
0.03125
148
0.000000001
170
     1
172
     1
173
     1
178
     0
271
     3
272
     3
276
     2
284
    12
289
     0
340
D6
  0
DIMSTYLE
105
21B
102
{ACAD_REACTORS
330
21A
330
240
330
37F
330
391
330
3A4
102
}
330
A
100
AcDbSymbolTableRecord
100
AcDbDimStyleTableRecord
  2
SLDDIMSTYLE2
 70
     0
 41
0.13
 44
0.0
 45
0.000000001
 78
    12
 79
     3
140
0.125
147
0.03125
148
0.000000001
170
     1
172
     1
173
     1
178
     0
271
     3
272
     3
276
     2
284
    12
289
     0
340
D6
  0
DIMSTYLE
105
22E
102
{ACAD_REACTORS
330
22D
102
}
330
A
100
AcDbSymbolTableRecord
100
AcDbDimStyleTableRecord
  2
SLDDIMSTYLE3
 70
     0
 41
0.13
 44
0.0
 45
0.000000001
 78
    12
 79
     3
140
0.125
141
0.0
147
0.03125
148
0.000000001
170
     1
173
     1
178
     0
271
     3
272
     3
276
     2
279
     1
284
    12
340
D6
  0
DIMSTYLE
105
2CA
102
{ACAD_REACTORS
330
2C9
102
}
330
A
100
AcDbSymbolTableRecord
100
AcDbDimStyleTableRecord
  2
SLDDIMSTYLE4
 70
     0
 41
0.13
 44
0.0
 45
0.000000001
 78
    12
 79
     3
140
0.125
141
0.0
147
0.03125
148
0.000000001
170
     1
173
     1
178
     0
271
     3
272
     3
276
     2
284
    12
340
D6
  0
ENDTAB
  0
TABLE
  2
BLOCK_RECORD
  5
1
330
0
100
AcDbSymbolTable
 70
    27
  0
BLOCK_RECORD
  5
1F
330
1
100
AcDbSymbolTableRecord
100
AcDbBlockTableRecord
  2
*Model_Space
340
22
  0
BLOCK_RECORD
  5
1B
330
1
100
AcDbSymbolTableRecord
100
AcDbBlockTableRecord
  2
*Paper_Space
340
1E
  0
BLOCK_RECORD
  5
23
330
1
100
AcDbSymbolTableRecord
100
AcDbBlockTableRecord
  2
*Paper_Space0
340
26
  0
BLOCK_RECORD
  5
75
330
1
100
AcDbSymbolTableRecord
100
AcDbBlockTableRecord
  2
Block2
340
0
102
{BLKREFS
331
95
102
}
  0
BLOCK_RECORD
  5
80
330
1
100
AcDbSymbolTableRecord
100
AcDbBlockTableRecord
  2
ThirdAngleProjectionBlock
340
0
102
{BLKREFS
331
D5
102
}
  0
BLOCK_RECORD
  5
8B
330
1
100
AcDbSymbolTableRecord
100
AcDbBlockTableRecord
  2
POLYCASE LOGO
340
0
102
{BLKREFS
331
D4
102
}
  0
BLOCK_RECORD
  5
8E
330
1
100
AcDbSymbolTableRecord
100
AcDbBlockTableRecord
  2
SW_NOTE_0
340
0
102
{BLKREFS
331
94
102
}
  0
BLOCK_RECORD
  5
F6
330
1
100
AcDbSymbolTableRecord
100
AcDbBlockTableRecord
  2
SW_NOTE_1
340
0
102
{BLKREFS
331
108
102
}
  0
BLOCK_RECORD
  5
109
330
1
100
AcDbSymbolTableRecord
100
AcDbBlockTableRecord
  2
SW_NOTE_2
340
0
102
{BLKREFS
331
112
102
}
  0
BLOCK_RECORD
  5
123
330
1
100
AcDbSymbolTableRecord
100
AcDbBlockTableRecord
  2
SW_TABLEANNOTATION_0
340
0
102
{BLKREFS
331
137
102
}
  0
BLOCK_RECORD
  5
1AE
330
1
100
AcDbSymbolTableRecord
100
AcDbBlockTableRecord
  2
_D
340
0
  0
BLOCK_RECORD
  5
1C0
330
1
100
AcDbSymbolTableRecord
100
AcDbBlockTableRecord
  2
_D_1
340
0
  0
BLOCK_RECORD
  5
1D2
330
1
100
AcDbSymbolTableRecord
100
AcDbBlockTableRecord
  2
_D_2
340
0
  0
BLOCK_RECORD
  5
1E5
330
1
100
AcDbSymbolTableRecord
100
AcDbBlockTableRecord
  2
_D_3
340
0
  0
BLOCK_RECORD
  5
1F7
330
1
100
AcDbSymbolTableRecord
100
AcDbBlockTableRecord
  2
_D_4
340
0
  0
BLOCK_RECORD
  5
209
330
1
100
AcDbSymbolTableRecord
100
AcDbBlockTableRecord
  2
_D_5
340
0
  0
BLOCK_RECORD
  5
21C
330
1
100
AcDbSymbolTableRecord
100
AcDbBlockTableRecord
  2
_D_6
340
0
  0
BLOCK_RECORD
  5
22F
330
1
100
AcDbSymbolTableRecord
100
AcDbBlockTableRecord
  2
_D_7
340
0
  0
BLOCK_RECORD
  5
241
330
1
100
AcDbSymbolTableRecord
100
AcDbBlockTableRecord
  2
_D_8
340
0
  0
BLOCK_RECORD
  5
284
330
1
100
AcDbSymbolTableRecord
100
AcDbBlockTableRecord
  2
_D_9
340
0
  0
BLOCK_RECORD
  5
2CB
330
1
100
AcDbSymbolTableRecord
100
AcDbBlockTableRecord
  2
_D_10
340
0
  0
BLOCK_RECORD
  5
2DA
330
1
100
AcDbSymbolTableRecord
100
AcDbBlockTableRecord
  2
SW_SYMBOL_HOLE_DEPTH
340
0
102
{BLKREFS
331
2E1
331
2ED
102
}
  0
BLOCK_RECORD
  5
2E3
330
1
100
AcDbSymbolTableRecord
100
AcDbBlockTableRecord
  2
SW_SYMBOL_HOLE_SPOT
340
0
102
{BLKREFS
331
2E9
102
}
  0
BLOCK_RECORD
  5
2F0
330
1
100
AcDbSymbolTableRecord
100
AcDbBlockTableRecord
  2
_D_11
340
0
  0
BLOCK_RECORD
  5
302
330
1
100
AcDbSymbolTableRecord
100
AcDbBlockTableRecord
  2
_D_12
340
0
  0
BLOCK_RECORD
  5
313
330
1
100
AcDbSymbolTableRecord
100
AcDbBlockTableRecord
  2
SW_CENTERMARKSYMBOL_0
340
0
102
{BLKREFS
331
335
102
}
  0
BLOCK_RECORD
  5
380
330
1
100
AcDbSymbolTableRecord
100
AcDbBlockTableRecord
  2
_D_13
340
0
  0
BLOCK_RECORD
  5
392
330
1
100
AcDbSymbolTableRecord
100
AcDbBlockTableRecord
  2
_D_14
340
0
  0
BLOCK_RECORD
  5
3A5
330
1
100
AcDbSymbolTableRecord
100
AcDbBlockTableRecord
  2
_D_15
340
0
  0
ENDTAB
  0
ENDSEC
  0
SECTION
  2
BLOCKS
  0
BLOCK
  5
20
330
1F
100
AcDbEntity
  8
0
100
AcDbBlockBegin
  2
*Model_Space
 70
     0
 10
0.0
 20
0.0
 30
0.0
  3
*Model_Space
  1

  0
ENDBLK
  5
21
330
1F
100
AcDbEntity
  8
0
100
AcDbBlockEnd
  0
BLOCK
  5
1C
330
1B
100
AcDbEntity
 67
     1
  8
0
100
AcDbBlockBegin
  2
*Paper_Space
 70
     0
 10
0.0
 20
0.0
 30
0.0
  3
*Paper_Space
  1

  0
ENDBLK
  5
1D
330
1B
100
AcDbEntity
 67
     1
  8
0
100
AcDbBlockEnd
  0
BLOCK
  5
24
330
23
100
AcDbEntity
  8
0
100
AcDbBlockBegin
  2
*Paper_Space0
 70
     0
 10
0.0
 20
0.0
 30
0.0
  3
*Paper_Space0
  1

  0
ENDBLK
  5
25
330
23
100
AcDbEntity
  8
0
100
AcDbBlockEnd
  0
BLOCK
  5
76
330
75
100
AcDbEntity
  8
0
100
AcDbBlockBegin
  2
Block2
 70
     0
 10
0.0
 20
0.0
 30
0.0
  3
Block2
  1

  0
HATCH
  5
78
330
75
100
AcDbEntity
  8
0
  6
Continuous
 62
     7
100
AcDbHatch
 10
0.0
 20
0.0
 30
0.0
210
0.0
220
0.0
230
1.0
  2
SOLID
 70
     1
 71
     0
 91
        2
 92
        0
 93
       11
 72
     4
 94
        3
 73
     1
 74
     0
 95
        8
 96
        4
 40
4.0
 40
4.0
 40
4.0
 40
4.0
 40
5.0
 40
5.0
 40
5.0
 40
5.0
 10
0.1218872874091442
 20
0.4518232146189791
 42
1.0
 10
0.1695964660061143
 20
0.3815988302022604
 42
1.0
 10
0.2451105674527747
 20
0.3338896516052881
 42
1.0
 10
0.3325672223478017
 20
0.3338896516052881
 42
1.0
 72
     4
 94
        3
 73
     1
 74
     0
 95
        8
 96
        4
 40
3.0
 40
3.0
 40
3.0
 40
3.0
 40
4.0
 40
4.0
 40
4.0
 40
4.0
 10
0.3325672223478017
 20
0.3338896516052881
 42
1.0
 10
0.5233632466046797
 20
0.3338896516052881
 42
1.0
 10
0.6293610378585022
 20
0.4915706909170351
 42
1.0
 10
0.6293610378585022
 20
0.6691152958450615
 42
1.0
 72
     4
 94
        3
 73
     1
 74
     0
 95
        8
 96
        4
 40
2.0
 40
2.0
 40
2.0
 40
2.0
 40
3.0
 40
3.0
 40
3.0
 40
3.0
 10
0.6293610378585022
 20
0.6691152958450615
 42
1.0
 10
0.6293610378585022
 20
0.8387117618511748
 42
1.0
 10
0.5167375369402528
 20
0.9937411609594504
 42
1.0
 10
0.3378637210662438
 20
0.9937411609594504
 42
1.0
 72
     4
 94
        3
 73
     1
 74
     0
 95
        8
 96
        4
 40
1.0
 40
1.0
 40
1.0
 40
1.0
 40
2.0
 40
2.0
 40
2.0
 40
2.0
 10
0.3378637210662438
 20
0.9937411609594504
 42
1.0
 10
0.2451105674527747
 20
0.9937411609594504
 42
1.0
 10
0.1709188952635986
 20
0.9460319823624824
 42
1.0
 10
0.1218872874091442
 20
0.8718335284848061
 42
1.0
 72
     1
 10
0.121887287409144
 20
0.8718335284848059
 11
0.1192356472056744
 21
0.8718335284848059
 72
     1
 10
0.1192356472056744
 20
0.8718335284848059
 11
0.119235647205674
 21
0.9751864612236586
 72
     1
 10
0.119235647205674
 20
0.9751864612236586
 11
0.0
 21
0.9751864612236586
 72
     1
 10
0.0
 20
0.9751864612236586
 11
0.0
 21
0.000000000000002
 72
     1
 10
0.0
 20
0.000000000000002
 11
0.119235647205674
 21
0.000000000000002
 72
     1
 10
0.119235647205674
 20
0.000000000000002
 11
0.1192356472056744
 21
0.4518232146189791
 72
     1
 10
0.1192356472056744
 20
0.4518232146189791
 11
0.121887287409144
 21
0.4518232146189791
 97
        0
 92
        0
 93
        2
 72
     4
 94
        3
 73
     1
 74
     0
 95
       11
 96
        7
 40
0.0
 40
0.0
 40
0.0
 40
0.0
 40
1.0
 40
1.0
 40
1.0
 40
2.0
 40
2.0
 40
2.0
 40
2.0
 10
0.112623500918248
 20
0.6651412263841059
 42
1.0
 10
0.112623500918248
 20
0.7804028041288245
 42
1.0
 10
0.1854859621614372
 20
0.8877365880171287
 42
1.0
 10
0.3087228055820661
 20
0.8877365880171287
 42
1.0
 10
0.4372358026556372
 20
0.8877365880171287
 42
1.0
 10
0.5101118272758272
 20
0.7857128662242651
 42
1.0
 10
0.5101118272758272
 20
0.6651412263841059
 42
1.0
 72
     4
 94
        3
 73
     1
 74
     0
 95
       11
 96
        7
 40
2.0
 40
2.0
 40
2.0
 40
2.0
 40
3.0
 40
3.0
 40
3.0
 40
4.0
 40
4.0
 40
4.0
 40
4.0
 10
0.5101118272758272
 20
0.6651412263841059
 42
1.0
 10
0.5101118272758272
 20
0.5432403755979621
 42
1.0
 10
0.4385717952901235
 20
0.4398942245476099
 42
1.0
 10
0.3087228055820661
 20
0.4398942245476099
 42
1.0
 10
0.1828478853349667
 20
0.4398942245476099
 42
1.0
 10
0.112623500918248
 20
0.5485436560049023
 42
1.0
 10
0.112623500918248
 20
0.6651412263841059
 42
1.0
 97
        0
 75
     0
 76
     1
 98
        1
 10
0.0
 20
0.0
  0
HATCH
  5
79
330
75
100
AcDbEntity
  8
0
  6
Continuous
 62
     7
100
AcDbHatch
 10
0.0
 20
0.0
 30
0.0
210
0.0
220
0.0
230
1.0
  2
SOLID
 70
     1
 71
     0
 91
        2
 92
        0
 93
        2
 72
     4
 94
        3
 73
     1
 74
     0
 95
       11
 96
        7
 40
0.0
 40
0.0
 40
0.0
 40
0.0
 40
1.0
 40
1.0
 40
1.0
 40
2.0
 40
2.0
 40
2.0
 40
2.0
 10
0.6903012907188234
 20
0.6638120154381213
 42
1.0
 10
0.6903012907188234
 20
0.4769900606421989
 42
1.0
 10
0.8360533399592021
 20
0.3338964332937908
 42
1.0
 10
1.02155286549764
 20
0.3338964332937908
 42
1.0
 10
1.207052391036077
 20
0.3338964332937908
 42
1.0
 10
1.352790876899456
 20
0.4769900606421989
 42
1.0
 10
1.352790876899456
 20
0.6638120154381213
 42
1.0
 72
     4
 94
        3
 73
     1
 74
     0
 95
       11
 96
        7
 40
2.0
 40
2.0
 40
2.0
 40
2.0
 40
3.0
 40
3.0
 40
3.0
 40
4.0
 40
4.0
 40
4.0
 40
4.0
 10
1.352790876899456
 20
0.6638120154381213
 42
1.0
 10
1.352790876899456
 20
0.8506339702340435
 42
1.0
 10
1.207052391036077
 20
0.9937275975824519
 42
1.0
 10
1.02155286549764
 20
0.9937275975824519
 42
1.0
 10
0.8360533399592021
 20
0.9937275975824519
 42
1.0
 10
0.6903012907188234
 20
0.8506339702340435
 42
1.0
 10
0.6903012907188234
 20
0.6638120154381213
 42
1.0
 97
        0
 92
        0
 93
        2
 72
     4
 94
        3
 73
     1
 74
     0
 95
       11
 96
        7
 40
0.0
 40
0.0
 40
0.0
 40
0.0
 40
1.0
 40
1.0
 40
1.0
 40
2.0
 40
2.0
 40
2.0
 40
2.0
 10
1.233534884628282
 20
0.6638120154381213
 42
1.0
 10
1.233534884628282
 20
0.5472144450589176
 42
1.0
 10
1.139466083445829
 20
0.4478423634695211
 42
1.0
 10
1.02155286549764
 20
0.4478423634695211
 42
1.0
 10
0.9036193024839513
 20
0.4478423634695211
 42
1.0
 10
0.8095505013014982
 20
0.5472144450589176
 42
1.0
 10
0.8095505013014982
 20
0.6638120154381213
 42
1.0
 72
     4
 94
        3
 73
     1
 74
     0
 95
       11
 96
        7
 40
2.0
 40
2.0
 40
2.0
 40
2.0
 40
3.0
 40
3.0
 40
3.0
 40
4.0
 40
4.0
 40
4.0
 40
4.0
 10
0.8095505013014982
 20
0.6638120154381213
 42
1.0
 10
0.8095505013014982
 20
0.7817455784518099
 42
1.0
 10
0.9036193024839513
 20
0.8797816674067195
 42
1.0
 10
1.02155286549764
 20
0.8797816674067195
 42
1.0
 10
1.139466083445829
 20
0.8797816674067195
 42
1.0
 10
1.233534884628282
 20
0.7817455784518099
 42
1.0
 10
1.233534884628282
 20
0.6638120154381213
 42
1.0
 97
        0
 75
     0
 76
     1
 98
        1
 10
0.0
 20
0.0
  0
HATCH
  5
7A
330
75
100
AcDbEntity
  8
0
  6
Continuous
 62
     7
100
AcDbHatch
 10
0.0
 20
0.0
 30
0.0
210
0.0
220
0.0
230
1.0
  2
SOLID
 70
     1
 71
     0
 91
        1
 92
        0
 93
        4
 72
     1
 10
1.559462833934657
 20
0.3550959915445532
 11
1.559462833934657
 21
1.505182199181265
 72
     1
 10
1.559462833934657
 20
1.505182199181265
 11
1.440227186728985
 21
1.505182199181265
 72
     1
 10
1.440227186728985
 20
1.505182199181265
 11
1.440227186728985
 21
0.3550959915445533
 72
     1
 10
1.440227186728985
 20
0.3550959915445532
 11
1.559462833934657
 21
0.3550959915445532
 97
        0
 75
     0
 76
     1
 98
        1
 10
0.0
 20
0.0
  0
HATCH
  5
7B
330
75
100
AcDbEntity
  8
0
  6
Continuous
 62
     7
100
AcDbHatch
 10
0.0
 20
0.0
 30
0.0
210
0.0
220
0.0
230
1.0
  2
SOLID
 70
     1
 71
     0
 91
        2
 92
        0
 93
       16
 72
     4
 94
        3
 73
     1
 74
     0
 95
        8
 96
        4
 40
7.0
 40
7.0
 40
7.0
 40
7.0
 40
8.0
 40
8.0
 40
8.0
 40
8.0
 10
4.669497708222244
 20
0.4128963226130181
 42
1.0
 10
4.669497708222244
 20
0.3157757616056001
 42
1.0
 10
4.590491037198123
 20
0.2367555272044803
 42
1.0
 10
4.493363694502203
 20
0.2367555272044803
 42
1.0
 72
     1
 10
4.493363694502203
 20
0.2367555272044803
 11
2.356148472193468
 21
0.2367555272044803
 72
     4
 94
        3
 73
     1
 74
     0
 95
        8
 96
        4
 40
1.0
 40
1.0
 40
1.0
 40
1.0
 40
2.0
 40
2.0
 40
2.0
 40
2.0
 10
2.356148472193468
 20
0.2367555272044803
 42
1.0
 10
2.259021129497548
 20
0.2367555272044803
 42
1.0
 10
2.180007676784926
 20
0.3157757616056001
 42
1.0
 10
2.180007676784926
 20
0.4128963226130181
 42
1.0
 72
     1
 10
2.180007676784926
 20
0.4128963226130181
 11
2.180007676784926
 21
0.7805245459912091
 72
     1
 10
2.180007676784926
 20
0.7805245459912091
 11
1.778084126106727
 21
0.0000067816885048
 72
     1
 10
1.778084126106727
 20
0.0000067816885047
 11
1.642925074303231
 21
0.0000067816885047
 72
     1
 10
1.642925074303231
 20
0.0000067816885047
 11
1.886719994187018
 21
0.4610870011098764
 72
     1
 10
1.886719994187018
 20
0.4610870011098764
 11
1.603177598005171
 21
0.9751864612236587
 72
     1
 10
1.603177598005171
 20
0.9751864612236587
 11
1.742303937581126
 21
0.9751864612236587
 72
     1
 10
1.742303937581126
 20
0.9751864612236587
 11
1.951647879885297
 21
0.5816722043270341
 72
     1
 10
1.951647879885297
 20
0.5816722043270341
 11
2.14641119191463
 21
0.9751864612236587
 72
     1
 10
2.14641119191463
 20
0.9751864612236587
 11
2.192152738873563
 21
0.9751864612236587
 72
     4
 94
        3
 73
     1
 74
     0
 95
        8
 96
        4
 40
3.233464235279872
 40
3.233464235279872
 40
3.233464235279872
 40
3.233464235279872
 40
4.0
 40
4.0
 40
4.0
 40
4.0
 10
2.192152738873563
 20
0.9751864612236587
 42
1.0
 10
2.217888614934544
 20
1.040610355921931
 42
1.0
 10
2.281696890284817
 20
1.087036849636523
 42
1.0
 10
2.356148472193468
 20
1.087036849636523
 42
1.0
 72
     1
 10
2.356148472193468
 20
1.087036849636523
 11
4.493363694502203
 21
1.087036849636523
 72
     4
 94
        3
 73
     1
 74
     0
 95
        8
 96
        4
 40
5.0
 40
5.0
 40
5.0
 40
5.0
 40
6.0
 40
6.0
 40
6.0
 40
6.0
 10
4.493363694502203
 20
1.087036849636523
 42
1.0
 10
4.590491037198123
 20
1.087036849636523
 42
1.0
 10
4.669497708222244
 20
1.008023396923901
 42
1.0
 10
4.669497708222244
 20
0.9108960542279828
 42
1.0
 72
     1
 10
4.669497708222244
 20
0.9108960542279828
 11
4.669497708222244
 21
0.4128963226130181
 97
        0
 92
        0
 93
       10
 72
     1
 10
2.214778496450432
 20
0.9751864612236587
 11
2.280247814460641
 21
0.9751864612236587
 72
     1
 10
2.280247814460641
 20
0.9751864612236587
 11
2.200841023856319
 21
0.8209819848540669
 72
     1
 10
2.200841023856319
 20
0.8209819848540669
 11
2.200841023856319
 21
0.4128963226105641
 72
     4
 94
        3
 73
     1
 74
     0
 95
        8
 96
        4
 40
2.0
 40
2.0
 40
2.0
 40
2.0
 40
3.0
 40
3.0
 40
3.0
 40
3.0
 10
2.200841023856319
 20
0.4128963226105641
 42
1.0
 10
2.200841023856319
 20
0.3272571602335179
 42
1.0
 10
2.270509309816043
 20
0.2575888742737936
 42
1.0
 10
2.356148472193092
 20
0.2575888742737936
 42
1.0
 72
     1
 10
2.356148472193092
 20
0.2575888742737936
 11
4.493363694501826
 21
0.2575888742737936
 72
     4
 94
        3
 73
     1
 74
     0
 95
        8
 96
        4
 40
4.0
 40
4.0
 40
4.0
 40
4.0
 40
5.0
 40
5.0
 40
5.0
 40
5.0
 10
4.493363694501826
 20
0.2575888742737936
 42
1.0
 10
4.579002856878872
 20
0.2575888742737936
 42
1.0
 10
4.648664361150098
 20
0.3272571602335179
 42
1.0
 10
4.648664361150098
 20
0.4128963226105641
 42
1.0
 72
     1
 10
4.648664361150098
 20
0.4128963226105641
 11
4.648664361150098
 21
0.9108960542255288
 72
     4
 94
        3
 73
     1
 74
     0
 95
        8
 96
        4
 40
6.0
 40
6.0
 40
6.0
 40
6.0
 40
7.0
 40
7.0
 40
7.0
 40
7.0
 10
4.648664361150098
 20
0.9108960542255288
 42
1.0
 10
4.648664361150098
 20
0.9965352166025749
 42
1.0
 10
4.579002856878872
 20
1.066203502562299
 42
1.0
 10
4.493363694501826
 20
1.066203502562299
 42
1.0
 72
     1
 10
4.493363694501826
 20
1.066203502562299
 11
2.356148472193092
 21
1.066203502562299
 72
     4
 94
        3
 73
     1
 74
     0
 95
        8
 96
        4
 40
0.0
 40
0.0
 40
0.0
 40
0.0
 40
0.7324032287026929
 40
0.7324032287026929
 40
0.7324032287026929
 40
0.7324032287026929
 10
2.356148472193092
 20
1.066203502562299
 42
1.0
 10
2.293426073164747
 20
1.066203502562299
 42
1.0
 10
2.239270683655298
 20
1.028832424520856
 42
1.0
 10
2.214778496450432
 20
0.9751864612236587
 42
1.0
 97
        0
 75
     0
 76
     1
 98
        1
 10
0.0
 20
0.0
  0
HATCH
  5
7C
330
75
100
AcDbEntity
  8
0
  6
Continuous
 62
     7
100
AcDbHatch
 10
0.0
 20
0.0
 30
0.0
210
0.0
220
0.0
230
1.0
  2
SOLID
 70
     1
 71
     0
 91
        1
 92
        0
 93
       10
 72
     4
 94
        3
 73
     1
 74
     0
 95
        8
 96
        4
 40
8.0
 40
8.0
 40
8.0
 40
8.0
 40
9.0
 40
9.0
 40
9.0
 40
9.0
 10
2.806242356203293
 20
0.9049620768069379
 42
1.0
 10
2.74528853996597
 20
0.9566249797993646
 42
1.0
 10
2.672412515345782
 20
0.9804897416305967
 42
1.0
 10
2.592924344438164
 20
0.9804897416305967
 42
1.0
 72
     4
 94
        3
 73
     1
 74
     0
 95
        8
 96
        4
 40
7.0
 40
7.0
 40
7.0
 40
7.0
 40
8.0
 40
8.0
 40
8.0
 40
8.0
 10
2.592924344438164
 20
0.9804897416305967
 42
1.0
 10
2.412728099306669
 20
0.9804897416305967
 42
1.0
 10
2.277575829191671
 20
0.840027409420161
 42
1.0
 10
2.277575829191671
 20
0.662489586180637
 42
1.0
 72
     4
 94
        3
 73
     1
 74
     0
 95
        8
 96
        4
 40
6.0
 40
6.0
 40
6.0
 40
6.0
 40
7.0
 40
7.0
 40
7.0
 40
7.0
 10
2.277575829191671
 20
0.662489586180637
 42
1.0
 10
2.277575829191671
 20
0.4836089886181254
 42
1.0
 10
2.410076459103197
 20
0.3418445722157019
 42
1.0
 10
2.591588351803682
 20
0.3418445722157019
 42
1.0
 72
     4
 94
        3
 73
     1
 74
     0
 95
        8
 96
        4
 40
5.0
 40
5.0
 40
5.0
 40
5.0
 40
6.0
 40
6.0
 40
6.0
 40
6.0
 10
2.591588351803682
 20
0.3418445722157019
 42
1.0
 10
2.673741726291765
 20
0.3418445722157019
 42
1.0
 10
2.751921031318897
 20
0.3723214803343623
 42
1.0
 10
2.814190495125204
 20
0.4266428052187562
 42
1.0
 72
     1
 10
2.814190495125204
 20
0.4266428052187566
 11
2.814190495125204
 21
0.5074601870723587
 72
     4
 94
        3
 73
     1
 74
     0
 95
        8
 96
        4
 40
3.0
 40
3.0
 40
3.0
 40
3.0
 40
4.0
 40
4.0
 40
4.0
 40
4.0
 10
2.814190495125204
 20
0.5074601870723591
 42
1.0
 10
2.758539959294824
 20
0.4398874428591095
 42
1.0
 10
2.676386584806738
 20
0.3975018897345807
 42
1.0
 10
2.58893671160021
 20
0.3975018897345807
 42
1.0
 72
     4
 94
        3
 73
     1
 74
     0
 95
        8
 96
        4
 40
2.0
 40
2.0
 40
2.0
 40
2.0
 40
3.0
 40
3.0
 40
3.0
 40
3.0
 10
2.58893671160021
 20
0.3975018897345807
 42
1.0
 10
2.444520654994315
 20
0.3975018897345807
 42
1.0
 10
2.33720043448301
 20
0.5233768099816823
 42
1.0
 10
2.33720043448301
 20
0.662489586180637
 42
1.0
 72
     4
 94
        3
 73
     1
 74
     0
 95
        8
 96
        4
 40
1.0
 40
1.0
 40
1.0
 40
1.0
 40
2.0
 40
2.0
 40
2.0
 40
2.0
 10
2.33720043448301
 20
0.662489586180637
 42
1.0
 10
2.33720043448301
 20
0.8016159257565877
 42
1.0
 10
2.4458566476288
 20
0.92483242411172
 42
1.0
 10
2.590272704234695
 20
0.92483242411172
 42
1.0
 72
     4
 94
        3
 73
     1
 74
     0
 95
        8
 96
        4
 40
0.0
 40
0.0
 40
0.0
 40
0.0
 40
1.0
 40
1.0
 40
1.0
 40
1.0
 10
2.590272704234695
 20
0.92483242411172
 42
1.0
 10
2.677715795752723
 20
0.92483242411172
 42
1.0
 10
2.747946961857941
 20
0.8890590172746152
 42
1.0
 10
2.806242356203293
 20
0.825460342522321
 42
1.0
 72
     1
 10
2.806242356203294
 20
0.825460342522321
 11
2.806242356203294
 21
0.9049620768069375
 97
        0
 75
     0
 76
     1
 98
        1
 10
0.0
 20
0.0
  0
HATCH
  5
7D
330
75
100
AcDbEntity
  8
0
  6
Continuous
 62
     7
100
AcDbHatch
 10
0.0
 20
0.0
 30
0.0
210
0.0
220
0.0
230
1.0
  2
SOLID
 70
     1
 71
     0
 91
        2
 92
        0
 93
        8
 72
     4
 94
        3
 73
     1
 74
     0
 95
        8
 96
        4
 40
6.0
 40
6.0
 40
6.0
 40
6.0
 40
7.0
 40
7.0
 40
7.0
 40
7.0
 10
4.553856355879857
 20
0.6558638765162103
 42
1.0
 10
4.555172003448844
 20
0.8320792704982497
 42
1.0
 10
4.445200142734066
 20
0.9804897416305967
 42
1.0
 10
4.259707398884129
 20
0.9804897416305967
 42
1.0
 72
     4
 94
        3
 73
     1
 74
     0
 95
        8
 96
        4
 40
5.0
 40
5.0
 40
5.0
 40
5.0
 40
6.0
 40
6.0
 40
6.0
 40
6.0
 10
4.259707398884129
 20
0.9804897416305967
 42
1.0
 10
4.080833583010119
 20
0.9804897416305967
 42
1.0
 10
3.96291358337343
 20
0.8334016997557342
 42
1.0
 10
3.96291358337343
 20
0.6624828044921344
 42
1.0
 72
     4
 94
        3
 73
     1
 74
     0
 95
        8
 96
        4
 40
4.0
 40
4.0
 40
4.0
 40
4.0
 40
5.0
 40
5.0
 40
5.0
 40
5.0
 10
3.96291358337343
 20
0.6624828044921344
 42
1.0
 10
3.96291358337343
 20
0.4889190507135638
 42
1.0
 10
4.078188724495146
 20
0.3418445722157019
 42
1.0
 10
4.259707398884129
 20
0.3418445722157019
 42
1.0
 72
     4
 94
        3
 73
     1
 74
     0
 95
        8
 96
        4
 40
3.0
 40
3.0
 40
3.0
 40
3.0
 40
4.0
 40
4.0
 40
4.0
 40
4.0
 10
4.259707398884129
 20
0.3418445722157019
 42
1.0
 10
4.380285820412789
 20
0.3418445722157019
 42
1.0
 10
4.4783083459907
 20
0.4014691775070382
 42
1.0
 10
4.533972445198079
 20
0.5074737504493597
 42
1.0
 72
     1
 10
4.533972445198079
 20
0.5074737504493593
 11
4.48362518977464
 21
0.5366078842450346
 72
     4
 94
        3
 73
     1
 74
     0
 95
        8
 96
        4
 40
1.0
 40
1.0
 40
1.0
 40
1.0
 40
2.0
 40
2.0
 40
2.0
 40
2.0
 10
4.48362518977464
 20
0.5366078842450349
 42
1.0
 10
4.439896862327127
 20
0.4544748548224481
 42
1.0
 10
4.36306033162298
 20
0.3975018897345807
 42
1.0
 10
4.26765553780604
 20
0.3975018897345807
 42
1.0
 72
     4
 94
        3
 73
     1
 74
     0
 95
        8
 96
        4
 40
0.0
 40
0.0
 40
0.0
 40
0.0
 40
1.0
 40
1.0
 40
1.0
 40
1.0
 10
4.26765553780604
 20
0.3975018897345807
 42
1.0
 10
4.125877558026619
 20
0.3975018897345807
 42
1.0
 10
4.018564119203811
 20
0.500848040784933
 42
1.0
 10
4.022538188664766
 20
0.6558638765162103
 42
1.0
 72
     1
 10
4.022538188664766
 20
0.6558638765162103
 11
4.553856355879858
 21
0.6558638765162103
 97
        0
 92
        0
 93
        3
 72
     4
 94
        3
 73
     1
 74
     0
 95
        8
 96
        4
 40
1.0
 40
1.0
 40
1.0
 40
1.0
 40
2.0
 40
2.0
 40
2.0
 40
2.0
 10
4.022538188664766
 20
0.7115144123465909
 42
1.0
 10
4.033131186101649
 20
0.826789553468308
 42
1.0
 10
4.136484118840499
 20
0.92483242411172
 42
1.0
 10
4.261036609830116
 20
0.92483242411172
 42
1.0
 72
     4
 94
        3
 73
     1
 74
     0
 95
        8
 96
        4
 40
0.0
 40
0.0
 40
0.0
 40
0.0
 40
1.0
 40
1.0
 40
1.0
 40
1.0
 10
4.261036609830116
 20
0.92483242411172
 42
1.0
 10
4.386891185011714
 20
0.92483242411172
 42
1.0
 10
4.479651120313685
 20
0.8241379132648368
 42
1.0
 10
4.494231750588521
 20
0.7115144123465909
 42
1.0
 72
     1
 10
4.494231750588521
 20
0.7115144123465911
 11
4.022538188664766
 21
0.7115144123465911
 97
        0
 75
     0
 76
     1
 98
        1
 10
0.0
 20
0.0
  0
HATCH
  5
7E
330
75
100
AcDbEntity
  8
0
  6
Continuous
 62
     7
100
AcDbHatch
 10
0.0
 20
0.0
 30
0.0
210
0.0
220
0.0
230
1.0
  2
SOLID
 70
     1
 71
     0
 91
        2
 92
        0
 93
       11
 72
     4
 94
        3
 73
     1
 74
     0
 95
        8
 96
        4
 40
6.0
 40
6.0
 40
6.0
 40
6.0
 40
7.0
 40
7.0
 40
7.0
 40
7.0
 10
3.39186828492578
 20
0.8612405310479239
 42
1.0
 10
3.340191818556355
 20
0.9380838434405692
 42
1.0
 10
3.250090305146355
 20
0.9804897416305967
 42
1.0
 10
3.156014722275403
 20
0.9804897416305967
 42
1.0
 72
     4
 94
        3
 73
     1
 74
     0
 95
        8
 96
        4
 40
5.0
 40
5.0
 40
5.0
 40
5.0
 40
6.0
 40
6.0
 40
6.0
 40
6.0
 10
3.156014722275403
 20
0.9804897416305967
 42
1.0
 10
2.971851189371451
 20
0.9804897416305967
 42
1.0
 10
2.856576048249733
 20
0.8440014788811165
 42
1.0
 10
2.856576048249733
 20
0.6651412263841059
 42
1.0
 72
     4
 94
        3
 73
     1
 74
     0
 95
        8
 96
        4
 40
4.0
 40
4.0
 40
4.0
 40
4.0
 40
5.0
 40
5.0
 40
5.0
 40
5.0
 10
2.856576048249733
 20
0.6651412263841059
 42
1.0
 10
2.856576048249733
 20
0.4862674105100947
 42
1.0
 10
2.973180400317437
 20
0.3418513539042001
 42
1.0
 10
3.158673144167372
 20
0.3418513539042001
 42
1.0
 72
     4
 94
        3
 73
     1
 74
     0
 95
        8
 96
        4
 40
3.0
 40
3.0
 40
3.0
 40
3.0
 40
4.0
 40
4.0
 40
4.0
 40
4.0
 10
3.158673144167372
 20
0.3418513539042001
 42
1.0
 10
3.248761094200371
 20
0.3418513539042001
 42
1.0
 10
3.346810746532283
 20
0.3868885472322
 42
1.0
 10
3.39186828492578
 20
0.4650746339478304
 42
1.0
 72
     1
 10
3.39186828492578
 20
0.4650746339478304
 11
3.394513143440751
 21
0.4650746339478304
 72
     1
 10
3.394513143440751
 20
0.4650746339478304
 11
3.394513143440751
 21
0.3551027732330534
 72
     1
 10
3.394513143440751
 20
0.3551027732330534
 11
3.454137748732089
 21
0.3551027732330534
 72
     1
 10
3.454137748732089
 20
0.3551027732330534
 11
3.454137748732089
 21
0.9672247589247446
 72
     1
 10
3.454137748732089
 20
0.9672247589247446
 11
3.394513143440751
 21
0.9672247589247439
 72
     1
 10
3.394513143440751
 20
0.9672247589247439
 11
3.394513143440751
 21
0.8612405310479242
 72
     1
 10
3.394513143440751
 20
0.8612405310479242
 11
3.39186828492578
 21
0.8612405310479242
 97
        0
 92
        0
 93
        2
 72
     4
 94
        3
 73
     1
 74
     0
 95
       11
 96
        7
 40
0.0
 40
0.0
 40
0.0
 40
0.0
 40
1.0
 40
1.0
 40
1.0
 40
2.0
 40
2.0
 40
2.0
 40
2.0
 10
3.398487212901708
 20
0.6717669360485328
 42
1.0
 10
3.398487212901708
 20
0.5246992392391668
 42
1.0
 10
3.31368897989865
 20
0.3974883263575824
 42
1.0
 10
3.15734393322139
 20
0.3974883263575824
 42
1.0
 10
3.00894702546604
 20
0.3974883263575824
 42
1.0
 10
2.916200653541069
 20
0.5246992392391668
 42
1.0
 10
2.916200653541069
 20
0.6651412263841059
 42
1.0
 72
     4
 94
        3
 73
     1
 74
     0
 95
       11
 96
        7
 40
2.0
 40
2.0
 40
2.0
 40
2.0
 40
3.0
 40
3.0
 40
3.0
 40
4.0
 40
4.0
 40
4.0
 40
4.0
 10
2.916200653541069
 20
0.6651412263841059
 42
1.0
 10
2.916200653541069
 20
0.7976418562956321
 42
1.0
 10
3.012921094926995
 20
0.9248392058002161
 42
1.0
 10
3.153369863760434
 20
0.9248392058002161
 42
1.0
 10
3.30176677151578
 20
0.9248392058002161
 42
1.0
 10
3.398487212901708
 20
0.8135449158279571
 42
1.0
 10
3.398487212901708
 20
0.6717669360485328
 42
1.0
 97
        0
 75
     0
 76
     1
 98
        1
 10
0.0
 20
0.0
  0
HATCH
  5
7F
330
75
100
AcDbEntity
  8
0
  6
Continuous
 62
     7
100
AcDbHatch
 10
0.0
 20
0.0
 30
0.0
210
0.0
220
0.0
230
1.0
  2
SOLID
 70
     1
 71
     0
 91
        1
 92
        0
 93
       13
 72
     4
 94
        3
 73
     1
 74
     0
 95
        8
 96
        4
 40
11.0
 40
11.0
 40
11.0
 40
11.0
 40
12.0
 40
12.0
 40
12.0
 40
12.0
 10
3.731047653561008
 20
0.9804761782535983
 42
1.0
 10
3.793317117367315
 20
0.9804761782535983
 42
1.0
 10
3.860889861580564
 20
0.939413054386554
 42
1.0
 10
3.887392700238272
 20
0.8824400892986889
 42
1.0
 72
     1
 10
3.887392700238272
 20
0.8824400892986889
 11
3.835716233868847
 21
0.8559372506409839
 72
     4
 94
        3
 73
     1
 74
     0
 95
        8
 96
        4
 40
0.0
 40
0.0
 40
0.0
 40
0.0
 40
1.0
 40
1.0
 40
1.0
 40
1.0
 10
3.835716233868847
 20
0.8559372506409839
 42
1.0
 10
3.815845886564064
 20
0.8983431488310136
 42
1.0
 10
3.776091628577508
 20
0.9248256424232175
 42
1.0
 10
3.728402795046039
 20
0.9248256424232175
 42
1.0
 72
     4
 94
        3
 73
     1
 74
     0
 95
        8
 96
        4
 40
1.0
 40
1.0
 40
1.0
 40
1.0
 40
2.0
 40
2.0
 40
2.0
 40
2.0
 10
3.728402795046039
 20
0.9248256424232175
 42
1.0
 10
3.676726328676614
 20
0.9248256424232175
 42
1.0
 10
3.623720651361202
 20
0.8824400892986889
 42
1.0
 10
3.623720651361202
 20
0.8294344119832789
 42
1.0
 72
     4
 94
        3
 73
     1
 74
     0
 95
        8
 96
        4
 40
2.0
 40
2.0
 40
2.0
 40
2.0
 40
3.0
 40
3.0
 40
3.0
 40
3.0
 10
3.623720651361202
 20
0.8294344119832789
 42
1.0
 10
3.623720651361202
 20
0.6823667151739151
 42
1.0
 10
3.921843677817888
 20
0.7539135288481181
 42
1.0
 10
3.921843677817888
 20
0.532647378161078
 42
1.0
 72
     4
 94
        3
 73
     1
 74
     0
 95
        8
 96
        4
 40
3.0
 40
3.0
 40
3.0
 40
3.0
 40
4.0
 40
4.0
 40
4.0
 40
4.0
 10
3.921843677817888
 20
0.532647378161078
 42
1.0
 10
3.921843677817888
 20
0.4200238772428321
 42
1.0
 10
3.834400586299858
 20
0.3418377905272016
 42
1.0
 10
3.724428725585084
 20
0.3418377905272016
 42
1.0
 72
     4
 94
        3
 73
     1
 74
     0
 95
        8
 96
        4
 40
4.0
 40
4.0
 40
4.0
 40
4.0
 40
5.0
 40
5.0
 40
5.0
 40
5.0
 10
3.724428725585084
 20
0.3418377905272016
 42
1.0
 10
3.622405003792218
 20
0.3418377905272016
 42
1.0
 10
3.538922418358145
 20
0.4041208177105095
 42
1.0
 10
3.513748790646427
 20
0.5034928992999018
 42
1.0
 72
     1
 10
3.513748790646427
 20
0.5034928992999018
 11
3.572057748368775
 21
0.5220340356586971
 72
     4
 94
        3
 73
     1
 74
     0
 95
        8
 96
        4
 40
6.0
 40
6.0
 40
6.0
 40
6.0
 40
7.0
 40
7.0
 40
7.0
 40
7.0
 10
3.572057748368775
 20
0.5220340356586971
 42
1.0
 10
3.594572954188526
 20
0.4491715744155079
 42
1.0
 10
3.64360456204298
 20
0.3974951080460827
 42
1.0
 10
3.724428725585084
 20
0.3974951080460827
 42
1.0
 72
     4
 94
        3
 73
     1
 74
     0
 95
        8
 96
        4
 40
7.0
 40
7.0
 40
7.0
 40
7.0
 40
8.0
 40
8.0
 40
8.0
 40
8.0
 10
3.724428725585084
 20
0.3974951080460827
 42
1.0
 10
3.801265256289228
 20
0.3974951080460827
 42
1.0
 10
3.862219072526549
 20
0.4584353609064052
 42
1.0
 10
3.862219072526549
 20
0.5352990183645492
 42
1.0
 72
     4
 94
        3
 73
     1
 74
     0
 95
        8
 96
        4
 40
8.0
 40
8.0
 40
8.0
 40
8.0
 40
9.0
 40
9.0
 40
9.0
 40
9.0
 10
3.862219072526549
 20
0.5352990183645492
 42
1.0
 10
3.862219072526549
 20
0.6108131198112096
 42
1.0
 10
3.803923678181198
 20
0.6346575365769451
 42
1.0
 10
3.742969861943874
 20
0.6558706582047084
 42
1.0
 72
     4
 94
        3
 73
     1
 74
     0
 95
        8
 96
        4
 40
9.0
 40
9.0
 40
9.0
 40
9.0
 40
10.0
 40
10.0
 40
10.0
 40
10.0
 10
3.742969861943874
 20
0.6558706582047084
 42
1.0
 10
3.659487276509804
 20
0.6863407846348707
 42
1.0
 10
3.564096046069865
 20
0.7221209731604715
 42
1.0
 10
3.564096046069865
 20
0.8254671242108237
 42
1.0
 72
     4
 94
        3
 73
     1
 74
     0
 95
        8
 96
        4
 40
10.0
 40
10.0
 40
10.0
 40
10.0
 40
11.0
 40
11.0
 40
11.0
 40
11.0
 10
3.564096046069865
 20
0.8254671242108237
 42
1.0
 10
3.564096046069865
 20
0.9181999327587907
 42
1.0
 10
3.642275351096996
 20
0.9804761782535983
 42
1.0
 10
3.731047653561008
 20
0.9804761782535983
 42
1.0
 97
        0
 75
     0
 76
     1
 98
        1
 10
0.0
 20
0.0
  0
ENDBLK
  5
77
330
75
100
AcDbEntity
  8
0
100
AcDbBlockEnd
  0
BLOCK
  5
81
330
80
100
AcDbEntity
  8
0
100
AcDbBlockBegin
  2
ThirdAngleProjectionBlock
 70
     0
 10
0.0
 20
0.0
 30
0.0
  3
ThirdAngleProjectionBlock
  1

  0
CIRCLE
  5
83
330
80
100
AcDbEntity
  8
0
  6
Continuous
 62
     7
370
    18
100
AcDbCircle
 10
0.2753626056746478
 20
0.2532370793993196
 30
0.0
 40
0.2056762637640708
  0
CIRCLE
  5
84
330
80
100
AcDbEntity
  8
0
  6
Continuous
 62
     7
370
    18
100
AcDbCircle
 10
0.2753626056746478
 20
0.2532370793993196
 30
0.0
 40
0.078850638039724
  0
LINE
  5
85
330
80
100
AcDbEntity
  8
0
  6
CENTERX2
 62
     7
370
    18
100
AcDbLine
 10
-0.0000000000000486
 20
0.2532370793993196
 30
0.0
 11
1.20158167242649
 21
0.2532370793993196
 31
0.0
  0
LINE
  5
86
330
80
100
AcDbEntity
  8
0
  6
Continuous
 62
     7
370
    18
100
AcDbLine
 10
0.6323060399192184
 20
0.3320877174390437
 30
0.0
 11
0.6323060399192184
 21
0.1743864413595968
 31
0.0
  0
LINE
  5
87
330
80
100
AcDbEntity
  8
0
  6
Continuous
 62
     7
370
    18
100
AcDbLine
 10
1.130368390085263
 20
0.4589133431633906
 30
0.0
 11
1.130368390085263
 21
0.0475608156352483
 31
0.0
  0
LINE
  5
88
330
80
100
AcDbEntity
  8
0
  6
Continuous
 62
     7
370
    18
100
AcDbLine
 10
0.6323060399192184
 20
0.3320877174390437
 30
0.0
 11
1.130368390085263
 21
0.4589133431633906
 31
0.0
  0
LINE
  5
89
330
80
100
AcDbEntity
  8
0
  6
Continuous
 62
     7
370
    18
100
AcDbLine
 10
0.6323060399192184
 20
0.1743864413595968
 30
0.0
 11
1.130368390085263
 21
0.0475608156352483
 31
0.0
  0
LINE
  5
8A
330
80
100
AcDbEntity
  8
0
  6
CENTERX2
 62
     7
370
    18
100
AcDbLine
 10
0.2753626056746424
 20
0.506474158798637
 30
0.0
 11
0.2753626056746478
 21
0.0
 31
0.0
  0
ENDBLK
  5
82
330
80
100
AcDbEntity
  8
0
100
AcDbBlockEnd
  0
BLOCK
  5
8C
330
8B
100
AcDbEntity
  8
0
100
AcDbBlockBegin
  2
POLYCASE LOGO
 70
     0
 10
0.0
 20
0.0
 30
0.0
  3
POLYCASE LOGO
  1

  0
INSERT
  5
94
330
8B
100
AcDbEntity
  8
0
  6
Continuous
 62
     7
370
     0
100
AcDbBlockReference
  2
SW_NOTE_0
 10
0.8348813484958155
 20
-0.5643772423080233
 30
0.0
  0
INSERT
  5
95
330
8B
100
AcDbEntity
  8
0
  6
Continuous
 62
     7
100
AcDbBlockReference
  2
Block2
 10
0.1014584241040238
 20
-0.5714183844601745
 30
0.0
 41
0.37
 42
0.37
 43
0.37
  0
ENDBLK
  5
8D
330
8B
100
AcDbEntity
  8
0
100
AcDbBlockEnd
  0
BLOCK
  5
8F
330
8E
100
AcDbEntity
  8
0
100
AcDbBlockBegin
  2
SW_NOTE_0
 70
     0
 10
0.0
 20
0.0
 30
0.0
  3
SW_NOTE_0
  1

  0
MTEXT
  5
92
330
8E
100
AcDbEntity
  8
0
  6
Continuous
 62
     0
370
     0
100
AcDbMText
 10
0.7423006947865046
 20
0.0708987256874581
 30
0.0
 40
0.055
 41
0.0
 71
     2
 72
     1
  1
1305 CHESTER IND. PARKWAY AVON, OHIO 44011-1083 U.S.A.
  7
SLDTEXTSTYLE0
 73
     1
 44
1.0
  0
MTEXT
  5
93
330
8E
100
AcDbEntity
  8
0
  6
Continuous
 62
     0
370
     0
100
AcDbMText
 10
0.756426242660403
 20
-0.000219330250691
 30
0.0
 40
0.055
 41
0.0
 71
     2
 72
     1
  1
PH#: 1-800-248-1233, 440-934-0444 FAX#: 440-934-0088
  7
SLDTEXTSTYLE0
 73
     1
 44
1.0
  0
ENDBLK
  5
90
330
8E
100
AcDbEntity
  8
0
100
AcDbBlockEnd
  0
BLOCK
  5
F7
330
F6
100
AcDbEntity
  8
0
100
AcDbBlockBegin
  2
SW_NOTE_1
 70
     0
 10
0.0
 20
0.0
 30
0.0
  3
SW_NOTE_1
  1

  0
MTEXT
  5
F9
330
F6
100
AcDbEntity
  8
0
  6
Continuous
 62
     0
370
     0
100
AcDbMText
 10
0.5671875
 20
0.0773440643863179
 30
0.0
 40
0.06
 41
0.0
 71
     2
 72
     1
  1
UNLESS OTHERWISE SPECIFIED:
  7
SLDTEXTSTYLE1
 73
     1
 44
1.0
  0
MTEXT
  5
FA
330
F6
100
AcDbEntity
  8
0
  6
Continuous
 62
     0
370
     0
100
AcDbMText
 10
0.5647864241698598
 20
-0.0220260101821011
 30
0.0
 40
0.06
 41
0.0
 71
     2
 72
     1
  1
DIMENSIONS ARE IN: INCHES[mm]
  7
SLDTEXTSTYLE1
 73
     1
 44
1.0
  0
MTEXT
  5
FB
330
F6
100
AcDbEntity
  8
0
  6
Continuous
 62
     0
370
     0
100
AcDbMText
 10
0.4700208953445362
 20
-0.1213960847505201
 30
0.0
 40
0.06
 41
0.0
 71
     2
 72
     1
  1
TOLERANCES: ANGULAR:
  7
SLDTEXTSTYLE1
 73
     1
 44
1.0
  0
MTEXT
  5
FC
330
F6
100
AcDbEntity
  8
0
  6
Continuous
 62
     0
370
     0
100
AcDbMText
 10
0.9859375611041471
 20
-0.1213960847505201
 30
0.0
 40
0.06
 41
0.0
 71
     2
 72
     1
  1
%%p
  7
SLDTEXTSTYLE1
 73
     1
 44
1.0
  0
MTEXT
  5
FD
330
F6
100
AcDbEntity
  8
0
  6
Continuous
 62
     0
370
     0
100
AcDbMText
 10
1.037462547569294
 20
-0.1213960767297794
 30
0.0
 40
0.06
 41
0.0
 71
     2
 72
     1
  1
2
  7
SLDTEXTSTYLE1
 73
     1
 44
1.0
  0
MTEXT
  5
FE
330
F6
100
AcDbEntity
  8
0
  6
Continuous
 62
     0
370
     0
100
AcDbMText
 10
1.07737925646108
 20
-0.1213960847505201
 30
0.0
 40
0.06
 41
0.0
 71
     2
 72
     1
  1
%%d
  7
SLDTEXTSTYLE1
 73
     1
 44
1.0
  0
MTEXT
  5
FF
330
F6
100
AcDbEntity
  8
0
  6
Continuous
 62
     0
370
     0
100
AcDbMText
 10
0.4384250646618414
 20
-0.2207661593189391
 30
0.0
 40
0.06
 41
0.0
 71
     2
 72
     1
  1
TWO PLACE DECIMAL:
  7
SLDTEXTSTYLE1
 73
     1
 44
1.0
  0
MTEXT
  5
100
330
F6
100
AcDbEntity
  8
0
  6
Continuous
 62
     0
370
     0
100
AcDbMText
 10
0.9066125641399478
 20
-0.2207661593189391
 30
0.0
 40
0.06
 41
0.0
 71
     2
 72
     1
  1
%%p
  7
SLDTEXTSTYLE1
 73
     1
 44
1.0
  0
MTEXT
  5
101
330
F6
100
AcDbEntity
  8
0
  6
Continuous
 62
     0
370
     0
100
AcDbMText
 10
1.011575050605094
 20
-0.2207661512981984
 30
0.0
 40
0.06
 41
0.0
 71
     2
 72
     1
  1
.010
  7
SLDTEXTSTYLE1
 73
     1
 44
1.0
  0
MTEXT
  5
102
330
F6
100
AcDbEntity
  8
0
  6
Continuous
 62
     0
370
     0
100
AcDbMText
 10
0.4380552671955336
 20
-0.3201362338873581
 30
0.0
 40
0.06
 41
0.0
 71
     2
 72
     1
  1
THREE PLACE DECIMAL:
  7
SLDTEXTSTYLE1
 73
     1
 44
1.0
  0
MTEXT
  5
103
330
F6
100
AcDbEntity
  8
0
  6
Continuous
 62
     0
370
     0
100
AcDbMText
 10
0.9247531879112474
 20
-0.3201362338873581
 30
0.0
 40
0.06
 41
0.0
 71
     2
 72
     1
  1
%%p
  7
SLDTEXTSTYLE1
 73
     1
 44
1.0
  0
MTEXT
  5
104
330
F6
100
AcDbEntity
  8
0
  6
Continuous
 62
     0
370
     0
100
AcDbMText
 10
1.029715674376394
 20
-0.3201362258666174
 30
0.0
 40
0.06
 41
0.0
 71
     2
 72
     1
  1
.005
  7
SLDTEXTSTYLE1
 73
     1
 44
1.0
  0
MTEXT
  5
105
330
F6
100
AcDbEntity
  8
0
  6
Continuous
 62
     0
370
     0
100
AcDbMText
 10
0.444320834206315
 20
-0.4195063084557771
 30
0.0
 40
0.06
 41
0.0
 71
     2
 72
     1
  1
PRINTED GRAPHICS:
  7
SLDTEXTSTYLE1
 73
     1
 44
1.0
  0
MTEXT
  5
106
330
F6
100
AcDbEntity
  8
0
  6
Continuous
 62
     0
370
     0
100
AcDbMText
 10
0.8566541479305017
 20
-0.4195063084557771
 30
0.0
 40
0.06
 41
0.0
 71
     2
 72
     1
  1
%%p
  7
SLDTEXTSTYLE1
 73
     1
 44
1.0
  0
MTEXT
  5
107
330
F6
100
AcDbEntity
  8
0
  6
Continuous
 62
     0
370
     0
100
AcDbMText
 10
0.9616166343956478
 20
-0.4195063004350364
 30
0.0
 40
0.06
 41
0.0
 71
     2
 72
     1
  1
.010
  7
SLDTEXTSTYLE1
 73
     1
 44
1.0
  0
ENDBLK
  5
F8
330
F6
100
AcDbEntity
  8
0
100
AcDbBlockEnd
  0
BLOCK
  5
10A
330
109
100
AcDbEntity
  8
0
100
AcDbBlockBegin
  2
SW_NOTE_2
 70
     0
 10
0.0
 20
0.0
 30
0.0
  3
SW_NOTE_2
  1

  0
MTEXT
  5
10C
330
109
100
AcDbEntity
  8
0
  6
Continuous
 62
     0
370
     0
100
AcDbMText
 10
0.5826562499999995
 20
0.0708987256874581
 30
0.0
 40
0.055
 41
0.0
 71
     2
 72
     1
  1
PROPRIETARY AND CONFIDENTIAL
  7
SLDTEXTSTYLE1
 73
     1
 44
1.0
  0
MTEXT
  5
10D
330
109
100
AcDbEntity
  8
0
  6
Continuous
 62
     0
370
     0
100
AcDbMText
 10
0.5891730763147189
 20
-0.0234713566412979
 30
0.0
 40
0.055
 41
0.0
 71
     2
 72
     1
  1
THE INFORMATION CONTAINED IN THIS
  7
SLDTEXTSTYLE1
 73
     1
 44
1.0
  0
MTEXT
  5
10E
330
109
100
AcDbEntity
  8
0
  6
Continuous
 62
     0
370
     0
100
AcDbMText
 10
0.5874543860226171
 20
-0.117841438970054
 30
0.0
 40
0.055
 41
0.0
 71
     2
 72
     1
  1
DRAWING IS THE SOLE PROPERTY OF
  7
SLDTEXTSTYLE1
 73
     1
 44
1.0
  0
MTEXT
  5
10F
330
109
100
AcDbEntity
  8
0
  6
Continuous
 62
     0
370
     0
100
AcDbMText
 10
0.5831575313163553
 20
-0.21221152129881
 30
0.0
 40
0.055
 41
0.0
 71
     2
 72
     1
  1
POLYCASE.  ANY REPRODUCTION IN PART
  7
SLDTEXTSTYLE1
 73
     1
 44
1.0
  0
MTEXT
  5
110
330
109
100
AcDbEntity
  8
0
  6
Continuous
 62
     0
370
     0
100
AcDbMText
 10
0.5873780329936128
 20
-0.306581603627566
 30
0.0
 40
0.055
 41
0.0
 71
     2
 72
     1
  1
OR AS A WHOLE WITHOUT THE WRITTEN
  7
SLDTEXTSTYLE1
 73
     1
 44
1.0
  0
MTEXT
  5
111
330
109
100
AcDbEntity
  8
0
  6
Continuous
 62
     0
370
     0
100
AcDbMText
 10
0.5922573992375308
 20
-0.4009516859563221
 30
0.0
 40
0.055
 41
0.0
 71
     2
 72
     1
  1
PERMISSION OF POLYCASE IS PROHIBITED.
  7
SLDTEXTSTYLE1
 73
     1
 44
1.0
  0
ENDBLK
  5
10B
330
109
100
AcDbEntity
  8
0
100
AcDbBlockEnd
  0
BLOCK
  5
124
330
123
100
AcDbEntity
  8
0
100
AcDbBlockBegin
  2
SW_TABLEANNOTATION_0
 70
     0
 10
0.0
 20
0.0
 30
0.0
  3
SW_TABLEANNOTATION_0
  1

  0
LINE
  5
126
330
123
100
AcDbEntity
  8
SLD-0
 62
     0
100
AcDbLine
 10
0.0
 20
0.0
 30
0.0
 11
0.0
 21
-0.2541219930094419
 31
0.0
  0
LINE
  5
127
330
123
100
AcDbEntity
  8
SLD-0
 62
     0
100
AcDbLine
 10
0.0
 20
-0.2541219930094419
 30
0.0
 11
4.475094193522634
 21
-0.2541219930094419
 31
0.0
  0
LINE
  5
128
330
123
100
AcDbEntity
  8
SLD-0
 62
     0
100
AcDbLine
 10
4.475094193522634
 20
-0.2541219930094419
 30
0.0
 11
4.475094193522634
 21
0.0
 31
0.0
  0
LINE
  5
129
330
123
100
AcDbEntity
  8
SLD-0
 62
     0
100
AcDbLine
 10
4.475094193522634
 20
0.0
 30
0.0
 11
0.0
 21
0.0
 31
0.0
  0
LINE
  5
12A
330
123
100
AcDbEntity
  8
SLD-0
 62
     0
100
AcDbLine
 10
0.2775347627875386
 20
0.0
 30
0.0
 11
0.2775347627875386
 21
-0.1244650961546348
 31
0.0
  0
LINE
  5
12B
330
123
100
AcDbEntity
  8
SLD-0
 62
     0
100
AcDbLine
 10
2.677338743726855
 20
0.0
 30
0.0
 11
2.677338743726855
 21
-0.1244650961546348
 31
0.0
  0
LINE
  5
12C
330
123
100
AcDbEntity
  8
SLD-0
 62
     0
100
AcDbLine
 10
3.015266042361044
 20
0.0
 30
0.0
 11
3.015266042361044
 21
-0.1244650961546348
 31
0.0
  0
LINE
  5
12D
330
123
100
AcDbEntity
  8
SLD-0
 62
     0
100
AcDbLine
 10
3.38812973852751
 20
0.0
 30
0.0
 11
3.38812973852751
 21
-0.1244650961546348
 31
0.0
  0
LINE
  5
12E
330
123
100
AcDbEntity
  8
SLD-0
 62
     0
100
AcDbLine
 10
3.815664488502395
 20
0.0
 30
0.0
 11
3.815664488502395
 21
-0.1244650961546348
 31
0.0
  0
LINE
  5
12F
330
123
100
AcDbEntity
  8
SLD-0
 62
     0
100
AcDbLine
 10
0.0000000000000011
 20
-0.1244650961546348
 30
0.0
 11
4.475094193522634
 21
-0.1244650961546348
 31
0.0
  0
MTEXT
  5
130
330
123
100
AcDbEntity
  8
SLD-0
 62
     0
100
AcDbMText
 10
0.0208661417322836
 20
-0.0207009607322548
 30
0.0
 40
0.0833333333333333
 41
0.0
 71
     1
 72
     1
  1
REV.
  7
SLDTEXTSTYLE1
 73
     1
 44
1.0
  0
MTEXT
  5
131
330
123
100
AcDbEntity
  8
SLD-0
 62
     0
100
AcDbMText
 10
1.12859415311668
 20
-0.0207009607322548
 30
0.0
 40
0.0833333333333333
 41
0.0
 71
     1
 72
     1
  1
DESCRIPTION
  7
SLDTEXTSTYLE1
 73
     1
 44
1.0
  0
MTEXT
  5
132
330
123
100
AcDbEntity
  8
SLD-0
 62
     0
100
AcDbMText
 10
2.700391901947726
 20
-0.0207009607322548
 30
0.0
 40
0.0833333333333333
 41
0.0
 71
     1
 72
     1
  1
ZONE
  7
SLDTEXTSTYLE1
 73
     1
 44
1.0
  0
MTEXT
  5
133
330
123
100
AcDbEntity
  8
SLD-0
 62
     0
100
AcDbMText
 10
3.136960237465835
 20
-0.0207009538573342
 30
0.0
 40
0.0833333333333333
 41
0.0
 71
     1
 72
     1
  1
BY
  7
SLDTEXTSTYLE1
 73
     1
 44
1.0
  0
MTEXT
  5
134
330
123
100
AcDbEntity
  8
SLD-0
 62
     0
100
AcDbMText
 10
3.408995880259793
 20
-0.0207009607322548
 30
0.0
 40
0.0833333333333333
 41
0.0
 71
     1
 72
     1
  1
APPR'D
  7
SLDTEXTSTYLE1
 73
     1
 44
1.0
  0
MTEXT
  5
135
330
123
100
AcDbEntity
  8
SLD-0
 62
     0
100
AcDbMText
 10
4.009422552430271
 20
-0.0207009607322548
 30
0.0
 40
0.0833333333333333
 41
0.0
 71
     1
 72
     1
  1
DATE
  7
SLDTEXTSTYLE1
 73
     1
 44
1.0
  0
MTEXT
  5
136
330
123
100
AcDbEntity
  8
SLD-0
 62
     0
100
AcDbMText
 10
1.965016225061203
 20
-0.1477619572369759
 30
0.0
 40
0.0833333333333333
 41
0.0
 71
     1
 72
     1
  1
REVISIONS
  7
SLDTEXTSTYLE1
 73
     1
 44
1.0
  0
ENDBLK
  5
125
330
123
100
AcDbEntity
  8
0
100
AcDbBlockEnd
  0
BLOCK
  5
1AF
330
1AE
100
AcDbEntity
  8
0
100
AcDbBlockBegin
  2
_D
 70
     0
 10
0.0
 20
0.0
 30
0.0
  3
_D
  1

  0
SOLID
  5
1B1
330
1AE
100
AcDbEntity
  8
SLD-0
100
AcDbTrace
 10
4.201757449586382
 20
9.768862761576477
 30
0.0
 11
4.181757449586382
 21
9.638862761576476
 31
0.0
 12
4.221757449586381
 22
9.638862761576476
 32
0.0
 13
4.221757449586381
 23
9.638862761576476
 33
0.0
  0
SOLID
  5
1B2
330
1AE
100
AcDbEntity
  8
SLD-0
100
AcDbTrace
 10
4.201757449586358
 20
2.776741974751963
 30
0.0
 11
4.221757449586359
 21
2.906741974751962
 31
0.0
 12
4.181757449586359
 22
2.906741974751962
 32
0.0
 13
4.181757449586359
 23
2.906741974751962
 33
0.0
  0
LINE
  5
1B3
330
1AE
100
AcDbEntity
  8
SLD-0
100
AcDbLine
 10
4.155576893901424
 20
6.683544557818716
 30
0.0
 11
4.117490956790086
 21
6.683544557818716
 31
0.0
  0
LINE
  5
1B4
330
1AE
100
AcDbEntity
  8
SLD-0
100
AcDbLine
 10
4.117490956790086
 20
6.683544557818716
 30
0.0
 11
4.117490956790086
 21
6.485107051852385
 31
0.0
  0
LINE
  5
1B5
330
1AE
100
AcDbEntity
  8
SLD-0
100
AcDbLine
 10
4.117490956790086
 20
6.485107051852385
 30
0.0
 11
4.155576893901424
 21
6.485107051852385
 31
0.0
  0
LINE
  5
1B6
330
1AE
100
AcDbEntity
  8
SLD-0
100
AcDbLine
 10
4.663562978936155
 20
6.683544557818716
 30
0.0
 11
4.701648916047493
 21
6.683544557818716
 31
0.0
  0
LINE
  5
1B7
330
1AE
100
AcDbEntity
  8
SLD-0
100
AcDbLine
 10
4.701648916047493
 20
6.683544557818716
 30
0.0
 11
4.701648916047493
 21
6.485107051852385
 31
0.0
  0
LINE
  5
1B8
330
1AE
100
AcDbEntity
  8
SLD-0
100
AcDbLine
 10
4.701648916047493
 20
6.485107051852385
 30
0.0
 11
4.663562978936155
 21
6.485107051852385
 31
0.0
  0
LINE
  5
1B9
330
1AE
100
AcDbEntity
  8
SLD-0
100
AcDbLine
 10
6.22785120345894
 20
9.76886276157647
 30
0.0
 11
4.076757449586382
 21
9.768862761576477
 31
0.0
  0
LINE
  5
1BA
330
1AE
100
AcDbEntity
  8
SLD-0
100
AcDbLine
 10
6.227851203458983
 20
2.776741974751955
 30
0.0
 11
4.076757449586358
 21
2.776741974751963
 31
0.0
  0
LINE
  5
1BB
330
1AE
100
AcDbEntity
  8
SLD-0
100
AcDbLine
 10
4.201757449586382
 20
9.768862761576477
 30
0.0
 11
4.201757449586371
 21
6.70893517950409
 31
0.0
  0
LINE
  5
1BC
330
1AE
100
AcDbEntity
  8
SLD-0
100
AcDbLine
 10
4.201757449586358
 20
2.776741974751963
 30
0.0
 11
4.201757449586371
 21
6.459716430167016
 31
0.0
  0
MTEXT
  5
1BD
330
1AE
100
AcDbEntity
  8
SLD-0
100
AcDbMText
 10
3.663780027680789
 20
6.646240533073723
 30
0.0
 40
0.125
 41
0.0
 71
     1
 72
     1
  1
6.992
  7
SLDTEXTSTYLE1
 73
     1
 44
1.0
  0
MTEXT
  5
1BE
330
1AE
100
AcDbEntity
  8
SLD-0
100
AcDbMText
 10
4.155576893901424
 20
6.646240533073723
 30
0.0
 40
0.125
 41
0.0
 71
     1
 72
     1
  1
177.60
  7
SLDTEXTSTYLE1
 73
     1
 44
1.0
  0
ENDBLK
  5
1B0
330
1AE
100
AcDbEntity
  8
0
100
AcDbBlockEnd
  0
BLOCK
  5
1C1
330
1C0
100
AcDbEntity
  8
0
100
AcDbBlockBegin
  2
_D_1
 70
     0
 10
0.0
 20
0.0
 30
0.0
  3
_D_1
  1

  0
SOLID
  5
1C3
330
1C0
100
AcDbEntity
  8
SLD-0
100
AcDbTrace
 10
4.910418866909195
 20
3.233432289424061
 30
0.0
 11
4.930418866909196
 21
3.363432289424061
 31
0.0
 12
4.890418866909196
 22
3.363432289424061
 32
0.0
 13
4.890418866909196
 23
3.363432289424061
 33
0.0
  0
SOLID
  5
1C4
330
1C0
100
AcDbEntity
  8
SLD-0
100
AcDbTrace
 10
4.91041886690923
 20
9.312172446904379
 30
0.0
 11
4.890418866909229
 21
9.182172446904378
 31
0.0
 12
4.930418866909228
 22
9.182172446904378
 32
0.0
 13
4.930418866909228
 23
9.182172446904378
 33
0.0
  0
LINE
  5
1C5
330
1C0
100
AcDbEntity
  8
SLD-0
100
AcDbLine
 10
4.864238311224265
 20
6.372021121147374
 30
0.0
 11
4.826152374112929
 21
6.372021121147374
 31
0.0
  0
LINE
  5
1C6
330
1C0
100
AcDbEntity
  8
SLD-0
100
AcDbLine
 10
4.826152374112929
 20
6.372021121147374
 30
0.0
 11
4.826152374112929
 21
6.173583615181044
 31
0.0
  0
LINE
  5
1C7
330
1C0
100
AcDbEntity
  8
SLD-0
100
AcDbLine
 10
4.826152374112929
 20
6.173583615181044
 30
0.0
 11
4.864238311224266
 21
6.173583615181044
 31
0.0
  0
LINE
  5
1C8
330
1C0
100
AcDbEntity
  8
SLD-0
100
AcDbLine
 10
5.372224396258997
 20
6.372021121147374
 30
0.0
 11
5.410310333370335
 21
6.372021121147374
 31
0.0
  0
LINE
  5
1C9
330
1C0
100
AcDbEntity
  8
SLD-0
100
AcDbLine
 10
5.410310333370335
 20
6.372021121147374
 30
0.0
 11
5.410310333370335
 21
6.173583615181044
 31
0.0
  0
LINE
  5
1CA
330
1C0
100
AcDbEntity
  8
SLD-0
100
AcDbLine
 10
5.410310333370335
 20
6.173583615181044
 30
0.0
 11
5.372224396258997
 21
6.173583615181044
 31
0.0
  0
LINE
  5
1CB
330
1C0
100
AcDbEntity
  8
SLD-0
100
AcDbLine
 10
6.134513239639399
 20
3.233432289424054
 30
0.0
 11
4.785418866909196
 21
3.233432289424062
 31
0.0
  0
LINE
  5
1CC
330
1C0
100
AcDbEntity
  8
SLD-0
100
AcDbLine
 10
6.13451323963942
 20
9.312172446904373
 30
0.0
 11
4.78541886690923
 21
9.31217244690438
 31
0.0
  0
LINE
  5
1CD
330
1C0
100
AcDbEntity
  8
SLD-0
100
AcDbLine
 10
4.910418866909195
 20
3.233432289424061
 30
0.0
 11
4.910418866909212
 21
6.148192993495675
 31
0.0
  0
LINE
  5
1CE
330
1C0
100
AcDbEntity
  8
SLD-0
100
AcDbLine
 10
4.91041886690923
 20
9.312172446904379
 30
0.0
 11
4.910418866909214
 21
6.397411742832748
 31
0.0
  0
MTEXT
  5
1CF
330
1C0
100
AcDbEntity
  8
SLD-0
100
AcDbMText
 10
4.372441445003631
 20
6.334717096402381
 30
0.0
 40
0.125
 41
0.0
 71
     1
 72
     1
  1
6.079
  7
SLDTEXTSTYLE1
 73
     1
 44
1.0
  0
MTEXT
  5
1D0
330
1C0
100
AcDbEntity
  8
SLD-0
100
AcDbMText
 10
4.864238311224265
 20
6.334717096402381
 30
0.0
 40
0.125
 41
0.0
 71
     1
 72
     1
  1
154.40
  7
SLDTEXTSTYLE1
 73
     1
 44
1.0
  0
ENDBLK
  5
1C2
330
1C0
100
AcDbEntity
  8
0
100
AcDbBlockEnd
  0
BLOCK
  5
1D3
330
1D2
100
AcDbEntity
  8
0
100
AcDbBlockBegin
  2
_D_2
 70
     0
 10
0.0
 20
0.0
 30
0.0
  3
_D_2
  1

  0
SOLID
  5
1D5
330
1D2
100
AcDbEntity
  8
SLD-0
100
AcDbTrace
 10
5.54034418492656
 20
1.908745557316461
 30
0.0
 11
5.67034418492656
 21
1.88874555731646
 31
0.0
 12
5.67034418492656
 22
1.92874555731646
 32
0.0
 13
5.67034418492656
 23
1.92874555731646
 33
0.0
  0
SOLID
  5
1D6
330
1D2
100
AcDbEntity
  8
SLD-0
100
AcDbTrace
 10
7.945855995950184
 20
1.908745557316452
 30
0.0
 11
7.815855995950184
 21
1.928745557316453
 31
0.0
 12
7.815855995950184
 22
1.888745557316453
 32
0.0
 13
7.815855995950184
 23
1.888745557316453
 33
0.0
  0
LINE
  5
1D7
330
1D2
100
AcDbEntity
  8
SLD-0
100
AcDbLine
 10
6.743100117938055
 20
2.007964310299622
 30
0.0
 11
6.705014180826717
 21
2.007964310299622
 31
0.0
  0
LINE
  5
1D8
330
1D2
100
AcDbEntity
  8
SLD-0
100
AcDbLine
 10
6.705014180826717
 20
2.007964310299622
 30
0.0
 11
6.705014180826717
 21
1.809526804333291
 31
0.0
  0
LINE
  5
1D9
330
1D2
100
AcDbEntity
  8
SLD-0
100
AcDbLine
 10
6.705014180826717
 20
1.809526804333291
 30
0.0
 11
6.743100117938055
 21
1.809526804333291
 31
0.0
  0
LINE
  5
1DA
330
1D2
100
AcDbEntity
  8
SLD-0
100
AcDbLine
 10
7.158725109936014
 20
2.007964310299622
 30
0.0
 11
7.196811047047352
 21
2.007964310299622
 31
0.0
  0
LINE
  5
1DB
330
1D2
100
AcDbEntity
  8
SLD-0
100
AcDbLine
 10
7.196811047047352
 20
2.007964310299622
 30
0.0
 11
7.196811047047352
 21
1.809526804333291
 31
0.0
  0
LINE
  5
1DC
330
1D2
100
AcDbEntity
  8
SLD-0
100
AcDbLine
 10
7.196811047047352
 20
1.809526804333291
 30
0.0
 11
7.158725109936014
 21
1.809526804333291
 31
0.0
  0
LINE
  5
1DD
330
1D2
100
AcDbEntity
  8
SLD-0
100
AcDbLine
 10
5.540344184926565
 20
3.043791003367616
 30
0.0
 11
5.54034418492656
 21
1.783745557316461
 31
0.0
  0
LINE
  5
1DE
330
1D2
100
AcDbEntity
  8
SLD-0
100
AcDbLine
 10
7.945855995950188
 20
3.043791003367607
 30
0.0
 11
7.945855995950184
 21
1.783745557316453
 31
0.0
  0
LINE
  5
1DF
330
1D2
100
AcDbEntity
  8
SLD-0
100
AcDbLine
 10
5.54034418492656
 20
1.908745557316461
 30
0.0
 11
6.225935964400011
 21
1.908745557316458
 31
0.0
  0
LINE
  5
1E0
330
1D2
100
AcDbEntity
  8
SLD-0
100
AcDbLine
 10
7.945855995950184
 20
1.908745557316452
 30
0.0
 11
7.260264216476733
 21
1.908745557316455
 31
0.0
  0
MTEXT
  5
1E1
330
1D2
100
AcDbEntity
  8
SLD-0
100
AcDbMText
 10
6.25130325171742
 20
1.970660285554628
 30
0.0
 40
0.125
 41
0.0
 71
     1
 72
     1
  1
2.406
  7
SLDTEXTSTYLE1
 73
     1
 44
1.0
  0
MTEXT
  5
1E2
330
1D2
100
AcDbEntity
  8
SLD-0
100
AcDbMText
 10
6.743100117938055
 20
1.970660285554628
 30
0.0
 40
0.125
 41
0.0
 71
     1
 72
     1
  1
61.10
  7
SLDTEXTSTYLE1
 73
     1
 44
1.0
  0
ENDBLK
  5
1D4
330
1D2
100
AcDbEntity
  8
0
100
AcDbBlockEnd
  0
BLOCK
  5
1E6
330
1E5
100
AcDbEntity
  8
0
100
AcDbBlockBegin
  2
_D_3
 70
     0
 10
0.0
 20
0.0
 30
0.0
  3
_D_3
  1

  0
SOLID
  5
1E8
330
1E5
100
AcDbEntity
  8
SLD-0
100
AcDbTrace
 10
7.926170956580105
 20
2.381186502198348
 30
0.0
 11
7.796170956580105
 21
2.401186502198348
 31
0.0
 12
7.796170956580105
 22
2.361186502198348
 32
0.0
 13
7.796170956580105
 23
2.361186502198348
 33
0.0
  0
SOLID
  5
1E9
330
1E5
100
AcDbEntity
  8
SLD-0
100
AcDbTrace
 10
7.945855995950185
 20
2.381186502198348
 30
0.0
 11
8.075855995950185
 21
2.361186502198347
 31
0.0
 12
8.075855995950185
 22
2.401186502198347
 32
0.0
 13
8.075855995950185
 23
2.401186502198347
 33
0.0
  0
LINE
  5
1EA
330
1E5
100
AcDbEntity
  8
SLD-0
100
AcDbLine
 10
8.57578134146725
 20
2.480405255181511
 30
0.0
 11
8.537695404355913
 21
2.480405255181511
 31
0.0
  0
LINE
  5
1EB
330
1E5
100
AcDbEntity
  8
SLD-0
100
AcDbLine
 10
8.537695404355913
 20
2.480405255181511
 30
0.0
 11
8.537695404355913
 21
2.28196774921518
 31
0.0
  0
LINE
  5
1EC
330
1E5
100
AcDbEntity
  8
SLD-0
100
AcDbLine
 10
8.537695404355913
 20
2.28196774921518
 30
0.0
 11
8.57578134146725
 21
2.28196774921518
 31
0.0
  0
LINE
  5
1ED
330
1E5
100
AcDbEntity
  8
SLD-0
100
AcDbLine
 10
8.899045240428437
 20
2.480405255181511
 30
0.0
 11
8.937131177539776
 21
2.480405255181511
 31
0.0
  0
LINE
  5
1EE
330
1E5
100
AcDbEntity
  8
SLD-0
100
AcDbLine
 10
8.937131177539776
 20
2.480405255181511
 30
0.0
 11
8.937131177539776
 21
2.28196774921518
 31
0.0
  0
LINE
  5
1EF
330
1E5
100
AcDbEntity
  8
SLD-0
100
AcDbLine
 10
8.937131177539776
 20
2.28196774921518
 30
0.0
 11
8.899045240428437
 21
2.28196774921518
 31
0.0
  0
LINE
  5
1F0
330
1E5
100
AcDbEntity
  8
SLD-0
100
AcDbLine
 10
7.926170956580108
 20
3.322203773970807
 30
0.0
 11
7.926170956580105
 21
2.256186502198348
 31
0.0
  0
LINE
  5
1F1
330
1E5
100
AcDbEntity
  8
SLD-0
100
AcDbLine
 10
7.945855995950188
 20
3.043791003367607
 30
0.0
 11
7.945855995950185
 21
2.256186502198348
 31
0.0
  0
LINE
  5
1F2
330
1E5
100
AcDbEntity
  8
SLD-0
100
AcDbLine
 10
7.926170956580105
 20
2.381186502198348
 30
0.0
 11
7.676170956580105
 21
2.381186502198348
 31
0.0
  0
LINE
  5
1F3
330
1E5
100
AcDbEntity
  8
SLD-0
100
AcDbLine
 10
7.945855995950185
 20
2.381186502198348
 30
0.0
 11
8.150978280965978
 21
2.381186502198346
 31
0.0
  0
MTEXT
  5
1F4
330
1E5
100
AcDbEntity
  8
SLD-0
100
AcDbMText
 10
8.176345568283388
 20
2.443101230436517
 30
0.0
 40
0.125
 41
0.0
 71
     1
 72
     1
  1
.020
  7
SLDTEXTSTYLE1
 73
     1
 44
1.0
  0
MTEXT
  5
1F5
330
1E5
100
AcDbEntity
  8
SLD-0
100
AcDbMText
 10
8.57578134146725
 20
2.443101230436517
 30
0.0
 40
0.125
 41
0.0
 71
     1
 72
     1
  1
0.50
  7
SLDTEXTSTYLE1
 73
     1
 44
1.0
  0
ENDBLK
  5
1E7
330
1E5
100
AcDbEntity
  8
0
100
AcDbBlockEnd
  0
BLOCK
  5
1F8
330
1F7
100
AcDbEntity
  8
0
100
AcDbBlockBegin
  2
_D_4
 70
     0
 10
0.0
 20
0.0
 30
0.0
  3
_D_4
  1

  0
SOLID
  5
1FA
330
1F7
100
AcDbEntity
  8
SLD-0
100
AcDbTrace
 10
8.575781313967576
 20
9.173400962357599
 30
0.0
 11
8.555781313967577
 21
9.043400962357598
 31
0.0
 12
8.595781313967576
 22
9.043400962357598
 32
0.0
 13
8.595781313967576
 23
9.043400962357598
 33
0.0
  0
SOLID
  5
1FB
330
1F7
100
AcDbEntity
  8
SLD-0
100
AcDbTrace
 10
8.575781313967557
 20
3.372203773970805
 30
0.0
 11
8.595781313967557
 21
3.502203773970805
 31
0.0
 12
8.555781313967557
 22
3.502203773970805
 32
0.0
 13
8.555781313967557
 23
3.502203773970805
 33
0.0
  0
LINE
  5
1FC
330
1F7
100
AcDbEntity
  8
SLD-0
100
AcDbLine
 10
8.52960075828262
 20
6.372021121147369
 30
0.0
 11
8.49151482117128
 21
6.372021121147369
 31
0.0
  0
LINE
  5
1FD
330
1F7
100
AcDbEntity
  8
SLD-0
100
AcDbLine
 10
8.49151482117128
 20
6.372021121147369
 30
0.0
 11
8.49151482117128
 21
6.173583615181038
 31
0.0
  0
LINE
  5
1FE
330
1F7
100
AcDbEntity
  8
SLD-0
100
AcDbLine
 10
8.49151482117128
 20
6.173583615181038
 30
0.0
 11
8.52960075828262
 21
6.173583615181038
 31
0.0
  0
LINE
  5
1FF
330
1F7
100
AcDbEntity
  8
SLD-0
100
AcDbLine
 10
9.03758684331735
 20
6.372021121147369
 30
0.0
 11
9.075672780428688
 21
6.372021121147369
 31
0.0
  0
LINE
  5
200
330
1F7
100
AcDbEntity
  8
SLD-0
100
AcDbLine
 10
9.075672780428688
 20
6.372021121147369
 30
0.0
 11
9.075672780428688
 21
6.173583615181038
 31
0.0
  0
LINE
  5
201
330
1F7
100
AcDbEntity
  8
SLD-0
100
AcDbLine
 10
9.075672780428688
 20
6.173583615181038
 30
0.0
 11
9.03758684331735
 21
6.173583615181038
 31
0.0
  0
LINE
  5
202
330
1F7
100
AcDbEntity
  8
SLD-0
100
AcDbLine
 10
7.976170956580129
 20
9.173400962357602
 30
0.0
 11
8.700781313967578
 21
9.173400962357599
 31
0.0
  0
LINE
  5
203
330
1F7
100
AcDbEntity
  8
SLD-0
100
AcDbLine
 10
7.976170956580107
 20
3.372203773970807
 30
0.0
 11
8.700781313967557
 21
3.372203773970805
 31
0.0
  0
LINE
  5
204
330
1F7
100
AcDbEntity
  8
SLD-0
100
AcDbLine
 10
8.575781313967576
 20
9.173400962357599
 30
0.0
 11
8.575781313967568
 21
6.397411742832743
 31
0.0
  0
LINE
  5
205
330
1F7
100
AcDbEntity
  8
SLD-0
100
AcDbLine
 10
8.575781313967557
 20
3.372203773970805
 30
0.0
 11
8.575781313967566
 21
6.148192993495669
 31
0.0
  0
MTEXT
  5
206
330
1F7
100
AcDbEntity
  8
SLD-0
100
AcDbMText
 10
8.037803892061985
 20
6.334717096402375
 30
0.0
 40
0.125
 41
0.0
 71
     1
 72
     1
  1
5.801
  7
SLDTEXTSTYLE1
 73
     1
 44
1.0
  0
MTEXT
  5
207
330
1F7
100
AcDbEntity
  8
SLD-0
100
AcDbMText
 10
8.52960075828262
 20
6.334717096402375
 30
0.0
 40
0.125
 41
0.0
 71
     1
 72
     1
  1
147.35
  7
SLDTEXTSTYLE1
 73
     1
 44
1.0
  0
ENDBLK
  5
1F9
330
1F7
100
AcDbEntity
  8
0
100
AcDbBlockEnd
  0
BLOCK
  5
20A
330
209
100
AcDbEntity
  8
0
100
AcDbBlockBegin
  2
_D_5
 70
     0
 10
0.0
 20
0.0
 30
0.0
  3
_D_5
  1

  0
SOLID
  5
20C
330
209
100
AcDbEntity
  8
SLD-0
100
AcDbTrace
 10
5.859241822721839
 20
2.144966029757406
 30
0.0
 11
5.989241822721839
 21
2.124966029757406
 31
0.0
 12
5.989241822721839
 22
2.164966029757406
 32
0.0
 13
5.989241822721839
 23
2.164966029757406
 33
0.0
  0
SOLID
  5
20D
330
209
100
AcDbEntity
  8
SLD-0
100
AcDbTrace
 10
7.626958358154902
 20
2.144966029757398
 30
0.0
 11
7.496958358154902
 21
2.164966029757398
 31
0.0
 12
7.496958358154902
 22
2.124966029757398
 32
0.0
 13
7.496958358154902
 23
2.124966029757398
 33
0.0
  0
LINE
  5
20E
330
209
100
AcDbEntity
  8
SLD-0
100
AcDbLine
 10
6.74310011793807
 20
2.244184782740567
 30
0.0
 11
6.705014180826733
 21
2.244184782740567
 31
0.0
  0
LINE
  5
20F
330
209
100
AcDbEntity
  8
SLD-0
100
AcDbLine
 10
6.705014180826733
 20
2.244184782740567
 30
0.0
 11
6.705014180826733
 21
2.045747276774236
 31
0.0
  0
LINE
  5
210
330
209
100
AcDbEntity
  8
SLD-0
100
AcDbLine
 10
6.705014180826733
 20
2.045747276774236
 30
0.0
 11
6.74310011793807
 21
2.045747276774236
 31
0.0
  0
LINE
  5
211
330
209
100
AcDbEntity
  8
SLD-0
100
AcDbLine
 10
7.15872510993603
 20
2.244184782740567
 30
0.0
 11
7.196811047047367
 21
2.244184782740567
 31
0.0
  0
LINE
  5
212
330
209
100
AcDbEntity
  8
SLD-0
100
AcDbLine
 10
7.196811047047367
 20
2.244184782740567
 30
0.0
 11
7.196811047047367
 21
2.045747276774236
 31
0.0
  0
LINE
  5
213
330
209
100
AcDbEntity
  8
SLD-0
100
AcDbLine
 10
7.196811047047367
 20
2.045747276774236
 30
0.0
 11
7.15872510993603
 21
2.045747276774236
 31
0.0
  0
LINE
  5
214
330
209
100
AcDbEntity
  8
SLD-0
100
AcDbLine
 10
5.859241822721846
 20
3.478887407534287
 30
0.0
 11
5.859241822721838
 21
2.019966029757406
 31
0.0
  0
LINE
  5
215
330
209
100
AcDbEntity
  8
SLD-0
100
AcDbLine
 10
7.626958358154909
 20
3.47888740753428
 30
0.0
 11
7.626958358154901
 21
2.019966029757398
 31
0.0
  0
LINE
  5
216
330
209
100
AcDbEntity
  8
SLD-0
100
AcDbLine
 10
5.859241822721839
 20
2.144966029757406
 30
0.0
 11
6.225935964400029
 21
2.144966029757404
 31
0.0
  0
LINE
  5
217
330
209
100
AcDbEntity
  8
SLD-0
100
AcDbLine
 10
7.626958358154902
 20
2.144966029757398
 30
0.0
 11
7.260264216476751
 21
2.144966029757399
 31
0.0
  0
MTEXT
  5
218
330
209
100
AcDbEntity
  8
SLD-0
100
AcDbMText
 10
6.251303251717435
 20
2.206880757995573
 30
0.0
 40
0.125
 41
0.0
 71
     1
 72
     1
  1
1.768
  7
SLDTEXTSTYLE1
 73
     1
 44
1.0
  0
MTEXT
  5
219
330
209
100
AcDbEntity
  8
SLD-0
100
AcDbMText
 10
6.74310011793807
 20
2.206880757995573
 30
0.0
 40
0.125
 41
0.0
 71
     1
 72
     1
  1
44.90
  7
SLDTEXTSTYLE1
 73
     1
 44
1.0
  0
ENDBLK
  5
20B
330
209
100
AcDbEntity
  8
0
100
AcDbBlockEnd
  0
BLOCK
  5
21D
330
21C
100
AcDbEntity
  8
0
100
AcDbBlockBegin
  2
_D_6
 70
     0
 10
0.0
 20
0.0
 30
0.0
  3
_D_6
  1

  0
SOLID
  5
21F
330
21C
100
AcDbEntity
  8
SLD-0
100
AcDbTrace
 10
7.361210326658839
 20
2.381186502198343
 30
0.0
 11
7.491210326658839
 21
2.361186502198343
 31
0.0
 12
7.491210326658839
 22
2.401186502198343
 32
0.0
 13
7.491210326658839
 23
2.401186502198343
 33
0.0
  0
SOLID
  5
220
330
21C
100
AcDbEntity
  8
SLD-0
100
AcDbTrace
 10
6.124989854217904
 20
2.381186502198348
 30
0.0
 11
5.994989854217904
 21
2.401186502198348
 31
0.0
 12
5.994989854217904
 22
2.361186502198348
 32
0.0
 13
5.994989854217904
 23
2.361186502198348
 33
0.0
  0
LINE
  5
221
330
21C
100
AcDbEntity
  8
SLD-0
100
AcDbLine
 10
6.743100117938057
 20
2.480405255181511
 30
0.0
 11
6.705014180826719
 21
2.480405255181511
 31
0.0
  0
LINE
  5
222
330
21C
100
AcDbEntity
  8
SLD-0
100
AcDbLine
 10
6.705014180826719
 20
2.480405255181511
 30
0.0
 11
6.705014180826719
 21
2.28196774921518
 31
0.0
  0
LINE
  5
223
330
21C
100
AcDbEntity
  8
SLD-0
100
AcDbLine
 10
6.705014180826719
 20
2.28196774921518
 30
0.0
 11
6.743100117938057
 21
2.28196774921518
 31
0.0
  0
LINE
  5
224
330
21C
100
AcDbEntity
  8
SLD-0
100
AcDbLine
 10
7.158725109936016
 20
2.480405255181511
 30
0.0
 11
7.196811047047354
 21
2.480405255181511
 31
0.0
  0
LINE
  5
225
330
21C
100
AcDbEntity
  8
SLD-0
100
AcDbLine
 10
7.196811047047354
 20
2.480405255181511
 30
0.0
 11
7.196811047047354
 21
2.28196774921518
 31
0.0
  0
LINE
  5
226
330
21C
100
AcDbEntity
  8
SLD-0
100
AcDbLine
 10
7.196811047047354
 20
2.28196774921518
 30
0.0
 11
7.158725109936016
 21
2.28196774921518
 31
0.0
  0
LINE
  5
227
330
21C
100
AcDbEntity
  8
SLD-0
100
AcDbLine
 10
7.361210326658854
 20
6.222802368164208
 30
0.0
 11
7.361210326658839
 21
2.256186502198343
 31
0.0
  0
LINE
  5
228
330
21C
100
AcDbEntity
  8
SLD-0
100
AcDbLine
 10
6.124989854217918
 20
6.222802368164214
 30
0.0
 11
6.124989854217904
 21
2.256186502198348
 31
0.0
  0
LINE
  5
229
330
21C
100
AcDbEntity
  8
SLD-0
100
AcDbLine
 10
7.361210326658839
 20
2.381186502198343
 30
0.0
 11
7.611210326658839
 21
2.381186502198342
 31
0.0
  0
LINE
  5
22A
330
21C
100
AcDbEntity
  8
SLD-0
100
AcDbLine
 10
6.124989854217904
 20
2.381186502198348
 30
0.0
 11
5.874989854217904
 21
2.381186502198348
 31
0.0
  0
MTEXT
  5
22B
330
21C
100
AcDbEntity
  8
SLD-0
100
AcDbMText
 10
6.251303251717422
 20
2.443101230436517
 30
0.0
 40
0.125
 41
0.0
 71
     1
 72
     1
  1
1.236
  7
SLDTEXTSTYLE1
 73
     1
 44
1.0
  0
MTEXT
  5
22C
330
21C
100
AcDbEntity
  8
SLD-0
100
AcDbMText
 10
6.743100117938057
 20
2.443101230436517
 30
0.0
 40
0.125
 41
0.0
 71
     1
 72
     1
  1
31.40
  7
SLDTEXTSTYLE1
 73
     1
 44
1.0
  0
ENDBLK
  5
21E
330
21C
100
AcDbEntity
  8
0
100
AcDbBlockEnd
  0
BLOCK
  5
230
330
22F
100
AcDbEntity
  8
0
100
AcDbBlockBegin
  2
_D_7
 70
     0
 10
0.0
 20
0.0
 30
0.0
  3
_D_7
  1

  0
ARC
  5
232
330
22F
100
AcDbEntity
  8
SLD-0
100
AcDbCircle
 10
7.609241822721847
 20
6.272802368164208
 30
0.0
 40
0.2480314960629947
100
AcDbArc
 50
268.2214630516619
 51
288.1089365871865
  0
SOLID
  5
233
330
22F
100
AcDbEntity
  8
SLD-0
100
AcDbTrace
 10
7.571990915639918
 20
6.027584112398408
 30
0.0
 11
7.532693555463164
 21
5.902062331487132
 31
0.0
 12
7.572239864646982
 22
5.896054883614871
 32
0.0
 13
7.572239864646982
 23
5.896054883614871
 33
0.0
  0
LINE
  5
234
330
22F
100
AcDbEntity
  8
SLD-0
100
AcDbLine
 10
8.984616366478274
 20
9.562211967008631
 30
0.0
 11
8.946530429366936
 21
9.562211967008631
 31
0.0
  0
LINE
  5
235
330
22F
100
AcDbEntity
  8
SLD-0
100
AcDbLine
 10
8.946530429366936
 20
9.562211967008631
 30
0.0
 11
8.946530429366936
 21
9.3637744610423
 31
0.0
  0
LINE
  5
236
330
22F
100
AcDbEntity
  8
SLD-0
100
AcDbLine
 10
8.946530429366936
 20
9.3637744610423
 30
0.0
 11
8.984616366478274
 21
9.3637744610423
 31
0.0
  0
LINE
  5
237
330
22F
100
AcDbEntity
  8
SLD-0
100
AcDbLine
 10
9.307880265439461
 20
9.562211967008631
 30
0.0
 11
9.3459662025508
 21
9.562211967008631
 31
0.0
  0
LINE
  5
238
330
22F
100
AcDbEntity
  8
SLD-0
100
AcDbLine
 10
9.3459662025508
 20
9.562211967008631
 30
0.0
 11
9.3459662025508
 21
9.3637744610423
 31
0.0
  0
LINE
  5
239
330
22F
100
AcDbEntity
  8
SLD-0
100
AcDbLine
 10
9.3459662025508
 20
9.3637744610423
 30
0.0
 11
9.307880265439461
 21
9.3637744610423
 31
0.0
  0
LINE
  5
23A
330
22F
100
AcDbEntity
  8
SLD-0
100
AcDbLine
 10
7.571990915639918
 20
6.027584112398408
 30
0.0
 11
8.093861136245906
 21
9.462993214025465
 31
0.0
  0
LINE
  5
23B
330
22F
100
AcDbEntity
  8
SLD-0
100
AcDbLine
 10
7.571990915639918
 20
6.027584112398408
 30
0.0
 11
7.534444366438295
 21
5.780419679999548
 31
0.0
  0
LINE
  5
23C
330
22F
100
AcDbEntity
  8
SLD-0
100
AcDbLine
 10
8.093861136245906
 20
9.462993214025465
 30
0.0
 11
8.243861136245906
 21
9.462993214025465
 31
0.0
  0
MTEXT
  5
23D
330
22F
100
AcDbEntity
  8
SLD-0
100
AcDbMText
 10
8.243861136245906
 20
9.524907942263638
 30
0.0
 40
0.125
 41
0.0
 71
     1
 72
     1
  1
2X
  7
SLDTEXTSTYLE1
 73
     1
 44
1.0
  0
MTEXT
  5
23E
330
22F
100
AcDbEntity
  8
SLD-0
100
AcDbMText
 10
8.483965299208792
 20
9.524907942263638
 30
0.0
 40
0.125
 41
0.0
 71
     1
 72
     1
  1
R.248
  7
SLDTEXTSTYLE1
 73
     1
 44
1.0
  0
MTEXT
  5
23F
330
22F
100
AcDbEntity
  8
SLD-0
100
AcDbMText
 10
8.984616366478274
 20
9.524907942263638
 30
0.0
 40
0.125
 41
0.0
 71
     1
 72
     1
  1
6.30
  7
SLDTEXTSTYLE1
 73
     1
 44
1.0
  0
ENDBLK
  5
231
330
22F
100
AcDbEntity
  8
0
100
AcDbBlockEnd
  0
BLOCK
  5
242
330
241
100
AcDbEntity
  8
0
100
AcDbBlockBegin
  2
_D_8
 70
     0
 10
0.0
 20
0.0
 30
0.0
  3
_D_8
  1

  0
SOLID
  5
244
330
241
100
AcDbEntity
  8
SLD-0
100
AcDbTrace
 10
5.918296940832105
 20
10.16441823413008
 30
0.0
 11
6.048296940832105
 21
10.14441823413008
 31
0.0
 12
6.048296940832105
 22
10.18441823413008
 32
0.0
 13
6.048296940832105
 23
10.18441823413008
 33
0.0
  0
SOLID
  5
245
330
241
100
AcDbEntity
  8
SLD-0
100
AcDbTrace
 10
5.859241822721867
 20
10.16441823413008
 30
0.0
 11
5.729241822721867
 21
10.18441823413008
 31
0.0
 12
5.729241822721867
 22
10.14441823413008
 32
0.0
 13
5.729241822721867
 23
10.14441823413008
 33
0.0
  0
LINE
  5
246
330
241
100
AcDbEntity
  8
SLD-0
100
AcDbLine
 10
5.209806104537364
 20
10.26363698711325
 30
0.0
 11
5.171720167426026
 21
10.26363698711325
 31
0.0
  0
LINE
  5
247
330
241
100
AcDbEntity
  8
SLD-0
100
AcDbLine
 10
5.171720167426026
 20
10.26363698711325
 30
0.0
 11
5.171720167426026
 21
10.06519948114692
 31
0.0
  0
LINE
  5
248
330
241
100
AcDbEntity
  8
SLD-0
100
AcDbLine
 10
5.171720167426026
 20
10.06519948114692
 30
0.0
 11
5.209806104537364
 21
10.06519948114692
 31
0.0
  0
LINE
  5
249
330
241
100
AcDbEntity
  8
SLD-0
100
AcDbLine
 10
5.533070003498551
 20
10.26363698711325
 30
0.0
 11
5.57115594060989
 21
10.26363698711325
 31
0.0
  0
LINE
  5
24A
330
241
100
AcDbEntity
  8
SLD-0
100
AcDbLine
 10
5.57115594060989
 20
10.26363698711325
 30
0.0
 11
5.57115594060989
 21
10.06519948114692
 31
0.0
  0
LINE
  5
24B
330
241
100
AcDbEntity
  8
SLD-0
100
AcDbLine
 10
5.57115594060989
 20
10.06519948114692
 30
0.0
 11
5.533070003498551
 21
10.06519948114692
 31
0.0
  0
LINE
  5
24C
330
241
100
AcDbEntity
  8
SLD-0
100
AcDbLine
 10
5.918296940832103
 20
9.066717328794143
 30
0.0
 11
5.918296940832105
 21
10.28941823413008
 31
0.0
  0
LINE
  5
24D
330
241
100
AcDbEntity
  8
SLD-0
100
AcDbLine
 10
5.859241822721865
 20
9.066717328794143
 30
0.0
 11
5.859241822721867
 21
10.28941823413008
 31
0.0
  0
LINE
  5
24E
330
241
100
AcDbEntity
  8
SLD-0
100
AcDbLine
 10
5.918296940832105
 20
10.16441823413008
 30
0.0
 11
6.168296940832105
 21
10.16441823413008
 31
0.0
  0
LINE
  5
24F
330
241
100
AcDbEntity
  8
SLD-0
100
AcDbLine
 10
5.859241822721867
 20
10.16441823413008
 30
0.0
 11
5.63460911003927
 21
10.16441823413008
 31
0.0
  0
MTEXT
  5
250
330
241
100
AcDbEntity
  8
SLD-0
100
AcDbMText
 10
4.810370331353501
 20
10.22633296236826
 30
0.0
 40
0.125
 41
0.0
 71
     1
 72
     1
  1
.059
  7
SLDTEXTSTYLE1
 73
     1
 44
1.0
  0
MTEXT
  5
251
330
241
100
AcDbEntity
  8
SLD-0
100
AcDbMText
 10
5.209806104537364
 20
10.22633296236826
 30
0.0
 40
0.125
 41
0.0
 71
     1
 72
     1
  1
1.50
  7
SLDTEXTSTYLE1
 73
     1
 44
1.0
  0
ENDBLK
  5
243
330
241
100
AcDbEntity
  8
0
100
AcDbBlockEnd
  0
BLOCK
  5
285
330
284
100
AcDbEntity
  8
0
100
AcDbBlockBegin
  2
_D_9
 70
     0
 10
0.0
 20
0.0
 30
0.0
  3
_D_9
  1

  0
SOLID
  5
287
330
284
100
AcDbEntity
  8
SLD-0
100
AcDbTrace
 10
10.53600103331539
 20
2.464807189755614
 30
0.0
 11
10.40600103331539
 21
2.484807189755613
 31
0.0
 12
10.40600103331539
 22
2.444807189755613
 32
0.0
 13
10.40600103331539
 23
2.444807189755613
 33
0.0
  0
SOLID
  5
288
330
284
100
AcDbEntity
  8
SLD-0
100
AcDbTrace
 10
10.14230024591382
 20
2.464807189755612
 30
0.0
 11
10.27230024591382
 21
2.444807189755613
 31
0.0
 12
10.27230024591382
 22
2.484807189755613
 32
0.0
 13
10.27230024591382
 23
2.484807189755613
 33
0.0
  0
LINE
  5
289
330
284
100
AcDbEntity
  8
SLD-0
100
AcDbLine
 10
11.23519412468715
 20
2.564025942738784
 30
0.0
 11
11.19710818757581
 21
2.564025942738784
 31
0.0
  0
LINE
  5
28A
330
284
100
AcDbEntity
  8
SLD-0
100
AcDbLine
 10
11.19710818757581
 20
2.564025942738784
 30
0.0
 11
11.19710818757581
 21
2.365588436772453
 31
0.0
  0
LINE
  5
28B
330
284
100
AcDbEntity
  8
SLD-0
100
AcDbLine
 10
11.19710818757581
 20
2.365588436772453
 30
0.0
 11
11.23519412468715
 21
2.365588436772453
 31
0.0
  0
LINE
  5
28C
330
284
100
AcDbEntity
  8
SLD-0
100
AcDbLine
 10
11.41991634742694
 20
2.564025942738784
 30
0.0
 11
11.45800228453827
 21
2.564025942738784
 31
0.0
  0
LINE
  5
28D
330
284
100
AcDbEntity
  8
SLD-0
100
AcDbLine
 10
11.45800228453827
 20
2.564025942738784
 30
0.0
 11
11.45800228453827
 21
2.365588436772453
 31
0.0
  0
LINE
  5
28E
330
284
100
AcDbEntity
  8
SLD-0
100
AcDbLine
 10
11.45800228453827
 20
2.365588436772453
 30
0.0
 11
11.41991634742694
 21
2.365588436772453
 31
0.0
  0
LINE
  5
28F
330
284
100
AcDbEntity
  8
SLD-0
100
AcDbLine
 10
10.53600103331539
 20
3.04379100336761
 30
0.0
 11
10.53600103331539
 21
2.339807189755614
 31
0.0
  0
LINE
  5
290
330
284
100
AcDbEntity
  8
SLD-0
100
AcDbLine
 10
10.14230024591382
 20
2.724888273851886
 30
0.0
 11
10.14230024591382
 21
2.339807189755612
 31
0.0
  0
LINE
  5
291
330
284
100
AcDbEntity
  8
SLD-0
100
AcDbLine
 10
10.53600103331539
 20
2.464807189755614
 30
0.0
 11
10.81039106418588
 21
2.464807189755616
 31
0.0
  0
LINE
  5
292
330
284
100
AcDbEntity
  8
SLD-0
100
AcDbLine
 10
10.14230024591382
 20
2.464807189755612
 30
0.0
 11
10.53600103331539
 21
2.464807189755614
 31
0.0
  0
MTEXT
  5
293
330
284
100
AcDbEntity
  8
SLD-0
100
AcDbMText
 10
10.83575835150329
 20
2.52672191799379
 30
0.0
 40
0.125
 41
0.0
 71
     1
 72
     1
  1
.394
  7
SLDTEXTSTYLE1
 73
     1
 44
1.0
  0
MTEXT
  5
294
330
284
100
AcDbEntity
  8
SLD-0
100
AcDbMText
 10
11.23519412468715
 20
2.52672191799379
 30
0.0
 40
0.125
 41
0.0
 71
     1
 72
     1
  1
10
  7
SLDTEXTSTYLE1
 73
     1
 44
1.0
  0
ENDBLK
  5
286
330
284
100
AcDbEntity
  8
0
100
AcDbBlockEnd
  0
BLOCK
  5
2CC
330
2CB
100
AcDbEntity
  8
0
100
AcDbBlockBegin
  2
_D_10
 70
     0
 10
0.0
 20
0.0
 30
0.0
  3
_D_10
  1

  0
SOLID
  5
2CE
330
2CB
100
AcDbEntity
  8
SLD-0
100
AcDbTrace
 10
15.04706023862118
 20
9.451936226431934
 30
0.0
 11
15.06706023862118
 21
9.581936226431935
 31
0.0
 12
15.02706023862118
 22
9.581936226431935
 32
0.0
 13
15.02706023862118
 23
9.581936226431935
 33
0.0
  0
LINE
  5
2CF
330
2CB
100
AcDbEntity
  8
SLD-0
100
AcDbLine
 10
13.99576690460534
 20
10.17975661450779
 30
0.0
 11
13.957680967494
 21
10.17975661450779
 31
0.0
  0
LINE
  5
2D0
330
2CB
100
AcDbEntity
  8
SLD-0
100
AcDbLine
 10
13.957680967494
 20
10.17975661450779
 30
0.0
 11
13.957680967494
 21
9.981319108541458
 31
0.0
  0
LINE
  5
2D1
330
2CB
100
AcDbEntity
  8
SLD-0
100
AcDbLine
 10
13.957680967494
 20
9.981319108541458
 30
0.0
 11
13.99576690460534
 21
9.981319108541458
 31
0.0
  0
LINE
  5
2D2
330
2CB
100
AcDbEntity
  8
SLD-0
100
AcDbLine
 10
14.31903080356653
 20
10.17975661450779
 30
0.0
 11
14.35711674067787
 21
10.17975661450779
 31
0.0
  0
LINE
  5
2D3
330
2CB
100
AcDbEntity
  8
SLD-0
100
AcDbLine
 10
14.35711674067787
 20
10.17975661450779
 30
0.0
 11
14.35711674067787
 21
9.981319108541458
 31
0.0
  0
LINE
  5
2D4
330
2CB
100
AcDbEntity
  8
SLD-0
100
AcDbLine
 10
14.35711674067787
 20
9.981319108541458
 30
0.0
 11
14.31903080356653
 21
9.981319108541458
 31
0.0
  0
LINE
  5
2D5
330
2CB
100
AcDbEntity
  8
SLD-0
100
AcDbLine
 10
15.04706023862118
 20
9.451936226431934
 30
0.0
 11
15.04706023862117
 21
10.20610208245436
 31
0.0
  0
LINE
  5
2D6
330
2CB
100
AcDbEntity
  8
SLD-0
100
AcDbLine
 10
15.04706023862117
 20
10.20610208245436
 30
0.0
 11
14.89706023862117
 21
10.20610208245436
 31
0.0
  0
MTEXT
  5
2D7
330
2CB
100
AcDbEntity
  8
SLD-0
100
AcDbMText
 10
13.35689543073646
 20
10.36819042368674
 30
0.0
 40
0.125
 41
0.0
 71
     1
 72
     1
  1
6X
  7
SLDTEXTSTYLE1
 73
     1
 44
1.0
  0
MTEXT
  5
2D8
330
2CB
100
AcDbEntity
  8
SLD-0
100
AcDbMText
 10
13.59699959369935
 20
10.36628070137302
 30
0.0
 40
0.125
 41
0.0
 71
     1
 72
     1
  1
%%c
  7
SLDTEXTSTYLE1
 73
     1
 44
1.0
  0
MTEXT
  5
2D9
330
2CB
100
AcDbEntity
  8
SLD-0
100
AcDbMText
 10
13.78551523261727
 20
10.36819042368674
 30
0.0
 40
0.125
 41
0.0
 71
     1
 72
     1
  1
.126
  7
SLDTEXTSTYLE1
 73
     1
 44
1.0
  0
INSERT
  5
2E1
330
2CB
100
AcDbEntity
  8
SLD-0
100
AcDbBlockReference
  2
SW_SYMBOL_HOLE_DEPTH
 10
14.10877913157845
 20
10.22248121827652
 30
0.0
 41
0.00405556640625
 42
0.00405556640625
 43
0.00405556640625
  0
MTEXT
  5
2E2
330
2CB
100
AcDbEntity
  8
SLD-0
100
AcDbMText
 10
14.2873728484486
 20
10.36819042368674
 30
0.0
 40
0.125
 41
0.0
 71
     1
 72
     1
  1
.177
  7
SLDTEXTSTYLE1
 73
     1
 44
1.0
  0
INSERT
  5
2E9
330
2CB
100
AcDbEntity
  8
SLD-0
100
AcDbBlockReference
  2
SW_SYMBOL_HOLE_SPOT
 10
13.0704717928601
 20
9.996743384352573
 30
0.0
 41
0.00405556640625
 42
0.00405556640625
 43
0.00405556640625
  0
MTEXT
  5
2EA
330
2CB
100
AcDbEntity
  8
SLD-0
100
AcDbMText
 10
13.4078155291698
 20
10.14054286744907
 30
0.0
 40
0.125
 41
0.0
 71
     1
 72
     1
  1
%%c
  7
SLDTEXTSTYLE1
 73
     1
 44
1.0
  0
MTEXT
  5
2EB
330
2CB
100
AcDbEntity
  8
SLD-0
100
AcDbMText
 10
13.59633113142148
 20
10.14245258976279
 30
0.0
 40
0.125
 41
0.0
 71
     1
 72
     1
  1
.256
  7
SLDTEXTSTYLE1
 73
     1
 44
1.0
  0
MTEXT
  5
2EC
330
2CB
100
AcDbEntity
  8
SLD-0
100
AcDbMText
 10
13.99576690460534
 20
10.14245258976279
 30
0.0
 40
0.125
 41
0.0
 71
     1
 72
     1
  1
6.50
  7
SLDTEXTSTYLE1
 73
     1
 44
1.0
  0
INSERT
  5
2ED
330
2CB
100
AcDbEntity
  8
SLD-0
100
AcDbBlockReference
  2
SW_SYMBOL_HOLE_DEPTH
 10
14.39520262278984
 20
9.996743384352573
 30
0.0
 41
0.00405556640625
 42
0.00405556640625
 43
0.00405556640625
  0
MTEXT
  5
2EE
330
2CB
100
AcDbEntity
  8
SLD-0
100
AcDbMText
 10
14.57379641299247
 20
10.14245258976279
 30
0.0
 40
0.125
 41
0.0
 71
     1
 72
     1
  1
.098
  7
SLDTEXTSTYLE1
 73
     1
 44
1.0
  0
ENDBLK
  5
2CD
330
2CB
100
AcDbEntity
  8
0
100
AcDbBlockEnd
  0
BLOCK
  5
2DB
330
2DA
100
AcDbEntity
  8
0
100
AcDbBlockBegin
  2
SW_SYMBOL_HOLE_DEPTH
 70
     0
 10
0.0
 20
0.0
 30
0.0
  3
SW_SYMBOL_HOLE_DEPTH
  1

  0
LINE
  5
2DD
330
2DA
100
AcDbEntity
  8
SLD-0
 62
     0
100
AcDbLine
 10
0.0
 20
34.44881889763779
 30
0.0
 11
31.49606299212599
 21
34.44881889763779
 31
0.0
  0
LINE
  5
2DE
330
2DA
100
AcDbEntity
  8
SLD-0
 62
     0
100
AcDbLine
 10
15.74803149606299
 20
34.44881889763779
 30
0.0
 11
15.74803149606299
 21
2.952755905511811
 31
0.0
  0
LINE
  5
2DF
330
2DA
100
AcDbEntity
  8
SLD-0
 62
     0
100
AcDbLine
 10
3.937007874015748
 20
21.8503937007874
 30
0.0
 11
15.74803149606299
 21
2.952755905511811
 31
0.0
  0
LINE
  5
2E0
330
2DA
100
AcDbEntity
  8
SLD-0
 62
     0
100
AcDbLine
 10
27.55905511811024
 20
21.8503937007874
 30
0.0
 11
15.74803149606299
 21
2.952755905511811
 31
0.0
  0
ENDBLK
  5
2DC
330
2DA
100
AcDbEntity
  8
0
100
AcDbBlockEnd
  0
BLOCK
  5
2E4
330
2E3
100
AcDbEntity
  8
0
100
AcDbBlockBegin
  2
SW_SYMBOL_HOLE_SPOT
 70
     0
 10
0.0
 20
0.0
 30
0.0
  3
SW_SYMBOL_HOLE_SPOT
  1

  0
LINE
  5
2E6
330
2E3
100
AcDbEntity
  8
SLD-0
 62
     0
100
AcDbLine
 10
0.0
 20
34.44881889763779
 30
0.0
 11
0.0
 21
2.952755905511811
 31
0.0
  0
LINE
  5
2E7
330
2E3
100
AcDbEntity
  8
SLD-0
 62
     0
100
AcDbLine
 10
0.0
 20
2.952755905511811
 30
0.0
 11
62.99212598425197
 21
2.952755905511811
 31
0.0
  0
LINE
  5
2E8
330
2E3
100
AcDbEntity
  8
SLD-0
 62
     0
100
AcDbLine
 10
62.99212598425197
 20
2.952755905511811
 30
0.0
 11
62.99212598425197
 21
34.44881889763779
 31
0.0
  0
ENDBLK
  5
2E5
330
2E3
100
AcDbEntity
  8
0
100
AcDbBlockEnd
  0
BLOCK
  5
2F1
330
2F0
100
AcDbEntity
  8
0
100
AcDbBlockBegin
  2
_D_11
 70
     0
 10
0.0
 20
0.0
 30
0.0
  3
_D_11
  1

  0
SOLID
  5
2F3
330
2F0
100
AcDbEntity
  8
SLD-0
100
AcDbTrace
 10
12.23928760842989
 20
9.323983470526414
 30
0.0
 11
12.21928760842989
 21
9.193983470526414
 31
0.0
 12
12.25928760842989
 22
9.193983470526414
 32
0.0
 13
12.25928760842989
 23
9.193983470526414
 33
0.0
  0
SOLID
  5
2F4
330
2F0
100
AcDbEntity
  8
SLD-0
100
AcDbTrace
 10
12.23928760842991
 20
3.221621265801995
 30
0.0
 11
12.25928760842991
 21
3.351621265801995
 31
0.0
 12
12.21928760842991
 22
3.351621265801995
 32
0.0
 13
12.21928760842991
 23
3.351621265801995
 33
0.0
  0
LINE
  5
2F5
330
2F0
100
AcDbEntity
  8
SLD-0
100
AcDbLine
 10
12.30855845570716
 20
6.372021121147374
 30
0.0
 11
12.27047251859582
 21
6.372021121147374
 31
0.0
  0
LINE
  5
2F6
330
2F0
100
AcDbEntity
  8
SLD-0
100
AcDbLine
 10
12.27047251859582
 20
6.372021121147374
 30
0.0
 11
12.27047251859582
 21
6.173583615181044
 31
0.0
  0
LINE
  5
2F7
330
2F0
100
AcDbEntity
  8
SLD-0
100
AcDbLine
 10
12.27047251859582
 20
6.173583615181044
 30
0.0
 11
12.30855845570716
 21
6.173583615181044
 31
0.0
  0
LINE
  5
2F8
330
2F0
100
AcDbEntity
  8
SLD-0
100
AcDbLine
 10
12.58564178981684
 20
6.372021121147374
 30
0.0
 11
12.62372772692818
 21
6.372021121147374
 31
0.0
  0
LINE
  5
2F9
330
2F0
100
AcDbEntity
  8
SLD-0
100
AcDbLine
 10
12.62372772692818
 20
6.372021121147374
 30
0.0
 11
12.62372772692818
 21
6.173583615181044
 31
0.0
  0
LINE
  5
2FA
330
2F0
100
AcDbEntity
  8
SLD-0
100
AcDbLine
 10
12.62372772692818
 20
6.173583615181044
 30
0.0
 11
12.58564178981684
 21
6.173583615181044
 31
0.0
  0
LINE
  5
2FB
330
2F0
100
AcDbEntity
  8
SLD-0
100
AcDbLine
 10
13.42772952995976
 20
9.323983470526418
 30
0.0
 11
12.11428760842989
 21
9.323983470526414
 31
0.0
  0
LINE
  5
2FC
330
2F0
100
AcDbEntity
  8
SLD-0
100
AcDbLine
 10
13.42772952995979
 20
3.221621265801999
 30
0.0
 11
12.11428760842991
 21
3.221621265801994
 31
0.0
  0
LINE
  5
2FD
330
2F0
100
AcDbEntity
  8
SLD-0
100
AcDbLine
 10
12.23928760842989
 20
9.323983470526414
 30
0.0
 11
12.2392876084299
 21
6.397411742832746
 31
0.0
  0
LINE
  5
2FE
330
2F0
100
AcDbEntity
  8
SLD-0
100
AcDbLine
 10
12.23928760842991
 20
3.221621265801995
 30
0.0
 11
12.2392876084299
 21
6.14819299349567
 31
0.0
  0
MTEXT
  5
2FF
330
2F0
100
AcDbEntity
  8
SLD-0
100
AcDbMText
 10
11.81676158948653
 20
6.334717096402381
 30
0.0
 40
0.125
 41
0.0
 71
     1
 72
     1
  1
6.102
  7
SLDTEXTSTYLE1
 73
     1
 44
1.0
  0
MTEXT
  5
300
330
2F0
100
AcDbEntity
  8
SLD-0
100
AcDbMText
 10
12.30855845570716
 20
6.334717096402381
 30
0.0
 40
0.125
 41
0.0
 71
     1
 72
     1
  1
155
  7
SLDTEXTSTYLE1
 73
     1
 44
1.0
  0
ENDBLK
  5
2F2
330
2F0
100
AcDbEntity
  8
0
100
AcDbBlockEnd
  0
BLOCK
  5
303
330
302
100
AcDbEntity
  8
0
100
AcDbBlockBegin
  2
_D_12
 70
     0
 10
0.0
 20
0.0
 30
0.0
  3
_D_12
  1

  0
SOLID
  5
305
330
302
100
AcDbEntity
  8
SLD-0
100
AcDbTrace
 10
13.31477677405428
 20
2.38118650219834
 30
0.0
 11
13.44477677405428
 21
2.361186502198341
 31
0.0
 12
13.44477677405428
 22
2.401186502198341
 32
0.0
 13
13.44477677405428
 23
2.401186502198341
 33
0.0
  0
SOLID
  5
306
330
302
100
AcDbEntity
  8
SLD-0
100
AcDbTrace
 10
15.04706023862121
 20
2.38118650219835
 30
0.0
 11
14.91706023862121
 21
2.401186502198349
 31
0.0
 12
14.91706023862121
 22
2.361186502198349
 32
0.0
 13
14.91706023862121
 23
2.361186502198349
 33
0.0
  0
LINE
  5
307
330
302
100
AcDbEntity
  8
SLD-0
100
AcDbLine
 10
14.29636990013338
 20
2.48040525518151
 30
0.0
 11
14.25828396302204
 21
2.48040525518151
 31
0.0
  0
LINE
  5
308
330
302
100
AcDbEntity
  8
SLD-0
100
AcDbLine
 10
14.25828396302204
 20
2.48040525518151
 30
0.0
 11
14.25828396302204
 21
2.28196774921518
 31
0.0
  0
LINE
  5
309
330
302
100
AcDbEntity
  8
SLD-0
100
AcDbLine
 10
14.25828396302204
 20
2.28196774921518
 30
0.0
 11
14.29636990013338
 21
2.28196774921518
 31
0.0
  0
LINE
  5
30A
330
302
100
AcDbEntity
  8
SLD-0
100
AcDbLine
 10
14.48109212287317
 20
2.48040525518151
 30
0.0
 11
14.51917805998451
 21
2.48040525518151
 31
0.0
  0
LINE
  5
30B
330
302
100
AcDbEntity
  8
SLD-0
100
AcDbLine
 10
14.51917805998451
 20
2.48040525518151
 30
0.0
 11
14.51917805998451
 21
2.28196774921518
 31
0.0
  0
LINE
  5
30C
330
302
100
AcDbEntity
  8
SLD-0
100
AcDbLine
 10
14.51917805998451
 20
2.28196774921518
 30
0.0
 11
14.48109212287317
 21
2.28196774921518
 31
0.0
  0
LINE
  5
30D
330
302
100
AcDbEntity
  8
SLD-0
100
AcDbLine
 10
13.31477677405427
 20
3.334574021707509
 30
0.0
 11
13.31477677405428
 21
2.25618650219834
 31
0.0
  0
LINE
  5
30E
330
302
100
AcDbEntity
  8
SLD-0
100
AcDbLine
 10
15.0470602386212
 20
3.334574021707516
 30
0.0
 11
15.04706023862121
 21
2.25618650219835
 31
0.0
  0
LINE
  5
30F
330
302
100
AcDbEntity
  8
SLD-0
100
AcDbLine
 10
13.31477677405428
 20
2.38118650219834
 30
0.0
 11
13.77920574659534
 21
2.381186502198343
 31
0.0
  0
LINE
  5
310
330
302
100
AcDbEntity
  8
SLD-0
100
AcDbLine
 10
15.04706023862121
 20
2.38118650219835
 30
0.0
 11
14.58263126608013
 21
2.381186502198347
 31
0.0
  0
MTEXT
  5
311
330
302
100
AcDbEntity
  8
SLD-0
100
AcDbMText
 10
13.80457303391275
 20
2.443101230436516
 30
0.0
 40
0.125
 41
0.0
 71
     1
 72
     1
  1
1.732
  7
SLDTEXTSTYLE1
 73
     1
 44
1.0
  0
MTEXT
  5
312
330
302
100
AcDbEntity
  8
SLD-0
100
AcDbMText
 10
14.29636990013338
 20
2.443101230436516
 30
0.0
 40
0.125
 41
0.0
 71
     1
 72
     1
  1
44
  7
SLDTEXTSTYLE1
 73
     1
 44
1.0
  0
ENDBLK
  5
304
330
302
100
AcDbEntity
  8
0
100
AcDbBlockEnd
  0
BLOCK
  5
314
330
313
100
AcDbEntity
  8
0
100
AcDbBlockBegin
  2
SW_CENTERMARKSYMBOL_0
 70
     0
 10
0.0
 20
0.0
 30
0.0
  3
SW_CENTERMARKSYMBOL_0
  1

  0
LINE
  5
316
330
313
100
AcDbEntity
  8
SLD-0
 62
     0
100
AcDbLine
 10
0.0
 20
0.0
 30
0.0
 11
-0.0349999999999989
 21
0.0
 31
0.0
  0
LINE
  5
317
330
313
100
AcDbEntity
  8
SLD-0
 62
     0
100
AcDbLine
 10
0.0
 20
0.0
 30
0.0
 11
0.0
 21
-0.035
 31
0.0
  0
LINE
  5
318
330
313
100
AcDbEntity
  8
SLD-0
 62
     0
100
AcDbLine
 10
0.0
 20
0.0
 30
0.0
 11
0.0350000000000011
 21
0.0
 31
0.0
  0
LINE
  5
319
330
313
100
AcDbEntity
  8
SLD-0
 62
     0
100
AcDbLine
 10
0.0
 20
0.0
 30
0.0
 11
0.0
 21
0.035
 31
0.0
  0
LINE
  5
31A
330
313
100
AcDbEntity
  8
SLD-0
 62
     0
100
AcDbLine
 10
1.732283464566928
 20
0.0000000000000066
 30
0.0
 11
1.69728346456693
 21
0.0000000000000066
 31
0.0
  0
LINE
  5
31B
330
313
100
AcDbEntity
  8
SLD-0
 62
     0
100
AcDbLine
 10
1.732283464566928
 20
0.0000000000000066
 30
0.0
 11
1.732283464566931
 21
-0.0349999999999935
 31
0.0
  0
LINE
  5
31C
330
313
100
AcDbEntity
  8
SLD-0
 62
     0
100
AcDbLine
 10
1.732283464566928
 20
0.0000000000000066
 30
0.0
 11
1.76728346456693
 21
0.0000000000000066
 31
0.0
  0
LINE
  5
31D
330
313
100
AcDbEntity
  8
SLD-0
 62
     0
100
AcDbLine
 10
1.732283464566928
 20
0.0000000000000066
 30
0.0
 11
1.732283464566928
 21
0.0350000000000066
 31
0.0
  0
LINE
  5
31E
330
313
100
AcDbEntity
  8
SLD-0
 62
     0
100
AcDbLine
 10
1.732283464566935
 20
-3.051181102362201
 30
0.0
 11
1.697283464566936
 21
-3.051181102362201
 31
0.0
  0
LINE
  5
31F
330
313
100
AcDbEntity
  8
SLD-0
 62
     0
100
AcDbLine
 10
1.732283464566935
 20
-3.051181102362201
 30
0.0
 11
1.732283464566935
 21
-3.086181102362201
 31
0.0
  0
LINE
  5
320
330
313
100
AcDbEntity
  8
SLD-0
 62
     0
100
AcDbLine
 10
1.732283464566935
 20
-3.051181102362201
 30
0.0
 11
1.767283464566936
 21
-3.051181102362201
 31
0.0
  0
LINE
  5
321
330
313
100
AcDbEntity
  8
SLD-0
 62
     0
100
AcDbLine
 10
1.732283464566935
 20
-3.051181102362201
 30
0.0
 11
1.732283464566935
 21
-3.016181102362201
 31
0.0
  0
LINE
  5
322
330
313
100
AcDbEntity
  8
SLD-0
 62
     0
100
AcDbLine
 10
0.0000000000000153
 20
-3.051181102362208
 30
0.0
 11
-0.0349999999999836
 21
-3.051181102362208
 31
0.0
  0
LINE
  5
323
330
313
100
AcDbEntity
  8
SLD-0
 62
     0
100
AcDbLine
 10
0.0000000000000153
 20
-3.051181102362208
 30
0.0
 11
0.0000000000000153
 21
-3.086181102362207
 31
0.0
  0
LINE
  5
324
330
313
100
AcDbEntity
  8
SLD-0
 62
     0
100
AcDbLine
 10
0.0000000000000153
 20
-3.051181102362208
 30
0.0
 11
0.0350000000000164
 21
-3.051181102362208
 31
0.0
  0
LINE
  5
325
330
313
100
AcDbEntity
  8
SLD-0
 62
     0
100
AcDbLine
 10
0.0000000000000153
 20
-3.051181102362208
 30
0.0
 11
0.0000000000000153
 21
-3.016181102362208
 31
0.0
  0
LINE
  5
326
330
313
100
AcDbEntity
  8
SLD-0
 62
     0
100
AcDbLine
 10
0.0000000000000219
 20
-6.102362204724419
 30
0.0
 11
-0.0349999999999793
 21
-6.102362204724419
 31
0.0
  0
LINE
  5
327
330
313
100
AcDbEntity
  8
SLD-0
 62
     0
100
AcDbLine
 10
0.0000000000000219
 20
-6.102362204724419
 30
0.0
 11
0.0000000000000219
 21
-6.137362204724419
 31
0.0
  0
LINE
  5
328
330
313
100
AcDbEntity
  8
SLD-0
 62
     0
100
AcDbLine
 10
0.0000000000000219
 20
-6.102362204724419
 30
0.0
 11
0.0350000000000208
 21
-6.102362204724419
 31
0.0
  0
LINE
  5
329
330
313
100
AcDbEntity
  8
SLD-0
 62
     0
100
AcDbLine
 10
0.0000000000000219
 20
-6.102362204724419
 30
0.0
 11
0.0000000000000219
 21
-6.06736220472442
 31
0.0
  0
LINE
  5
32A
330
313
100
AcDbEntity
  8
SLD-0
 62
     0
100
AcDbLine
 10
1.73228346456695
 20
-6.102362204724413
 30
0.0
 11
1.697283464566951
 21
-6.102362204724413
 31
0.0
  0
LINE
  5
32B
330
313
100
AcDbEntity
  8
SLD-0
 62
     0
100
AcDbLine
 10
1.73228346456695
 20
-6.102362204724413
 30
0.0
 11
1.73228346456695
 21
-6.137362204724413
 31
0.0
  0
LINE
  5
32C
330
313
100
AcDbEntity
  8
SLD-0
 62
     0
100
AcDbLine
 10
1.73228346456695
 20
-6.102362204724413
 30
0.0
 11
1.767283464566952
 21
-6.102362204724413
 31
0.0
  0
LINE
  5
32D
330
313
100
AcDbEntity
  8
SLD-0
 62
     0
100
AcDbLine
 10
1.73228346456695
 20
-6.102362204724413
 30
0.0
 11
1.73228346456695
 21
-6.067362204724413
 31
0.0
  0
LINE
  5
32E
330
313
100
AcDbEntity
  8
SLD-0
 62
     0
100
AcDbLine
 10
1.662283464566928
 20
0.0000000000000066
 30
0.0
 11
0.0700000000000001
 21
0.0
 31
0.0
  0
LINE
  5
32F
330
313
100
AcDbEntity
  8
SLD-0
 62
     0
100
AcDbLine
 10
1.732283464566935
 20
-2.981181102362201
 30
0.0
 11
1.732283464566931
 21
-0.0699999999999935
 31
0.0
  0
LINE
  5
330
330
313
100
AcDbEntity
  8
SLD-0
 62
     0
100
AcDbLine
 10
0.0000000000000153
 20
-2.981181102362207
 30
0.0
 11
0.0
 21
-0.0700000000000001
 31
0.0
  0
LINE
  5
331
330
313
100
AcDbEntity
  8
SLD-0
 62
     0
100
AcDbLine
 10
1.662283464566935
 20
-3.051181102362201
 30
0.0
 11
0.0700000000000154
 21
-3.051181102362208
 31
0.0
  0
LINE
  5
332
330
313
100
AcDbEntity
  8
SLD-0
 62
     0
100
AcDbLine
 10
0.0000000000000219
 20
-6.03236220472442
 30
0.0
 11
0.0000000000000153
 21
-3.121181102362208
 31
0.0
  0
LINE
  5
333
330
313
100
AcDbEntity
  8
SLD-0
 62
     0
100
AcDbLine
 10
1.73228346456695
 20
-6.032362204724413
 30
0.0
 11
1.732283464566935
 21
-3.121181102362201
 31
0.0
  0
LINE
  5
334
330
313
100
AcDbEntity
  8
SLD-0
 62
     0
100
AcDbLine
 10
1.66228346456695
 20
-6.102362204724413
 30
0.0
 11
0.0700000000000219
 21
-6.102362204724419
 31
0.0
  0
ENDBLK
  5
315
330
313
100
AcDbEntity
  8
0
100
AcDbBlockEnd
  0
BLOCK
  5
381
330
380
100
AcDbEntity
  8
0
100
AcDbBlockBegin
  2
_D_13
 70
     0
 10
0.0
 20
0.0
 30
0.0
  3
_D_13
  1

  0
SOLID
  5
383
330
380
100
AcDbEntity
  8
SLD-0
100
AcDbTrace
 10
2.030001856975428
 20
10.01087492704347
 30
0.0
 11
2.160001856975428
 21
9.990874927043466
 31
0.0
 12
2.160001856975428
 22
10.03087492704346
 32
0.0
 13
2.160001856975428
 23
10.03087492704346
 33
0.0
  0
SOLID
  5
384
330
380
100
AcDbEntity
  8
SLD-0
100
AcDbTrace
 10
1.911891620754956
 20
10.01087492704347
 30
0.0
 11
1.781891620754956
 21
10.03087492704347
 31
0.0
 12
1.781891620754956
 22
9.99087492704347
 32
0.0
 13
1.781891620754956
 23
9.99087492704347
 33
0.0
  0
LINE
  5
385
330
380
100
AcDbEntity
  8
SLD-0
100
AcDbLine
 10
1.49335863516238
 20
10.11009368002664
 30
0.0
 11
1.455272698051042
 21
10.11009368002664
 31
0.0
  0
LINE
  5
386
330
380
100
AcDbEntity
  8
SLD-0
100
AcDbLine
 10
1.455272698051042
 20
10.11009368002664
 30
0.0
 11
1.455272698051042
 21
9.911656174060308
 31
0.0
  0
LINE
  5
387
330
380
100
AcDbEntity
  8
SLD-0
100
AcDbLine
 10
1.455272698051042
 20
9.911656174060308
 30
0.0
 11
1.49335863516238
 21
9.911656174060308
 31
0.0
  0
LINE
  5
388
330
380
100
AcDbEntity
  8
SLD-0
100
AcDbLine
 10
1.585719746532273
 20
10.11009368002664
 30
0.0
 11
1.623805683643611
 21
10.11009368002664
 31
0.0
  0
LINE
  5
389
330
380
100
AcDbEntity
  8
SLD-0
100
AcDbLine
 10
1.623805683643611
 20
10.11009368002664
 30
0.0
 11
1.623805683643611
 21
9.911656174060308
 31
0.0
  0
LINE
  5
38A
330
380
100
AcDbEntity
  8
SLD-0
100
AcDbLine
 10
1.623805683643611
 20
9.911656174060308
 30
0.0
 11
1.585719746532273
 21
9.911656174060308
 31
0.0
  0
LINE
  5
38B
330
380
100
AcDbEntity
  8
SLD-0
100
AcDbLine
 10
2.03000185697542
 20
9.283432289424058
 30
0.0
 11
2.030001856975429
 21
10.13587492704347
 31
0.0
  0
LINE
  5
38C
330
380
100
AcDbEntity
  8
SLD-0
100
AcDbLine
 10
1.911891620754953
 20
9.755160636035136
 30
0.0
 11
1.911891620754957
 21
10.13587492704347
 31
0.0
  0
LINE
  5
38D
330
380
100
AcDbEntity
  8
SLD-0
100
AcDbLine
 10
2.030001856975428
 20
10.01087492704347
 30
0.0
 11
2.280001856975428
 21
10.01087492704347
 31
0.0
  0
LINE
  5
38E
330
380
100
AcDbEntity
  8
SLD-0
100
AcDbLine
 10
1.911891620754956
 20
10.01087492704347
 30
0.0
 11
1.687258908072358
 21
10.01087492704347
 31
0.0
  0
MTEXT
  5
38F
330
380
100
AcDbEntity
  8
SLD-0
100
AcDbMText
 10
1.093922861978517
 20
10.07278965528165
 30
0.0
 40
0.125
 41
0.0
 71
     1
 72
     1
  1
.118
  7
SLDTEXTSTYLE1
 73
     1
 44
1.0
  0
MTEXT
  5
390
330
380
100
AcDbEntity
  8
SLD-0
100
AcDbMText
 10
1.49335863516238
 20
10.07278965528165
 30
0.0
 40
0.125
 41
0.0
 71
     1
 72
     1
  1
3
  7
SLDTEXTSTYLE1
 73
     1
 44
1.0
  0
ENDBLK
  5
382
330
380
100
AcDbEntity
  8
0
100
AcDbBlockEnd
  0
BLOCK
  5
393
330
392
100
AcDbEntity
  8
0
100
AcDbBlockBegin
  2
_D_14
 70
     0
 10
0.0
 20
0.0
 30
0.0
  3
_D_14
  1

  0
SOLID
  5
395
330
392
100
AcDbEntity
  8
SLD-0
100
AcDbTrace
 10
2.541107523262035
 20
9.650752525355992
 30
0.0
 11
2.521107523262034
 21
9.520752525355991
 31
0.0
 12
2.561107523262034
 22
9.520752525355991
 32
0.0
 13
2.561107523262034
 23
9.520752525355991
 33
0.0
  0
SOLID
  5
396
330
392
100
AcDbEntity
  8
SLD-0
100
AcDbTrace
 10
2.541107523262037
 20
9.768862761576464
 30
0.0
 11
2.561107523262038
 21
9.898862761576465
 31
0.0
 12
2.521107523262038
 22
9.898862761576465
 32
0.0
 13
2.521107523262038
 23
9.898862761576465
 33
0.0
  0
LINE
  5
397
330
392
100
AcDbEntity
  8
SLD-0
100
AcDbLine
 10
3.115910583763308
 20
10.13765273514475
 30
0.0
 11
3.077824646651971
 21
10.13765273514475
 31
0.0
  0
LINE
  5
398
330
392
100
AcDbEntity
  8
SLD-0
100
AcDbLine
 10
3.077824646651971
 20
10.13765273514475
 30
0.0
 11
3.077824646651971
 21
9.939215229178416
 31
0.0
  0
LINE
  5
399
330
392
100
AcDbEntity
  8
SLD-0
100
AcDbLine
 10
3.077824646651971
 20
9.939215229178416
 30
0.0
 11
3.115910583763308
 21
9.939215229178416
 31
0.0
  0
LINE
  5
39A
330
392
100
AcDbEntity
  8
SLD-0
100
AcDbLine
 10
3.208271695133202
 20
10.13765273514475
 30
0.0
 11
3.24635763224454
 21
10.13765273514475
 31
0.0
  0
LINE
  5
39B
330
392
100
AcDbEntity
  8
SLD-0
100
AcDbLine
 10
3.24635763224454
 20
10.13765273514475
 30
0.0
 11
3.24635763224454
 21
9.939215229178416
 31
0.0
  0
LINE
  5
39C
330
392
100
AcDbEntity
  8
SLD-0
100
AcDbLine
 10
3.24635763224454
 20
9.939215229178416
 30
0.0
 11
3.208271695133202
 21
9.939215229178416
 31
0.0
  0
LINE
  5
39D
330
392
100
AcDbEntity
  8
SLD-0
100
AcDbLine
 10
2.355592408156527
 20
9.650752525355994
 30
0.0
 11
2.666107523262035
 21
9.650752525355992
 31
0.0
  0
LINE
  5
39E
330
392
100
AcDbEntity
  8
SLD-0
100
AcDbLine
 10
2.355592408156528
 20
9.768862761576468
 30
0.0
 11
2.666107523262037
 21
9.768862761576464
 31
0.0
  0
LINE
  5
39F
330
392
100
AcDbEntity
  8
SLD-0
100
AcDbLine
 10
2.691107523262035
 20
10.03843398216158
 30
0.0
 11
2.541107523262035
 21
10.03843398216158
 31
0.0
  0
LINE
  5
3A0
330
392
100
AcDbEntity
  8
SLD-0
100
AcDbLine
 10
2.541107523262035
 20
10.03843398216158
 30
0.0
 11
2.541107523262037
 21
9.768862761576464
 31
0.0
  0
LINE
  5
3A1
330
392
100
AcDbEntity
  8
SLD-0
100
AcDbLine
 10
2.541107523262035
 20
9.650752525355992
 30
0.0
 11
2.541107523262035
 21
9.400752525355992
 31
0.0
  0
MTEXT
  5
3A2
330
392
100
AcDbEntity
  8
SLD-0
100
AcDbMText
 10
2.716474810579446
 20
10.10034871039975
 30
0.0
 40
0.125
 41
0.0
 71
     1
 72
     1
  1
.118
  7
SLDTEXTSTYLE1
 73
     1
 44
1.0
  0
MTEXT
  5
3A3
330
392
100
AcDbEntity
  8
SLD-0
100
AcDbMText
 10
3.115910583763308
 20
10.10034871039975
 30
0.0
 40
0.125
 41
0.0
 71
     1
 72
     1
  1
3
  7
SLDTEXTSTYLE1
 73
     1
 44
1.0
  0
ENDBLK
  5
394
330
392
100
AcDbEntity
  8
0
100
AcDbBlockEnd
  0
BLOCK
  5
3A6
330
3A5
100
AcDbEntity
  8
0
100
AcDbBlockBegin
  2
_D_15
 70
     0
 10
0.0
 20
0.0
 30
0.0
  3
_D_15
  1

  0
SOLID
  5
3A8
330
3A5
100
AcDbEntity
  8
SLD-0
100
AcDbTrace
 10
2.207167211306139
 20
10.24325145953406
 30
0.0
 11
2.337167211306139
 21
10.22325145953406
 31
0.0
 12
2.337167211306139
 22
10.26325145953406
 32
0.0
 13
2.337167211306139
 23
10.26325145953406
 33
0.0
  0
SOLID
  5
3A9
330
3A5
100
AcDbEntity
  8
SLD-0
100
AcDbTrace
 10
2.030001856975431
 20
10.24325145953406
 30
0.0
 11
1.900001856975431
 21
10.26325145953406
 31
0.0
 12
1.90000185697543
 22
10.22325145953406
 32
0.0
 13
1.90000185697543
 23
10.22325145953406
 33
0.0
  0
LINE
  5
3AA
330
3A5
100
AcDbEntity
  8
SLD-0
100
AcDbLine
 10
1.377907268866415
 20
10.34247021251723
 30
0.0
 11
1.339821331755077
 21
10.34247021251723
 31
0.0
  0
LINE
  5
3AB
330
3A5
100
AcDbEntity
  8
SLD-0
100
AcDbLine
 10
1.339821331755077
 20
10.34247021251723
 30
0.0
 11
1.339821331755077
 21
10.1440327065509
 31
0.0
  0
LINE
  5
3AC
330
3A5
100
AcDbEntity
  8
SLD-0
100
AcDbLine
 10
1.339821331755077
 20
10.1440327065509
 30
0.0
 11
1.377907268866415
 21
10.1440327065509
 31
0.0
  0
LINE
  5
3AD
330
3A5
100
AcDbEntity
  8
SLD-0
100
AcDbLine
 10
1.701171167827602
 20
10.34247021251723
 30
0.0
 11
1.73925710493894
 21
10.34247021251723
 31
0.0
  0
LINE
  5
3AE
330
3A5
100
AcDbEntity
  8
SLD-0
100
AcDbLine
 10
1.73925710493894
 20
10.34247021251723
 30
0.0
 11
1.73925710493894
 21
10.1440327065509
 31
0.0
  0
LINE
  5
3AF
330
3A5
100
AcDbEntity
  8
SLD-0
100
AcDbLine
 10
1.73925710493894
 20
10.1440327065509
 30
0.0
 11
1.701171167827602
 21
10.1440327065509
 31
0.0
  0
LINE
  5
3B0
330
3A5
100
AcDbEntity
  8
SLD-0
100
AcDbLine
 10
2.20716721130613
 20
9.36217244690437
 30
0.0
 11
2.207167211306141
 21
10.36825145953406
 31
0.0
  0
LINE
  5
3B1
330
3A5
100
AcDbEntity
  8
SLD-0
100
AcDbLine
 10
2.03000185697542
 20
9.283432289424058
 30
0.0
 11
2.030001856975432
 21
10.36825145953406
 31
0.0
  0
LINE
  5
3B2
330
3A5
100
AcDbEntity
  8
SLD-0
100
AcDbLine
 10
2.207167211306139
 20
10.24325145953406
 30
0.0
 11
2.457167211306139
 21
10.24325145953406
 31
0.0
  0
LINE
  5
3B3
330
3A5
100
AcDbEntity
  8
SLD-0
100
AcDbLine
 10
2.030001856975431
 20
10.24325145953406
 30
0.0
 11
1.802710274368323
 21
10.24325145953406
 31
0.0
  0
MTEXT
  5
3B4
330
3A5
100
AcDbEntity
  8
SLD-0
100
AcDbMText
 10
0.9784714956825519
 20
10.30516618777224
 30
0.0
 40
0.125
 41
0.0
 71
     1
 72
     1
  1
.177
  7
SLDTEXTSTYLE1
 73
     1
 44
1.0
  0
MTEXT
  5
3B5
330
3A5
100
AcDbEntity
  8
SLD-0
100
AcDbMText
 10
1.377907268866415
 20
10.30516618777224
 30
0.0
 40
0.125
 41
0.0
 71
     1
 72
     1
  1
4.50
  7
SLDTEXTSTYLE1
 73
     1
 44
1.0
  0
ENDBLK
  5
3A7
330
3A5
100
AcDbEntity
  8
0
100
AcDbBlockEnd
  0
ENDSEC
  0
SECTION
  2
ENTITIES
  0
LINE
  5
96
330
1F
100
AcDbEntity
  8
0
  6
Continuous
 62
     7
370
    18
100
AcDbLine
 10
0.62625160462131
 20
10.64207317073171
 30
0.0
 11
16.37625160462131
 21
10.64207317073171
 31
0.0
  0
LINE
  5
97
330
1F
100
AcDbEntity
  8
0
  6
Continuous
 62
     7
370
    18
100
AcDbLine
 10
0.62625160462131
 20
10.64207317073171
 30
0.0
 11
0.6262516046213078
 21
0.3920731707317083
 31
0.0
  0
LINE
  5
98
330
1F
100
AcDbEntity
  8
0
  6
Continuous
 62
     7
370
    18
100
AcDbLine
 10
16.37625160462131
 20
0.3920731707317063
 30
0.0
 11
0.6262516046213078
 21
0.3920731707317083
 31
0.0
  0
LINE
  5
99
330
1F
100
AcDbEntity
  8
0
  6
Continuous
 62
     7
370
    18
100
AcDbLine
 10
16.37625160462131
 20
0.3920731707317063
 30
0.0
 11
16.37625160462131
 21
10.64207317073171
 31
0.0
  0
LINE
  5
9A
330
1F
100
AcDbEntity
  8
0
  6
Continuous
 62
     7
370
    18
100
AcDbLine
 10
16.37625160462131
 20
8.075292174796747
 30
0.0
 11
16.50125160462131
 21
8.075292174796747
 31
0.0
  0
LINE
  5
9B
330
1F
100
AcDbEntity
  8
0
  6
Continuous
 62
     7
370
    18
100
AcDbLine
 10
16.37625160462131
 20
5.512792174796748
 30
0.0
 11
16.50125160462131
 21
5.512792174796748
 31
0.0
  0
LINE
  5
9C
330
1F
100
AcDbEntity
  8
0
  6
Continuous
 62
     7
370
    18
100
AcDbLine
 10
16.37625160462131
 20
5.512792174796748
 30
0.0
 11
16.44343303372487
 21
5.536801825261146
 31
0.0
  0
LINE
  5
9D
330
1F
100
AcDbEntity
  8
0
  6
Continuous
 62
     7
370
    18
100
AcDbLine
 10
16.37625160462131
 20
5.512792174796748
 30
0.0
 11
16.44343303372487
 21
5.490213649322022
 31
0.0
  0
LINE
  5
9E
330
1F
100
AcDbEntity
  8
0
  6
Continuous
 62
     7
370
    18
100
AcDbLine
 10
16.44343303372487
 20
5.536801825261146
 30
0.0
 11
16.44343303372487
 21
5.490213649322022
 31
0.0
  0
LINE
  5
9F
330
1F
100
AcDbEntity
  8
0
  6
Continuous
 62
     7
370
    18
100
AcDbLine
 10
16.37625160462131
 20
5.512792174796748
 30
0.0
 11
16.44343303372487
 21
5.521830333115139
 31
0.0
  0
LINE
  5
A0
330
1F
100
AcDbEntity
  8
0
  6
Continuous
 62
     7
370
    18
100
AcDbLine
 10
16.37625160462131
 20
5.512792174796748
 30
0.0
 11
16.44343303372487
 21
5.502484054780475
 31
0.0
  0
LINE
  5
A1
330
1F
100
AcDbEntity
  8
0
  6
Continuous
 62
     7
370
    18
100
AcDbLine
 10
16.37625160462131
 20
2.950292174796748
 30
0.0
 11
16.50125160462131
 21
2.950292174796748
 31
0.0
  0
LINE
  5
A2
330
1F
100
AcDbEntity
  8
0
  6
Continuous
 62
     7
370
    18
100
AcDbLine
 10
0.6262516046213078
 20
2.954573170731706
 30
0.0
 11
0.5012516046213085
 21
2.954573170731706
 31
0.0
  0
LINE
  5
A3
330
1F
100
AcDbEntity
  8
0
  6
Continuous
 62
     7
370
    18
100
AcDbLine
 10
0.6262516046213078
 20
5.517073170731706
 30
0.0
 11
0.5590701755177548
 21
5.506765050715432
 31
0.0
  0
LINE
  5
A4
330
1F
100
AcDbEntity
  8
0
  6
Continuous
 62
     7
370
    18
100
AcDbLine
 10
0.6262516046213078
 20
5.517073170731706
 30
0.0
 11
0.5590701755177526
 21
5.526111329050096
 31
0.0
  0
LINE
  5
A5
330
1F
100
AcDbEntity
  8
0
  6
Continuous
 62
     7
370
    18
100
AcDbLine
 10
0.5590701755177526
 20
5.541082821196104
 30
0.0
 11
0.5590701755177548
 21
5.49449464525698
 31
0.0
  0
LINE
  5
A6
330
1F
100
AcDbEntity
  8
0
  6
Continuous
 62
     7
370
    18
100
AcDbLine
 10
0.6262516046213078
 20
5.517073170731706
 30
0.0
 11
0.5590701755177548
 21
5.49449464525698
 31
0.0
  0
LINE
  5
A7
330
1F
100
AcDbEntity
  8
0
  6
Continuous
 62
     7
370
    18
100
AcDbLine
 10
0.6262516046213078
 20
5.517073170731706
 30
0.0
 11
0.5590701755177526
 21
5.541082821196104
 31
0.0
  0
LINE
  5
A8
330
1F
100
AcDbEntity
  8
0
  6
Continuous
 62
     7
370
    18
100
AcDbLine
 10
0.6262516046213078
 20
5.517073170731706
 30
0.0
 11
0.5012516046213085
 21
5.517073170731706
 31
0.0
  0
LINE
  5
A9
330
1F
100
AcDbEntity
  8
0
  6
Continuous
 62
     7
370
    18
100
AcDbLine
 10
0.6262516046213078
 20
8.079573170731706
 30
0.0
 11
0.5012516046213085
 21
8.079573170731706
 31
0.0
  0
LINE
  5
AA
330
1F
100
AcDbEntity
  8
SLD-0
370
    18
100
AcDbLine
 10
13.61753160902909
 20
1.04006749788811
 30
0.0
 11
13.61753160902909
 21
0.3920731707317066
 31
0.0
  0
LINE
  5
AB
330
1F
100
AcDbEntity
  8
SLD-0
370
    18
100
AcDbLine
 10
14.01307635658388
 20
1.04006749788811
 30
0.0
 11
14.01307635658388
 21
1.675293378285813
 31
0.0
  0
LINE
  5
AC
330
1F
100
AcDbEntity
  8
0
  6
Continuous
 62
     7
370
    18
100
AcDbLine
 10
10.55158691045879
 20
0.3920731707317063
 30
0.0
 11
10.55158691045879
 21
1.675293378285813
 31
0.0
  0
LINE
  5
AD
330
1F
100
AcDbEntity
  8
0
  6
Continuous
 62
     7
370
    18
100
AcDbLine
 10
10.55158691045879
 20
1.675293378285813
 30
0.0
 11
16.37625160462131
 21
1.675293378285813
 31
0.0
  0
LINE
  5
AE
330
1F
100
AcDbEntity
  8
0
  6
Continuous
 62
     7
370
    18
100
AcDbLine
 10
12.07762721996511
 20
1.675293378285813
 30
0.0
 11
12.07762721996509
 21
0.3920731707317066
 31
0.0
  0
LINE
  5
AF
330
1F
100
AcDbEntity
  8
0
  6
Continuous
 62
     7
370
    18
100
AcDbLine
 10
13.61753160902909
 20
0.6049590100983067
 30
0.0
 11
16.37625160462131
 21
0.6049590100983067
 31
0.0
  0
LINE
  5
B0
330
1F
100
AcDbEntity
  8
0
  6
Continuous
 62
     7
370
    18
100
AcDbLine
 10
13.61753160902909
 20
1.04006749788811
 30
0.0
 11
16.37625160462119
 21
1.04006749788811
 31
0.0
  0
LINE
  5
B1
330
1F
100
AcDbEntity
  8
0
  6
Continuous
 62
     7
370
    18
100
AcDbLine
 10
12.07762721996509
 20
0.3920731707317066
 30
0.0
 11
13.61753160902909
 21
0.3920731707317066
 31
0.0
  0
LINE
  5
B2
330
1F
100
AcDbEntity
  8
0
  6
Continuous
 62
     7
370
    18
100
AcDbLine
 10
14.01307635658388
 20
1.04006749788811
 30
0.0
 11
14.01307635658388
 21
0.6049590100983065
 31
0.0
  0
LINE
  5
B3
330
1F
100
AcDbEntity
  8
0
  6
Continuous
 62
     7
370
    18
100
AcDbLine
 10
14.44066812220909
 20
0.6049590100983068
 30
0.0
 11
14.44066812220909
 21
0.3920731707317063
 31
0.0
  0
LINE
  5
B4
330
1F
100
AcDbEntity
  8
0
  6
Continuous
 62
     7
370
    18
100
AcDbLine
 10
15.69807081918202
 20
1.04006749788811
 30
0.0
 11
15.69807081918202
 21
0.6049590100983067
 31
0.0
  0
LINE
  5
B5
330
1F
100
AcDbEntity
  8
0
  6
Continuous
 62
     7
370
    18
100
AcDbLine
 10
15.41258026771991
 20
0.6049590100983067
 30
0.0
 11
15.41258026771991
 21
0.3920731707317064
 31
0.0
  0
LINE
  5
B6
330
1F
100
AcDbEntity
  8
SLD-0
 62
     7
100
AcDbLine
 10
12.0776272199651
 20
1.07811906954047
 30
0.0
 11
10.55158691045879
 21
1.07811906954047
 31
0.0
  0
LINE
  5
B7
330
1F
100
AcDbEntity
  8
0
  6
Continuous
 62
     7
370
    18
100
AcDbLine
 10
10.55158691045879
 20
0.5000140142209585
 30
0.0
 11
13.61753160902908
 21
0.5000140142209585
 31
0.0
  0
LINE
  5
B8
330
1F
100
AcDbEntity
  8
0
  6
Continuous
 62
     7
370
    18
100
AcDbLine
 10
13.61753160902909
 20
0.7207988826595074
 30
0.0
 11
12.07762721996509
 21
0.7207988826595074
 31
0.0
  0
LINE
  5
B9
330
1F
100
AcDbEntity
  8
0
  6
Continuous
 62
     7
370
    18
100
AcDbLine
 10
12.07762721996509
 20
0.6191385114511044
 30
0.0
 11
13.61753160902909
 21
0.6191385114511044
 31
0.0
  0
LINE
  5
BA
330
1F
100
AcDbEntity
  8
0
  6
Continuous
 62
     7
370
    18
100
AcDbLine
 10
13.08157949189391
 20
0.7207988826595074
 30
0.0
 11
13.08157949189391
 21
0.3920731707317066
 31
0.0
  0
LINE
  5
BB
330
1F
100
AcDbEntity
  8
0
  6
Continuous
 62
     7
370
    18
100
AcDbLine
 10
12.66995543881253
 20
0.7207988826595074
 30
0.0
 11
12.66995543881253
 21
0.3920731707317066
 31
0.0
  0
LINE
  5
BC
330
1F
100
AcDbEntity
  8
SLD-0
 62
     7
100
AcDbLine
 10
14.01307635658388
 20
1.365102449650768
 30
0.0
 11
12.07762721996509
 21
1.365102449650768
 31
0.0
  0
LINE
  5
BD
330
1F
100
AcDbEntity
  8
SLD-0
 62
     7
100
AcDbLine
 10
12.07762721996509
 20
1.04006749788811
 30
0.0
 11
13.61753160902909
 21
1.04006749788811
 31
0.0
  0
LINE
  5
BE
330
1F
100
AcDbEntity
  8
0
  6
Continuous
 62
     7
370
    18
100
AcDbLine
 10
14.40725160462131
 20
0.3920731707317066
 30
0.0
 11
14.40725160462131
 21
0.3072739649341768
 31
0.0
  0
LINE
  5
BF
330
1F
100
AcDbEntity
  8
0
  6
Continuous
 62
     7
370
    18
100
AcDbLine
 10
12.43850160462131
 20
0.3920731707317069
 30
0.0
 11
12.43850160462131
 21
0.3072739649341762
 31
0.0
  0
LINE
  5
C0
330
1F
100
AcDbEntity
  8
0
  6
Continuous
 62
     7
370
    18
100
AcDbLine
 10
10.46975160462131
 20
0.3920731707317071
 30
0.0
 11
10.46975160462131
 21
0.3072739649341779
 31
0.0
  0
LINE
  5
C1
330
1F
100
AcDbEntity
  8
0
  6
Continuous
 62
     7
370
    18
100
AcDbLine
 10
8.50100160462131
 20
0.3920731707317074
 30
0.0
 11
8.501001604621312
 21
0.3072739649341792
 31
0.0
  0
LINE
  5
C2
330
1F
100
AcDbEntity
  8
0
  6
Continuous
 62
     7
370
    18
100
AcDbLine
 10
6.53225160462131
 20
0.3920731707317076
 30
0.0
 11
6.532251604621311
 21
0.3072739649341809
 31
0.0
  0
LINE
  5
C3
330
1F
100
AcDbEntity
  8
0
  6
Continuous
 62
     7
370
    18
100
AcDbLine
 10
4.563501604621313
 20
0.3920731707317077
 30
0.0
 11
4.563501604621312
 21
0.3072739649341806
 31
0.0
  0
LINE
  5
C4
330
1F
100
AcDbEntity
  8
0
  6
Continuous
 62
     7
370
    18
100
AcDbLine
 10
2.594751604621312
 20
0.3920731707317081
 30
0.0
 11
2.594751604621312
 21
0.3072739649341801
 31
0.0
  0
LINE
  5
C5
330
1F
100
AcDbEntity
  8
0
  6
Continuous
 62
     7
370
    18
100
AcDbLine
 10
2.594751604621312
 20
10.6420731707317
 30
0.0
 11
2.594751604621312
 21
10.72687237652923
 31
0.0
  0
LINE
  5
C6
330
1F
100
AcDbEntity
  8
0
  6
Continuous
 62
     7
370
    18
100
AcDbLine
 10
4.563501604621313
 20
10.64207317073171
 30
0.0
 11
4.563501604621312
 21
10.72687237652923
 31
0.0
  0
LINE
  5
C7
330
1F
100
AcDbEntity
  8
0
  6
Continuous
 62
     7
370
    18
100
AcDbLine
 10
6.53225160462131
 20
10.64207317073171
 30
0.0
 11
6.532251604621311
 21
10.72687237652923
 31
0.0
  0
LINE
  5
C8
330
1F
100
AcDbEntity
  8
0
  6
Continuous
 62
     7
370
    18
100
AcDbLine
 10
8.50100160462131
 20
10.6420731707317
 30
0.0
 11
8.501001604621312
 21
10.72687237652923
 31
0.0
  0
LINE
  5
C9
330
1F
100
AcDbEntity
  8
0
  6
Continuous
 62
     7
370
    18
100
AcDbLine
 10
10.46975160462131
 20
10.6420731707317
 30
0.0
 11
10.46975160462131
 21
10.72687237652923
 31
0.0
  0
LINE
  5
CA
330
1F
100
AcDbEntity
  8
0
  6
Continuous
 62
     7
370
    18
100
AcDbLine
 10
12.43850160462131
 20
10.64207317073171
 30
0.0
 11
12.43850160462131
 21
10.72687237652924
 31
0.0
  0
LINE
  5
CB
330
1F
100
AcDbEntity
  8
0
  6
Continuous
 62
     7
370
    18
100
AcDbLine
 10
14.40725160462131
 20
10.64207317073171
 30
0.0
 11
14.40725160462131
 21
10.72687237652924
 31
0.0
  0
LINE
  5
CC
330
1F
100
AcDbEntity
  8
0
  6
Continuous
 62
     7
370
    18
100
AcDbLine
 10
8.50100160462131
 20
10.6420731707317
 30
0.0
 11
8.487750487150963
 21
10.68400546264648
 31
0.0
  0
LINE
  5
CD
330
1F
100
AcDbEntity
  8
0
  6
Continuous
 62
     7
370
    18
100
AcDbLine
 10
8.50100160462131
 20
10.6420731707317
 30
0.0
 11
8.513556578459557
 21
10.68400546264648
 31
0.0
  0
LINE
  5
CE
330
1F
100
AcDbEntity
  8
0
  6
Continuous
 62
     7
370
    18
100
AcDbLine
 10
8.513556578459557
 20
10.68400546264648
 30
0.0
 11
8.487750487150963
 21
10.68400546264648
 31
0.0
  0
LINE
  5
CF
330
1F
100
AcDbEntity
  8
0
  6
Continuous
 62
     7
370
    18
100
AcDbLine
 10
8.493963064688218
 20
10.68400546264648
 30
0.0
 11
8.50100160462131
 21
10.6420731707317
 31
0.0
  0
LINE
  5
D0
330
1F
100
AcDbEntity
  8
0
  6
Continuous
 62
     7
370
    18
100
AcDbLine
 10
8.505910329182937
 20
10.68400546264648
 30
0.0
 11
8.50100160462131
 21
10.6420731707317
 31
0.0
  0
LINE
  5
D1
330
1F
100
AcDbEntity
  8
0
  6
Continuous
 62
     7
370
    18
100
AcDbLine
 10
8.50100160462131
 20
0.3920731707317074
 30
0.0
 11
8.513556578459557
 21
0.3574999999999978
 31
0.0
  0
LINE
  5
D2
330
1F
100
AcDbEntity
  8
0
  6
Continuous
 62
     7
370
    18
100
AcDbLine
 10
8.513556578459557
 20
0.3574999999999978
 30
0.0
 11
8.487750487150961
 21
0.3574999999999976
 31
0.0
  0
LINE
  5
D3
330
1F
100
AcDbEntity
  8
0
  6
Continuous
 62
     7
370
    18
100
AcDbLine
 10
8.487750487150961
 20
0.3574999999999976
 30
0.0
 11
8.50100160462131
 21
0.3920731707317074
 31
0.0
  0
INSERT
  5
D4
330
1F
100
AcDbEntity
  8
0
  6
Continuous
 62
     7
100
AcDbBlockReference
  2
POLYCASE LOGO
 10
14.01307635658388
 20
1.675293378285813
 30
0.0
  0
INSERT
  5
D5
330
1F
100
AcDbEntity
  8
0
  6
Continuous
 62
     7
100
AcDbBlockReference
  2
ThirdAngleProjectionBlock
 10
14.68747794174922
 20
0.4018370446796292
 30
0.0
 41
0.35
 42
0.35
 43
0.35
  0
MTEXT
  5
D7
330
1F
100
AcDbEntity
  8
0
  6
Continuous
 62
     7
370
     0
100
AcDbMText
 10
16.49131587336341
 20
9.491000214301582
 30
0.0
 40
0.09375
 41
0.0
 71
     1
 72
     1
  1
D
  7
SLDTEXTSTYLE1
 73
     1
 44
1.0
  0
MTEXT
  5
D8
330
1F
100
AcDbEntity
  8
0
  6
Continuous
 62
     7
370
     0
100
AcDbMText
 10
16.47118262444451
 20
6.905079610084671
 30
0.0
 40
0.09375
 41
0.0
 71
     1
 72
     1
  1
C
  7
SLDTEXTSTYLE1
 73
     1
 44
1.0
  0
MTEXT
  5
D9
330
1F
100
AcDbEntity
  8
0
  6
Continuous
 62
     7
370
     0
100
AcDbMText
 10
16.51147875959122
 20
4.379088075659842
 30
0.0
 40
0.09375
 41
0.0
 71
     1
 72
     1
  1
B
  7
SLDTEXTSTYLE1
 73
     1
 44
1.0
  0
MTEXT
  5
DA
330
1F
100
AcDbEntity
  8
0
  6
Continuous
 62
     7
370
     0
100
AcDbMText
 10
0.42600994952592
 20
1.755850097530989
 30
0.0
 40
0.09375
 41
0.0
 71
     1
 72
     1
  1
A
  7
SLDTEXTSTYLE1
 73
     1
 44
1.0
  0
MTEXT
  5
DB
330
1F
100
AcDbEntity
  8
0
  6
Continuous
 62
     7
370
     0
100
AcDbMText
 10
0.4264017314064332
 20
4.393245501745247
 30
0.0
 40
0.09375
 41
0.0
 71
     1
 72
     1
  1
B
  7
SLDTEXTSTYLE1
 73
     1
 44
1.0
  0
MTEXT
  5
DC
330
1F
100
AcDbEntity
  8
0
  6
Continuous
 62
     7
370
     0
100
AcDbMText
 10
0.4273144150377968
 20
6.910343824329684
 30
0.0
 40
0.09375
 41
0.0
 71
     1
 72
     1
  1
C
  7
SLDTEXTSTYLE1
 73
     1
 44
1.0
  0
MTEXT
  5
DD
330
1F
100
AcDbEntity
  8
0
  6
Continuous
 62
     7
370
     0
100
AcDbMText
 10
0.4286104799663905
 20
9.457547363155989
 30
0.0
 40
0.09375
 41
0.0
 71
     1
 72
     1
  1
D
  7
SLDTEXTSTYLE1
 73
     1
 44
1.0
  0
MTEXT
  5
DE
330
1F
100
AcDbEntity
  8
0
  6
Continuous
 62
     7
370
     0
100
AcDbMText
 10
15.40831673740517
 20
0.3013720120202233
 30
0.0
 40
0.09375
 41
0.0
 71
     1
 72
     1
  1
1
  7
SLDTEXTSTYLE1
 73
     1
 44
1.0
  0
MTEXT
  5
DF
330
1F
100
AcDbEntity
  8
0
  6
Continuous
 62
     7
370
     0
100
AcDbMText
 10
13.35229677699224
 20
0.3124391350954333
 30
0.0
 40
0.09375
 41
0.0
 71
     1
 72
     1
  1
2
  7
SLDTEXTSTYLE1
 73
     1
 44
1.0
  0
MTEXT
  5
E0
330
1F
100
AcDbEntity
  8
0
  6
Continuous
 62
     7
370
     0
100
AcDbMText
 10
11.3787703323618
 20
0.3116191842088642
 30
0.0
 40
0.09375
 41
0.0
 71
     1
 72
     1
  1
3
  7
SLDTEXTSTYLE1
 73
     1
 44
1.0
  0
MTEXT
  5
E1
330
1F
100
AcDbEntity
  8
0
  6
Continuous
 62
     7
370
     0
100
AcDbMText
 10
9.47012493161438
 20
0.3137237518307731
 30
0.0
 40
0.09375
 41
0.0
 71
     1
 72
     1
  1
4
  7
SLDTEXTSTYLE1
 73
     1
 44
1.0
  0
MTEXT
  5
E2
330
1F
100
AcDbEntity
  8
0
  6
Continuous
 62
     7
370
     0
100
AcDbMText
 10
7.485115555530295
 20
0.3105864247399713
 30
0.0
 40
0.09375
 41
0.0
 71
     1
 72
     1
  1
5
  7
SLDTEXTSTYLE1
 73
     1
 44
1.0
  0
MTEXT
  5
E3
330
1F
100
AcDbEntity
  8
0
  6
Continuous
 62
     7
370
     0
100
AcDbMText
 10
5.518825238567962
 20
0.3136554183937508
 30
0.0
 40
0.09375
 41
0.0
 71
     1
 72
     1
  1
6
  7
SLDTEXTSTYLE1
 73
     1
 44
1.0
  0
MTEXT
  5
E4
330
1F
100
AcDbEntity
  8
0
  6
Continuous
 62
     7
370
     0
100
AcDbMText
 10
3.557426675369239
 20
0.3132610152144716
 30
0.0
 40
0.09375
 41
0.0
 71
     1
 72
     1
  1
7
  7
SLDTEXTSTYLE1
 73
     1
 44
1.0
  0
MTEXT
  5
E5
330
1F
100
AcDbEntity
  8
0
  6
Continuous
 62
     7
370
     0
100
AcDbMText
 10
1.526774452736283
 20
0.3129627522563627
 30
0.0
 40
0.09375
 41
0.0
 71
     1
 72
     1
  1
8
  7
SLDTEXTSTYLE1
 73
     1
 44
1.0
  0
MTEXT
  5
E6
330
1F
100
AcDbEntity
  8
0
  6
Continuous
 62
     7
370
     0
100
AcDbMText
 10
1.509088868942966
 20
10.83149825655906
 30
0.0
 40
0.09375
 41
0.0
 71
     1
 72
     1
  1
8
  7
SLDTEXTSTYLE1
 73
     1
 44
1.0
  0
MTEXT
  5
E7
330
1F
100
AcDbEntity
  8
0
  6
Continuous
 62
     7
370
     0
100
AcDbMText
 10
3.550987027348082
 20
10.8286572974831
 30
0.0
 40
0.09375
 41
0.0
 71
     1
 72
     1
  1
7
  7
SLDTEXTSTYLE1
 73
     1
 44
1.0
  0
MTEXT
  5
E8
330
1F
100
AcDbEntity
  8
0
  6
Continuous
 62
     7
370
     0
100
AcDbMText
 10
5.498687686109724
 20
10.83674853076182
 30
0.0
 40
0.09375
 41
0.0
 71
     1
 72
     1
  1
6
  7
SLDTEXTSTYLE1
 73
     1
 44
1.0
  0
MTEXT
  5
E9
330
1F
100
AcDbEntity
  8
0
  6
Continuous
 62
     7
370
     0
100
AcDbMText
 10
7.478694681934729
 20
10.83728508813861
 30
0.0
 40
0.09375
 41
0.0
 71
     1
 72
     1
  1
5
  7
SLDTEXTSTYLE1
 73
     1
 44
1.0
  0
MTEXT
  5
EA
330
1F
100
AcDbEntity
  8
0
  6
Continuous
 62
     7
370
     0
100
AcDbMText
 10
9.464298724951778
 20
10.83565574490139
 30
0.0
 40
0.09375
 41
0.0
 71
     1
 72
     1
  1
4
  7
SLDTEXTSTYLE1
 73
     1
 44
1.0
  0
MTEXT
  5
EB
330
1F
100
AcDbEntity
  8
0
  6
Continuous
 62
     7
370
     0
100
AcDbMText
 10
11.43272810503306
 20
10.82952226384277
 30
0.0
 40
0.09375
 41
0.0
 71
     1
 72
     1
  1
3
  7
SLDTEXTSTYLE1
 73
     1
 44
1.0
  0
MTEXT
  5
EC
330
1F
100
AcDbEntity
  8
0
  6
Continuous
 62
     7
370
     0
100
AcDbMText
 10
13.40099498407439
 20
10.83620213783161
 30
0.0
 40
0.09375
 41
0.0
 71
     1
 72
     1
  1
2
  7
SLDTEXTSTYLE1
 73
     1
 44
1.0
  0
MTEXT
  5
ED
330
1F
100
AcDbEntity
  8
0
  6
Continuous
 62
     7
370
     0
100
AcDbMText
 10
15.42739700054809
 20
10.83006865677298
 30
0.0
 40
0.09375
 41
0.0
 71
     1
 72
     1
  1
1
  7
SLDTEXTSTYLE1
 73
     1
 44
1.0
  0
MTEXT
  5
EE
330
1F
100
AcDbEntity
  8
0
  6
Continuous
 62
     7
370
     0
100
AcDbMText
 10
16.48208092545103
 20
1.772625660203303
 30
0.0
 40
0.09375
 41
0.0
 71
     1
 72
     1
  1
A
  7
SLDTEXTSTYLE1
 73
     1
 44
1.0
  0
MTEXT
  5
F0
330
1F
100
AcDbEntity
  8
0
  6
Continuous
 62
     7
370
     0
100
AcDbMText
 10
15.50345245294732
 20
0.552423953209445
 30
0.0
 40
0.1
 41
0.0
 71
     1
 72
     1
  1
SHEET 1 OF 1
  7
SLDTEXTSTYLE2
 73
     1
 44
1.0
  0
MTEXT
  5
F1
330
1F
100
AcDbEntity
  8
0
  6
Continuous
 62
     7
370
     0
100
AcDbMText
 10
13.70493856936885
 20
0.5520987879167845
 30
0.0
 40
0.1
 41
0.0
 71
     1
 72
     1
  1
SCALE: 1:1
  7
SLDTEXTSTYLE1
 73
     1
 44
1.0
  0
MTEXT
  5
F2
330
1F
100
AcDbEntity
  8
0
  6
Continuous
 62
     7
370
     0
100
AcDbMText
 10
15.91697156344825
 20
1.013155187071694
 30
0.0
 40
0.1
 41
0.0
 71
     1
 72
     1
  1
REV
  7
SLDTEXTSTYLE1
 73
     1
 44
1.0
  0
MTEXT
  5
F4
330
1F
100
AcDbEntity
  8
0
  6
Continuous
 62
     7
370
     0
100
AcDbMText
 10
12.14351216703443
 20
1.666261815308056
 30
0.0
 40
0.1
 41
0.0
 71
     1
 72
     1
  1
PART  NO.
  7
SLDTEXTSTYLE3
 73
     1
 44
1.0
  0
MTEXT
  5
F5
330
1F
100
AcDbEntity
  8
0
  6
Continuous
 62
     7
370
     0
100
AcDbMText
 10
13.69828278678806
 20
1.012271348324422
 30
0.0
 40
0.1
 41
0.0
 71
     1
 72
     1
  1
SIZE
  7
SLDTEXTSTYLE1
 73
     1
 44
1.0
  0
INSERT
  5
108
330
1F
100
AcDbEntity
  8
0
  6
Continuous
 62
     7
370
     0
100
AcDbBlockReference
  2
SW_NOTE_1
 10
10.76915829455947
 20
1.575864064973028
 30
0.0
  0
INSERT
  5
112
330
1F
100
AcDbEntity
  8
0
  6
Continuous
 62
     7
370
     0
100
AcDbBlockReference
  2
SW_NOTE_2
 10
10.74342570515787
 20
0.9803889794249548
 30
0.0
  0
MTEXT
  5
113
330
1F
100
AcDbEntity
  8
0
  6
Continuous
 62
     7
370
     0
100
AcDbMText
 10
14.84879189841227
 20
1.011213260856825
 30
0.0
 40
0.09375
 41
0.0
 71
     2
 72
     1
  1
END CAP, AL, BLACK
  7
SLDTEXTSTYLE1
 73
     1
 44
1.0
  0
MTEXT
  5
114
330
1F
100
AcDbEntity
  8
0
  6
Continuous
 62
     7
370
     0
100
AcDbMText
 10
12.87738982015479
 20
0.4818065411061608
 30
0.0
 40
0.075
 41
0.0
 71
     2
 72
     1
  1
C.C.B.
  7
SLDTEXTSTYLE1
 73
     1
 44
1.0
  0
MTEXT
  5
115
330
1F
100
AcDbEntity
  8
0
  6
Continuous
 62
     7
370
     0
100
AcDbMText
 10
12.8753844366091
 20
0.5961084470723846
 30
0.0
 40
0.075
 41
0.0
 71
     2
 72
     1
  1
D.M.F.
  7
SLDTEXTSTYLE1
 73
     1
 44
1.0
  0
MTEXT
  5
116
330
1F
100
AcDbEntity
  8
0
  6
Continuous
 62
     7
370
     0
100
AcDbMText
 10
12.17641925404585
 20
0.4774219429256255
 30
0.0
 40
0.065
 41
0.0
 71
     1
 72
     1
  1
CHECKED
  7
SLDTEXTSTYLE1
 73
     1
 44
1.0
  0
MTEXT
  5
117
330
1F
100
AcDbEntity
  8
0
  6
Continuous
 62
     7
370
     0
100
AcDbMText
 10
12.21575139126761
 20
0.5881555534223825
 30
0.0
 40
0.065
 41
0.0
 71
     1
 72
     1
  1
DRAWN
  7
SLDTEXTSTYLE1
 73
     1
 44
1.0
  0
MTEXT
  5
118
330
1F
100
AcDbEntity
  8
0
  6
Continuous
 62
     7
370
     0
100
AcDbMText
 10
12.87529681979026
 20
0.7085563912301395
 30
0.0
 40
0.065
 41
0.0
 71
     2
 72
     1
  1
NAME
  7
SLDTEXTSTYLE1
 73
     1
 44
1.0
  0
MTEXT
  5
119
330
1F
100
AcDbEntity
  8
0
  6
Continuous
 62
     7
370
     0
100
AcDbMText
 10
13.34279873902259
 20
0.7085563912301378
 30
0.0
 40
0.065
 41
0.0
 71
     2
 72
     1
  1
DATE
  7
SLDTEXTSTYLE1
 73
     1
 44
1.0
  0
MTEXT
  5
11A
330
1F
100
AcDbEntity
  8
0
  6
Continuous
 62
     7
370
     0
100
AcDbMText
 10
13.35304909323515
 20
0.5982684489509422
 30
0.0
 40
0.075
 41
0.0
 71
     2
 72
     1
  1
8/1/2017
  7
SLDTEXTSTYLE1
 73
     1
 44
1.0
  0
MTEXT
  5
11B
330
1F
100
AcDbEntity
  8
0
  6
Continuous
 62
     7
370
     0
100
AcDbMText
 10
13.35125442557099
 20
0.4825348384541852
 30
0.0
 40
0.075
 41
0.0
 71
     2
 72
     1
  1
8/29/2017
  7
SLDTEXTSTYLE1
 73
     1
 44
1.0
  0
MTEXT
  5
11C
330
1F
100
AcDbEntity
  8
SLD-0
100
AcDbMText
 10
12.14351216703443
 20
1.343755052709976
 30
0.0
 40
0.1
 41
0.0
 71
     1
 72
     1
  1
MATERIAL
  7
SLDTEXTSTYLE1
 73
     1
 44
1.0
  0
MTEXT
  5
11D
330
1F
100
AcDbEntity
  8
SLD-0
100
AcDbMText
 10
12.14351216703443
 20
1.010842613998226
 30
0.0
 40
0.09375
 41
0.0
 71
     1
 72
     1
  1
FLAME RATING
  7
SLDTEXTSTYLE1
 73
     1
 44
1.0
  0
MTEXT
  5
11E
330
1F
100
AcDbEntity
  8
0
  6
Continuous
 62
     7
370
     0
100
AcDbMText
 10
13.81053105309451
 20
0.8769211917458042
 30
0.0
 40
0.25
 41
0.0
 71
     2
 72
     1
  1
B
  7
SLDTEXTSTYLE1
 73
     1
 44
1.0
  0
MTEXT
  5
11F
330
1F
100
AcDbEntity
  8
0
  6
Continuous
 62
     7
370
     0
100
AcDbMText
 10
16.04035698247749
 20
0.8743615284630426
 30
0.0
 40
0.2
 41
0.0
 71
     2
 72
     1
  1
-
  7
SLDTEXTSTYLE1
 73
     1
 44
1.0
  0
MTEXT
  5
120
330
1F
100
AcDbEntity
  8
0
  6
Continuous
 62
     7
370
     0
100
AcDbMText
 10
10.57086739829552
 20
0.4805910212397778
 30
0.0
 40
0.0625
 41
0.0
 71
     1
 72
     1
  1
CAD FILE: EX-63E
  7
SLDTEXTSTYLE1
 73
     1
 44
1.0
  0
MTEXT
  5
121
330
1F
100
AcDbEntity
  8
FORMAT
 62
     7
100
AcDbMText
 10
12.14351216703443
 20
1.525778835105779
 30
0.0
 40
0.1041666666666667
 41
0.0
 71
     1
 72
     1
  1
EX-63E-01
  7
SLDTEXTSTYLE1
 73
     1
 44
1.0
  0
MTEXT
  5
122
330
1F
100
AcDbEntity
  8
FORMAT
 62
     7
100
AcDbMText
 10
12.14351216703443
 20
1.210052341186322
 30
0.0
 40
0.1041666666666667
 41
0.0
 71
     1
 72
     1
  1
ALUMINUM ADC12
  7
SLDTEXTSTYLE1
 73
     1
 44
1.0
  0
INSERT
  5
137
330
1F
100
AcDbEntity
  8
SLD-0
100
AcDbBlockReference
  2
SW_TABLEANNOTATION_0
 10
6.076492716936154
 20
0.6461951637411483
 30
0.0
  0
ARC
  5
138
330
1F
100
AcDbEntity
  8
0
  6
Continuous
 62
     7
370
    35
100
AcDbCircle
 10
6.386800877838688
 20
5.977526777606617
 30
0.0
 40
3.202638503754806
100
AcDbArc
 50
258.501688508405
 51
268.0504945655155
  0
ARC
  5
139
330
1F
100
AcDbEntity
  8
0
  6
Continuous
 62
     7
370
    35
100
AcDbCircle
 10
5.800186704611703
 20
3.093791003367611
 30
0.0
 40
0.2598425196851291
100
AcDbArc
 50
180.0
 51
258.5016885084052
  0
LINE
  5
13A
330
1F
100
AcDbEntity
  8
0
  6
Continuous
 62
     7
370
    35
100
AcDbLine
 10
5.540344184926576
 20
3.093791003367611
 30
0.0
 11
5.540344184926577
 21
9.451813732960808
 31
0.0
  0
ARC
  5
13B
330
1F
100
AcDbEntity
  8
0
  6
Continuous
 62
     7
370
    35
100
AcDbCircle
 10
5.800186704611705
 20
9.451813732960808
 30
0.0
 40
0.2598425196851328
100
AcDbArc
 50
101.4983114915957
 51
180.0
  0
ARC
  5
13C
330
1F
100
AcDbEntity
  8
0
  6
Continuous
 62
     7
370
    35
100
AcDbCircle
 10
6.386800877838688
 20
6.568077958721805
 30
0.0
 40
3.202638503754807
100
AcDbArc
 50
91.94950543448662
 51
101.4983114915958
  0
LINE
  5
13D
330
1F
100
AcDbEntity
  8
0
  6
Continuous
 62
     7
370
    35
100
AcDbLine
 10
6.277851203458926
 20
9.768862761576468
 30
0.0
 11
6.99044962866057
 21
9.768862761576468
 31
0.0
  0
ARC
  5
13E
330
1F
100
AcDbEntity
  8
0
  6
Continuous
 62
     7
370
    35
100
AcDbCircle
 10
7.099399303038097
 20
6.568077958721802
 30
0.0
 40
3.202638503754732
100
AcDbArc
 50
78.50168850840276
 51
91.94950543444668
  0
ARC
  5
13F
330
1F
100
AcDbEntity
  8
0
  6
Continuous
 62
     7
370
    35
100
AcDbCircle
 10
7.68601347626516
 20
9.451813732960808
 30
0.0
 40
0.2598425196850396
100
AcDbArc
 50
0.0
 51
78.50168850840313
  0
LINE
  5
140
330
1F
100
AcDbEntity
  8
0
  6
Continuous
 62
     7
370
    35
100
AcDbLine
 10
7.945855995950199
 20
9.451813732960808
 30
0.0
 11
7.945855995950198
 21
9.193086001727691
 31
0.0
  0
LINE
  5
141
330
1F
100
AcDbEntity
  8
0
  6
Continuous
 62
     7
370
    35
100
AcDbLine
 10
7.926170956580117
 20
9.173400962357606
 30
0.0
 11
7.945855995950199
 21
9.193086001727691
 31
0.0
  0
LINE
  5
142
330
1F
100
AcDbEntity
  8
0
  6
Continuous
 62
     7
370
    35
100
AcDbLine
 10
7.926170956580119
 20
9.173400962357606
 30
0.0
 11
7.926170956580117
 21
3.372203773970812
 31
0.0
  0
LINE
  5
143
330
1F
100
AcDbEntity
  8
0
  6
Continuous
 62
     7
370
    35
100
AcDbLine
 10
7.945855995950199
 20
3.352518734600733
 30
0.0
 11
7.926170956580117
 21
3.372203773970812
 31
0.0
  0
LINE
  5
144
330
1F
100
AcDbEntity
  8
0
  6
Continuous
 62
     7
370
    35
100
AcDbLine
 10
7.945855995950197
 20
3.352518734600731
 30
0.0
 11
7.945855995950199
 21
3.093791003367611
 31
0.0
  0
ARC
  5
145
330
1F
100
AcDbEntity
  8
0
  6
Continuous
 62
     7
370
    35
100
AcDbCircle
 10
7.686013476265158
 20
3.093791003367611
 30
0.0
 40
0.2598425196850407
100
AcDbArc
 50
281.4983114915982
 51
0.0
  0
ARC
  5
146
330
1F
100
AcDbEntity
  8
0
  6
Continuous
 62
     7
370
    35
100
AcDbCircle
 10
7.099399303038097
 20
5.97752677760662
 30
0.0
 40
3.202638503754734
100
AcDbArc
 50
268.0504945655547
 51
281.4983114915981
  0
LINE
  5
147
330
1F
100
AcDbEntity
  8
0
  6
Continuous
 62
     7
370
    35
100
AcDbLine
 10
6.9904496286606
 20
2.776741974751952
 30
0.0
 11
6.277851203458995
 21
2.776741974751954
 31
0.0
  0
ARC
  5
148
330
1F
100
AcDbEntity
  8
0
  6
Continuous
 62
     7
370
    35
100
AcDbCircle
 10
7.099399303038097
 20
6.568077958721802
 30
0.0
 40
3.084528267534262
100
AcDbArc
 50
78.50168850840272
 51
91.9864829208231
  0
LINE
  5
149
330
1F
100
AcDbEntity
  8
0
  6
Continuous
 62
     7
370
    35
100
AcDbLine
 10
6.279879647743567
 20
9.650752525355996
 30
0.0
 11
6.992478072945099
 21
9.650752525355996
 31
0.0
  0
ARC
  5
14A
330
1F
100
AcDbEntity
  8
0
  6
Continuous
 62
     7
370
    35
100
AcDbCircle
 10
6.386800877838688
 20
6.568077958721805
 30
0.0
 40
3.084528267534333
100
AcDbArc
 50
91.98648292086251
 51
101.4983114915957
  0
ARC
  5
14B
330
1F
100
AcDbEntity
  8
0
  6
Continuous
 62
     7
370
    35
100
AcDbCircle
 10
5.800186704611705
 20
9.451813732960808
 30
0.0
 40
0.141732283464659
100
AcDbArc
 50
101.4983114915948
 51
180.0
  0
LINE
  5
14C
330
1F
100
AcDbEntity
  8
0
  6
Continuous
 62
     7
370
    35
100
AcDbLine
 10
5.658454421147049
 20
3.093791003367611
 30
0.0
 11
5.658454421147049
 21
9.451813732960808
 31
0.0
  0
ARC
  5
14D
330
1F
100
AcDbEntity
  8
0
  6
Continuous
 62
     7
370
    35
100
AcDbCircle
 10
5.800186704611703
 20
3.093791003367611
 30
0.0
 40
0.1417322834646561
100
AcDbArc
 50
180.0
 51
258.5016885084054
  0
ARC
  5
14E
330
1F
100
AcDbEntity
  8
0
  6
Continuous
 62
     7
370
    35
100
AcDbCircle
 10
6.386800877838688
 20
5.977526777606617
 30
0.0
 40
3.084528267534333
100
AcDbArc
 50
258.501688508405
 51
268.0135170791386
  0
LINE
  5
14F
330
1F
100
AcDbEntity
  8
0
  6
Continuous
 62
     7
370
    35
100
AcDbLine
 10
6.992478072945143
 20
2.894852210972426
 30
0.0
 11
6.279879647743582
 21
2.894852210972426
 31
0.0
  0
ARC
  5
150
330
1F
100
AcDbEntity
  8
0
  6
Continuous
 62
     7
370
    35
100
AcDbCircle
 10
7.099399303038097
 20
5.97752677760662
 30
0.0
 40
3.08452826753426
100
AcDbArc
 50
268.0135170791785
 51
281.4983114915981
  0
ARC
  5
151
330
1F
100
AcDbEntity
  8
0
  6
Continuous
 62
     7
370
    35
100
AcDbCircle
 10
7.686013476265158
 20
3.093791003367611
 30
0.0
 40
0.1417322834645658
100
AcDbArc
 50
281.4983114915987
 51
0.0
  0
LINE
  5
152
330
1F
100
AcDbEntity
  8
0
  6
Continuous
 62
     7
370
    35
100
AcDbLine
 10
7.827745759729724
 20
3.391288249310119
 30
0.0
 11
7.827745759729724
 21
3.093791003367611
 31
0.0
  0
LINE
  5
153
330
1F
100
AcDbEntity
  8
0
  6
Continuous
 62
     7
370
    35
100
AcDbLine
 10
7.808060720359643
 20
3.410973288680204
 30
0.0
 11
7.827745759729725
 21
3.391288249310119
 31
0.0
  0
LINE
  5
154
330
1F
100
AcDbEntity
  8
0
  6
Continuous
 62
     7
370
    35
100
AcDbLine
 10
7.808060720359646
 20
9.134631447648207
 30
0.0
 11
7.808060720359646
 21
3.410973288680204
 31
0.0
  0
ARC
  5
155
330
1F
100
AcDbEntity
  8
0
  6
Continuous
 62
     7
370
    35
100
AcDbCircle
 10
7.68601347626516
 20
9.451813732960808
 30
0.0
 40
0.1417322834645667
100
AcDbArc
 50
0.0
 51
78.50168850840299
  0
LINE
  5
156
330
1F
100
AcDbEntity
  8
0
  6
Continuous
 62
     7
370
    35
100
AcDbLine
 10
7.827745759729724
 20
9.15431648701829
 30
0.0
 11
7.808060720359646
 21
9.134631447648209
 31
0.0
  0
LINE
  5
157
330
1F
100
AcDbEntity
  8
0
  6
Continuous
 62
     7
370
    35
100
AcDbLine
 10
7.827745759729726
 20
9.451813732960808
 30
0.0
 11
7.827745759729726
 21
9.154316487018292
 31
0.0
  0
ARC
  5
158
330
1F
100
AcDbEntity
  8
0
  6
Continuous
 62
     7
370
    35
100
AcDbCircle
 10
7.609241822721847
 20
6.272802368164212
 30
0.0
 40
0.2480314960629941
100
AcDbArc
 50
103.175890440136
 51
256.8241095598649
  0
ARC
  5
159
330
1F
100
AcDbEntity
  8
0
  6
Continuous
 62
     7
370
    35
100
AcDbCircle
 10
5.876958358154927
 20
6.272802368164212
 30
0.0
 40
0.2480314960629911
100
AcDbArc
 50
283.1758904401365
 51
76.8241095598641
  0
LINE
  5
15A
330
1F
100
AcDbEntity
  8
0
  6
Continuous
 62
     7
370
    35
100
AcDbLine
 10
6.18451323963941
 20
3.233432289424052
 30
0.0
 11
7.301686941237364
 21
3.23343228942405
 31
0.0
  0
LINE
  5
15B
330
1F
100
AcDbEntity
  8
0
  6
Continuous
 62
     7
370
    35
100
AcDbLine
 10
7.301686941237364
 20
3.292487407534288
 30
0.0
 11
6.18451323963941
 21
3.292487407534288
 31
0.0
  0
ARC
  5
15C
330
1F
100
AcDbEntity
  8
0
  6
Continuous
 62
     7
370
    35
100
AcDbCircle
 10
7.301686941237364
 20
3.312172446904365
 30
0.0
 40
0.0787401574803157
100
AcDbArc
 50
270.0000000000008
 51
0.0
  0
ARC
  5
15D
330
1F
100
AcDbEntity
  8
0
  6
Continuous
 62
     7
370
    35
100
AcDbCircle
 10
6.18451323963941
 20
3.312172446904365
 30
0.0
 40
0.0787401574803148
100
AcDbArc
 50
180.0
 51
270.0000000000008
  0
ARC
  5
15E
330
1F
100
AcDbEntity
  8
0
  6
Continuous
 62
     7
370
    35
100
AcDbCircle
 10
6.18451323963941
 20
3.312172446904365
 30
0.0
 40
0.0196850393700787
100
AcDbArc
 50
180.0
 51
270.0000000000008
  0
ARC
  5
15F
330
1F
100
AcDbEntity
  8
0
  6
Continuous
 62
     7
370
    35
100
AcDbCircle
 10
7.301686941237364
 20
3.312172446904365
 30
0.0
 40
0.0196850393700787
100
AcDbArc
 50
270.0000000000008
 51
0.0
  0
LINE
  5
160
330
1F
100
AcDbEntity
  8
0
  6
Continuous
 62
     7
370
    35
100
AcDbLine
 10
6.105773082159095
 20
3.371407092573653
 30
0.0
 11
6.105773082159095
 21
3.312172446904365
 31
0.0
  0
LINE
  5
161
330
1F
100
AcDbEntity
  8
0
  6
Continuous
 62
     7
370
    35
100
AcDbLine
 10
7.380427098717679
 20
3.312172446904365
 30
0.0
 11
7.380427098717679
 21
3.371407092573651
 31
0.0
  0
LINE
  5
162
330
1F
100
AcDbEntity
  8
0
  6
Continuous
 62
     7
370
    35
100
AcDbLine
 10
7.321371980607442
 20
3.371407092573651
 30
0.0
 11
7.321371980607442
 21
3.312172446904365
 31
0.0
  0
LINE
  5
163
330
1F
100
AcDbEntity
  8
0
  6
Continuous
 62
     7
370
    35
100
AcDbLine
 10
6.164828200269331
 20
3.312172446904365
 30
0.0
 11
6.164828200269331
 21
3.371407092573653
 31
0.0
  0
LINE
  5
164
330
1F
100
AcDbEntity
  8
0
  6
Continuous
 62
     7
370
    35
100
AcDbLine
 10
5.93798198020217
 20
3.450147250053968
 30
0.0
 11
6.027032924678779
 21
3.450147250053968
 31
0.0
  0
LINE
  5
165
330
1F
100
AcDbEntity
  8
0
  6
Continuous
 62
     7
370
    35
100
AcDbLine
 10
7.459167256197994
 20
3.450147250053968
 30
0.0
 11
7.548218200674603
 21
3.450147250053968
 31
0.0
  0
ARC
  5
166
330
1F
100
AcDbEntity
  8
0
  6
Continuous
 62
     7
370
    35
100
AcDbCircle
 10
7.459167256197994
 20
3.371407092573653
 30
0.0
 40
0.0787401574803153
100
AcDbArc
 50
90.0
 51
180.0000000000024
  0
ARC
  5
167
330
1F
100
AcDbEntity
  8
0
  6
Continuous
 62
     7
370
    35
100
AcDbCircle
 10
6.027032924678779
 20
3.371407092573653
 30
0.0
 40
0.0787401574803157
100
AcDbArc
 50
0.0
 51
90.0
  0
LINE
  5
168
330
1F
100
AcDbEntity
  8
0
  6
Continuous
 62
     7
370
    35
100
AcDbLine
 10
7.548218200674603
 20
3.509202368164207
 30
0.0
 11
7.459167256197994
 21
3.509202368164205
 31
0.0
  0
ARC
  5
169
330
1F
100
AcDbEntity
  8
0
  6
Continuous
 62
     7
370
    35
100
AcDbCircle
 10
7.459167256197994
 20
3.371407092573653
 30
0.0
 40
0.1377952755905518
100
AcDbArc
 50
90.0
 51
180.0000000000017
  0
ARC
  5
16A
330
1F
100
AcDbEntity
  8
0
  6
Continuous
 62
     7
370
    35
100
AcDbCircle
 10
6.027032924678779
 20
3.371407092573653
 30
0.0
 40
0.1377952755905518
100
AcDbArc
 50
0.0
 51
90.0
  0
LINE
  5
16B
330
1F
100
AcDbEntity
  8
0
  6
Continuous
 62
     7
370
    35
100
AcDbLine
 10
6.027032924678779
 20
3.509202368164205
 30
0.0
 11
5.93798198020217
 21
3.509202368164207
 31
0.0
  0
ARC
  5
16C
330
1F
100
AcDbEntity
  8
0
  6
Continuous
 62
     7
370
    35
100
AcDbCircle
 10
7.548218200674603
 20
3.528887407534283
 30
0.0
 40
0.0787401574803157
100
AcDbArc
 50
270.0000000000008
 51
0.0
  0
ARC
  5
16D
330
1F
100
AcDbEntity
  8
0
  6
Continuous
 62
     7
370
    35
100
AcDbCircle
 10
5.93798198020217
 20
3.528887407534283
 30
0.0
 40
0.0196850393700787
100
AcDbArc
 50
180.0
 51
270.0000000000008
  0
ARC
  5
16E
330
1F
100
AcDbEntity
  8
0
  6
Continuous
 62
     7
370
    35
100
AcDbCircle
 10
7.548218200674603
 20
3.528887407534283
 30
0.0
 40
0.0196850393700769
100
AcDbArc
 50
270.0000000000008
 51
0.0
  0
ARC
  5
16F
330
1F
100
AcDbEntity
  8
0
  6
Continuous
 62
     7
370
    35
100
AcDbCircle
 10
5.93798198020217
 20
3.528887407534283
 30
0.0
 40
0.0787401574803148
100
AcDbArc
 50
179.9999999999999
 51
270.0000000000008
  0
LINE
  5
170
330
1F
100
AcDbEntity
  8
0
  6
Continuous
 62
     7
370
    35
100
AcDbLine
 10
5.918296940832091
 20
3.528887407534283
 30
0.0
 11
5.918296940832093
 21
6.01213349603614
 31
0.0
  0
ARC
  5
171
330
1F
100
AcDbEntity
  8
0
  6
Continuous
 62
     7
370
    35
100
AcDbCircle
 10
5.937981980202173
 20
6.01213349603614
 30
0.0
 40
0.0196850393700805
100
AcDbArc
 50
103.1758904401382
 51
180.0
  0
LINE
  5
172
330
1F
100
AcDbEntity
  8
0
  6
Continuous
 62
     7
370
    35
100
AcDbLine
 10
5.859241822721858
 20
6.01213349603614
 30
0.0
 11
5.859241822721855
 21
3.528887407534283
 31
0.0
  0
LINE
  5
173
330
1F
100
AcDbEntity
  8
0
  6
Continuous
 62
     7
370
    35
100
AcDbLine
 10
7.626958358154919
 20
3.528887407534283
 30
0.0
 11
7.626958358154916
 21
6.012133496036137
 31
0.0
  0
ARC
  5
174
330
1F
100
AcDbEntity
  8
0
  6
Continuous
 62
     7
370
    35
100
AcDbCircle
 10
7.548218200674601
 20
6.012133496036137
 30
0.0
 40
0.0196850393700787
100
AcDbArc
 50
0.0
 51
76.8241095598668
  0
LINE
  5
175
330
1F
100
AcDbEntity
  8
0
  6
Continuous
 62
     7
370
    35
100
AcDbLine
 10
7.56790324004468
 20
6.012133496036137
 30
0.0
 11
7.56790324004468
 21
3.528887407534283
 31
0.0
  0
ARC
  5
176
330
1F
100
AcDbEntity
  8
0
  6
Continuous
 62
     7
370
    35
100
AcDbCircle
 10
5.937981980202173
 20
6.01213349603614
 30
0.0
 40
0.0787401574803157
100
AcDbArc
 50
103.1758904401365
 51
180.0
  0
ARC
  5
177
330
1F
100
AcDbEntity
  8
0
  6
Continuous
 62
     7
370
    35
100
AcDbCircle
 10
7.548218200674601
 20
6.012133496036137
 30
0.0
 40
0.0787401574803148
100
AcDbArc
 50
0.0
 51
76.82410955986349
  0
ARC
  5
178
330
1F
100
AcDbEntity
  8
0
  6
Continuous
 62
     7
370
    35
100
AcDbCircle
 10
7.609241822721847
 20
6.272802368164212
 30
0.0
 40
0.1889763779527584
100
AcDbArc
 50
103.1758904401357
 51
256.8241095598654
  0
ARC
  5
179
330
1F
100
AcDbEntity
  8
0
  6
Continuous
 62
     7
370
    35
100
AcDbCircle
 10
5.876958358154927
 20
6.272802368164212
 30
0.0
 40
0.1889763779527558
100
AcDbArc
 50
283.1758904401364
 51
76.82410955986464
  0
ARC
  5
17A
330
1F
100
AcDbEntity
  8
0
  6
Continuous
 62
     7
370
    35
100
AcDbCircle
 10
5.937981980202173
 20
6.533471240292283
 30
0.0
 40
0.0196850393700796
100
AcDbArc
 50
180.0
 51
256.8241095598651
  0
ARC
  5
17B
330
1F
100
AcDbEntity
  8
0
  6
Continuous
 62
     7
370
    35
100
AcDbCircle
 10
7.548218200674601
 20
6.533471240292285
 30
0.0
 40
0.0196850393700796
100
AcDbArc
 50
283.175890440134
 51
0.0
  0
ARC
  5
17C
330
1F
100
AcDbEntity
  8
0
  6
Continuous
 62
     7
370
    35
100
AcDbCircle
 10
7.548218200674601
 20
6.533471240292285
 30
0.0
 40
0.0787401574803148
100
AcDbArc
 50
283.1758904401367
 51
0.0
  0
ARC
  5
17D
330
1F
100
AcDbEntity
  8
0
  6
Continuous
 62
     7
370
    35
100
AcDbCircle
 10
5.937981980202173
 20
6.533471240292283
 30
0.0
 40
0.0787401574803157
100
AcDbArc
 50
180.0
 51
256.8241095598637
  0
LINE
  5
17E
330
1F
100
AcDbEntity
  8
0
  6
Continuous
 62
     7
370
    35
100
AcDbLine
 10
5.859241822721855
 20
9.016717328794138
 30
0.0
 11
5.859241822721858
 21
6.533471240292283
 31
0.0
  0
LINE
  5
17F
330
1F
100
AcDbEntity
  8
0
  6
Continuous
 62
     7
370
    35
100
AcDbLine
 10
7.626958358154916
 20
6.533471240292285
 30
0.0
 11
7.626958358154919
 21
9.016717328794138
 31
0.0
  0
LINE
  5
180
330
1F
100
AcDbEntity
  8
0
  6
Continuous
 62
     7
370
    35
100
AcDbLine
 10
5.918296940832094
 20
6.533471240292283
 30
0.0
 11
5.918296940832093
 21
9.016717328794138
 31
0.0
  0
LINE
  5
181
330
1F
100
AcDbEntity
  8
0
  6
Continuous
 62
     7
370
    35
100
AcDbLine
 10
7.567903240044681
 20
9.016717328794138
 30
0.0
 11
7.56790324004468
 21
6.533471240292285
 31
0.0
  0
ARC
  5
182
330
1F
100
AcDbEntity
  8
0
  6
Continuous
 62
     7
370
    35
100
AcDbCircle
 10
7.548218200674603
 20
9.016717328794138
 30
0.0
 40
0.0196850393700796
100
AcDbArc
 50
0.0
 51
90.0
  0
LINE
  5
183
330
1F
100
AcDbEntity
  8
0
  6
Continuous
 62
     7
370
    35
100
AcDbLine
 10
7.459167256197994
 20
9.036402368164218
 30
0.0
 11
7.548218200674603
 21
9.036402368164218
 31
0.0
  0
ARC
  5
184
330
1F
100
AcDbEntity
  8
0
  6
Continuous
 62
     7
370
    35
100
AcDbCircle
 10
5.93798198020217
 20
9.016717328794138
 30
0.0
 40
0.0196850393700796
100
AcDbArc
 50
90.0
 51
180.0
  0
LINE
  5
185
330
1F
100
AcDbEntity
  8
0
  6
Continuous
 62
     7
370
    35
100
AcDbLine
 10
5.93798198020217
 20
9.036402368164218
 30
0.0
 11
6.027032924678779
 21
9.036402368164218
 31
0.0
  0
LINE
  5
186
330
1F
100
AcDbEntity
  8
0
  6
Continuous
 62
     7
370
    35
100
AcDbLine
 10
7.548218200674603
 20
9.095457486274453
 30
0.0
 11
7.459167256197994
 21
9.095457486274453
 31
0.0
  0
LINE
  5
187
330
1F
100
AcDbEntity
  8
0
  6
Continuous
 62
     7
370
    35
100
AcDbLine
 10
6.027032924678779
 20
9.095457486274453
 30
0.0
 11
5.93798198020217
 21
9.095457486274453
 31
0.0
  0
ARC
  5
188
330
1F
100
AcDbEntity
  8
0
  6
Continuous
 62
     7
370
    35
100
AcDbCircle
 10
7.548218200674603
 20
9.016717328794138
 30
0.0
 40
0.0787401574803157
100
AcDbArc
 50
0.0
 51
90.0
  0
ARC
  5
189
330
1F
100
AcDbEntity
  8
0
  6
Continuous
 62
     7
370
    35
100
AcDbCircle
 10
5.93798198020217
 20
9.016717328794138
 30
0.0
 40
0.0787401574803148
100
AcDbArc
 50
90.0
 51
180.0
  0
ARC
  5
18A
330
1F
100
AcDbEntity
  8
0
  6
Continuous
 62
     7
370
    35
100
AcDbCircle
 10
6.027032924678779
 20
9.17419764375477
 30
0.0
 40
0.1377952755905518
100
AcDbArc
 50
270.0000000000008
 51
0.0
  0
ARC
  5
18B
330
1F
100
AcDbEntity
  8
0
  6
Continuous
 62
     7
370
    35
100
AcDbCircle
 10
7.459167256197994
 20
9.17419764375477
 30
0.0
 40
0.1377952755905518
100
AcDbArc
 50
180.0
 51
270.0000000000008
  0
ARC
  5
18C
330
1F
100
AcDbEntity
  8
0
  6
Continuous
 62
     7
370
    35
100
AcDbCircle
 10
6.027032924678779
 20
9.17419764375477
 30
0.0
 40
0.0787401574803166
100
AcDbArc
 50
270.0000000000008
 51
0.0
  0
ARC
  5
18D
330
1F
100
AcDbEntity
  8
0
  6
Continuous
 62
     7
370
    35
100
AcDbCircle
 10
7.459167256197994
 20
9.17419764375477
 30
0.0
 40
0.0787401574803166
100
AcDbArc
 50
180.0
 51
270.0000000000008
  0
LINE
  5
18E
330
1F
100
AcDbEntity
  8
0
  6
Continuous
 62
     7
370
    35
100
AcDbLine
 10
6.164828200269331
 20
9.17419764375477
 30
0.0
 11
6.164828200269331
 21
9.233432289424055
 31
0.0
  0
LINE
  5
18F
330
1F
100
AcDbEntity
  8
0
  6
Continuous
 62
     7
370
    35
100
AcDbLine
 10
7.380427098717679
 20
9.17419764375477
 30
0.0
 11
7.380427098717679
 21
9.233432289424055
 31
0.0
  0
LINE
  5
190
330
1F
100
AcDbEntity
  8
0
  6
Continuous
 62
     7
370
    35
100
AcDbLine
 10
7.321371980607442
 20
9.233432289424055
 30
0.0
 11
7.321371980607442
 21
9.17419764375477
 31
0.0
  0
LINE
  5
191
330
1F
100
AcDbEntity
  8
0
  6
Continuous
 62
     7
370
    35
100
AcDbLine
 10
6.105773082159095
 20
9.233432289424055
 30
0.0
 11
6.105773082159095
 21
9.17419764375477
 31
0.0
  0
ARC
  5
192
330
1F
100
AcDbEntity
  8
0
  6
Continuous
 62
     7
370
    35
100
AcDbCircle
 10
7.301686941237364
 20
9.233432289424055
 30
0.0
 40
0.0196850393700796
100
AcDbArc
 50
0.0
 51
90.0
  0
ARC
  5
193
330
1F
100
AcDbEntity
  8
0
  6
Continuous
 62
     7
370
    35
100
AcDbCircle
 10
6.18451323963941
 20
9.233432289424055
 30
0.0
 40
0.0196850393700796
100
AcDbArc
 50
90.0
 51
180.0
  0
LINE
  5
194
330
1F
100
AcDbEntity
  8
0
  6
Continuous
 62
     7
370
    35
100
AcDbLine
 10
6.18451323963941
 20
9.253117328794135
 30
0.0
 11
7.301686941237364
 21
9.253117328794135
 31
0.0
  0
ARC
  5
195
330
1F
100
AcDbEntity
  8
0
  6
Continuous
 62
     7
370
    35
100
AcDbCircle
 10
6.18451323963941
 20
9.233432289424055
 30
0.0
 40
0.0787401574803148
100
AcDbArc
 50
90.0
 51
180.0
  0
LINE
  5
196
330
1F
100
AcDbEntity
  8
0
  6
Continuous
 62
     7
370
    35
100
AcDbLine
 10
7.301686941237364
 20
9.31217244690437
 30
0.0
 11
6.18451323963941
 21
9.31217244690437
 31
0.0
  0
ARC
  5
197
330
1F
100
AcDbEntity
  8
0
  6
Continuous
 62
     7
370
    35
100
AcDbCircle
 10
7.301686941237364
 20
9.233432289424055
 30
0.0
 40
0.0787401574803157
100
AcDbArc
 50
0.0
 51
90.0
  0
CIRCLE
  5
198
330
1F
100
AcDbEntity
  8
0
  6
Continuous
 62
     7
370
    35
100
AcDbCircle
 10
5.876958358154921
 20
9.323983470526422
 30
0.0
 40
0.0629921259842519
  0
CIRCLE
  5
199
330
1F
100
AcDbEntity
  8
0
  6
Continuous
 62
     7
370
    35
100
AcDbCircle
 10
5.876958358154921
 20
9.323983470526422
 30
0.0
 40
0.1102362204724407
  0
CIRCLE
  5
19A
330
1F
100
AcDbEntity
  8
0
  6
Continuous
 62
     7
370
    35
100
AcDbCircle
 10
7.609241822721851
 20
9.323983470526422
 30
0.0
 40
0.0629921259842519
  0
CIRCLE
  5
19B
330
1F
100
AcDbEntity
  8
0
  6
Continuous
 62
     7
370
    35
100
AcDbCircle
 10
7.609241822721851
 20
9.323983470526422
 30
0.0
 40
0.1102362204724407
  0
CIRCLE
  5
19C
330
1F
100
AcDbEntity
  8
0
  6
Continuous
 62
     7
370
    35
100
AcDbCircle
 10
7.609241822721847
 20
6.272802368164213
 30
0.0
 40
0.0629921259842519
  0
CIRCLE
  5
19D
330
1F
100
AcDbEntity
  8
0
  6
Continuous
 62
     7
370
    35
100
AcDbCircle
 10
7.609241822721847
 20
6.272802368164213
 30
0.0
 40
0.1102362204724416
  0
CIRCLE
  5
19E
330
1F
100
AcDbEntity
  8
0
  6
Continuous
 62
     7
370
    35
100
AcDbCircle
 10
5.876958358154927
 20
6.272802368164213
 30
0.0
 40
0.0629921259842519
  0
CIRCLE
  5
19F
330
1F
100
AcDbEntity
  8
0
  6
Continuous
 62
     7
370
    35
100
AcDbCircle
 10
5.876958358154927
 20
6.272802368164213
 30
0.0
 40
0.1102362204724416
  0
CIRCLE
  5
1A0
330
1F
100
AcDbEntity
  8
0
  6
Continuous
 62
     7
370
    35
100
AcDbCircle
 10
5.876958358154921
 20
3.221621265802002
 30
0.0
 40
0.0629921259842519
  0
CIRCLE
  5
1A1
330
1F
100
AcDbEntity
  8
0
  6
Continuous
 62
     7
370
    35
100
AcDbCircle
 10
5.876958358154921
 20
3.221621265802002
 30
0.0
 40
0.1102362204724416
  0
CIRCLE
  5
1A2
330
1F
100
AcDbEntity
  8
0
  6
Continuous
 62
     7
370
    35
100
AcDbCircle
 10
7.609241822721851
 20
3.221621265802002
 30
0.0
 40
0.0629921259842519
  0
CIRCLE
  5
1A3
330
1F
100
AcDbEntity
  8
0
  6
Continuous
 62
     7
370
    35
100
AcDbCircle
 10
7.609241822721851
 20
3.221621265802002
 30
0.0
 40
0.1102362204724416
  0
SPLINE
  5
1A4
330
1F
100
AcDbEntity
  8
0
  6
Continuous
 62
     7
370
    35
100
AcDbSpline
210
0.0
220
0.0
230
1.0
 70
     8
 71
     3
 72
    10
 73
     6
 74
     0
 42
0.000000001
 43
0.00000001
 40
0.0
 40
0.0
 40
0.0
 40
0.0
 40
0.5
 40
0.5
 40
1.0
 40
1.0
 40
1.0
 40
1.0
 10
6.279879647743555
 20
2.894852210972428
 30
0.0
 10
6.279879647743582
 20
2.894852210972428
 30
0.0
 10
6.279916145181705
 20
2.896958109867968
 30
0.0
 10
6.280043321668246
 20
2.904286766732044
 30
0.0
 10
6.28013220930235
 20
2.909404477486147
 30
0.0
 10
6.280221475069455
 20
2.914537250342507
 30
0.0
  0
SPLINE
  5
1A5
330
1F
100
AcDbEntity
  8
0
  6
Continuous
 62
     7
370
    35
100
AcDbSpline
210
0.0
220
0.0
230
1.0
 70
     8
 71
     3
 72
    10
 73
     6
 74
     0
 42
0.000000001
 43
0.00000001
 40
0.0
 40
0.0
 40
0.0
 40
0.0
 40
0.5
 40
0.5
 40
1.0
 40
1.0
 40
1.0
 40
1.0
 10
6.992478072945062
 20
2.894852210972429
 30
0.0
 10
6.992478072945062
 20
2.894852210972429
 30
0.0
 10
6.99251503587408
 20
2.896984929705593
 30
0.0
 10
6.992641017638109
 20
2.904244748601247
 30
0.0
 10
6.992730735438176
 20
2.909410281507705
 30
0.0
 10
6.99281990027089
 20
2.914537250342507
 30
0.0
  0
SPLINE
  5
1A6
330
1F
100
AcDbEntity
  8
0
  6
Continuous
 62
     7
370
    35
100
AcDbSpline
210
0.0
220
0.0
230
1.0
 70
     8
 71
     3
 72
    10
 73
     6
 74
     0
 42
0.000000001
 43
0.00000001
 40
0.0
 40
0.0
 40
0.0
 40
0.0
 40
0.5
 40
0.5
 40
1.0
 40
1.0
 40
1.0
 40
1.0
 10
6.992478072945143
 20
9.650752525355998
 30
0.0
 10
6.992478072945115
 20
9.650752525356
 30
0.0
 10
6.99251503587412
 20
9.648619806622834
 30
0.0
 10
6.992641017638076
 20
9.64135998772718
 30
0.0
 10
6.992730735431176
 20
9.636194454820599
 30
0.0
 10
6.992819900270939
 20
9.63106748598592
 30
0.0
  0
SPLINE
  5
1A7
330
1F
100
AcDbEntity
  8
0
  6
Continuous
 62
     7
370
    35
100
AcDbSpline
210
0.0
220
0.0
230
1.0
 70
     8
 71
     3
 72
    10
 73
     6
 74
     0
 42
0.000000001
 43
0.00000001
 40
0.0
 40
0.0
 40
0.0
 40
0.0
 40
0.5
 40
0.5
 40
1.0
 40
1.0
 40
1.0
 40
1.0
 10
6.279879647743517
 20
9.650752525355998
 30
0.0
 10
6.279879647743517
 20
9.650752525356
 30
0.0
 10
6.279916610672542
 20
9.648619806622834
 30
0.0
 10
6.28004259243656
 20
9.64135998772718
 30
0.0
 10
6.280132310233679
 20
9.636194454820668
 30
0.0
 10
6.280221475069389
 20
9.63106748598592
 30
0.0
  0
LINE
  5
1A8
330
1F
100
AcDbEntity
  8
0
  6
Continuous
 62
     7
370
    35
100
AcDbLine
 10
7.808060720359646
 20
9.162470297301224
 30
0.0
 11
7.827745759729725
 21
9.15431648701829
 31
0.0
  0
LINE
  5
1A9
330
1F
100
AcDbEntity
  8
0
  6
Continuous
 62
     7
370
    35
100
AcDbLine
 10
7.808060720359648
 20
3.383134439027192
 30
0.0
 11
7.827745759729724
 21
3.391288249310126
 31
0.0
  0
LINE
  5
1AA
330
1F
100
AcDbEntity
  8
0
  6
Continuous
 62
     7
370
    35
100
AcDbLine
 10
7.788375680989566
 20
9.142785257931143
 30
0.0
 11
7.808060720359645
 21
9.134631447648209
 31
0.0
  0
LINE
  5
1AB
330
1F
100
AcDbEntity
  8
0
  6
Continuous
 62
     7
370
    35
100
AcDbLine
 10
7.788375680989565
 20
3.402819478397272
 30
0.0
 11
7.808060720359645
 21
3.410973288680207
 31
0.0
  0
DIMENSION
  5
1AC
330
1F
100
AcDbEntity
  8
SLD-0
100
AcDbDimension
  2
_D
 10
4.201757449586358
 20
2.776741974751963
 30
0.0
 11
4.201757449586371
 21
6.584325804835553
 31
0.0
 70
   160
  1
<>
 71
     2
 42
-1.0
  3
SLDDIMSTYLE0
100
AcDbAlignedDimension
 13
6.27785120345894
 23
9.76886276157647
 33
0.0
 14
6.277851203458983
 24
2.776741974751955
 34
0.0
 50
90.0000000000002
100
AcDbRotatedDimension
  0
DIMENSION
  5
1BF
330
1F
100
AcDbEntity
  8
SLD-0
100
AcDbDimension
  2
_D_1
 10
4.910418866909229
 20
9.31217244690438
 30
0.0
 11
4.910418866909212
 21
6.272802368164212
 31
0.0
 70
   160
  1
<>
 71
     2
 42
-1.0
  3
SLDDIMSTYLE0
100
AcDbAlignedDimension
 13
6.184513239639399
 23
3.233432289424054
 33
0.0
 14
6.18451323963942
 24
9.312172446904373
 34
0.0
 50
90.0000000000002
100
AcDbRotatedDimension
  0
DIMENSION
  5
1D1
330
1F
100
AcDbEntity
  8
SLD-0
100
AcDbDimension
  2
_D_2
 10
7.945855995950184
 20
1.908745557316453
 30
0.0
 11
6.743100090438373
 21
1.908745557316457
 31
0.0
 70
   160
  1
<>
 71
     2
 42
-1.0
  3
SLDDIMSTYLE0
100
AcDbAlignedDimension
 13
5.540344184926565
 23
3.093791003367616
 33
0.0
 14
7.945855995950188
 24
3.093791003367607
 34
0.0
 50
-0.000000000000201
100
AcDbRotatedDimension
  0
DIMENSION
  5
1E3
330
1F
100
AcDbEntity
  8
SLD-0
100
AcDbDimension
  2
_D_3
 10
7.945855995950185
 20
2.381186502198348
 30
0.0
 11
8.575781313967571
 21
2.381186502198346
 31
0.0
 70
   160
  1
<>
 71
     2
 42
-1.0
  3
SLDDIMSTYLE1
100
AcDbAlignedDimension
 13
7.926170956580108
 23
3.372203773970807
 33
0.0
 14
7.945855995950188
 24
3.093791003367607
 34
0.0
100
AcDbRotatedDimension
  0
DIMENSION
  5
1F6
330
1F
100
AcDbEntity
  8
SLD-0
100
AcDbDimension
  2
_D_4
 10
8.575781313967559
 20
3.372203773970805
 30
0.0
 11
8.57578131396757
 21
6.272802368164205
 31
0.0
 70
   160
  1
<>
 71
     2
 42
-1.0
  3
SLDDIMSTYLE0
100
AcDbAlignedDimension
 13
7.926170956580129
 23
9.173400962357602
 33
0.0
 14
7.926170956580108
 24
3.372203773970807
 34
0.0
 50
90.0000000000002
100
AcDbRotatedDimension
  0
DIMENSION
  5
208
330
1F
100
AcDbEntity
  8
SLD-0
100
AcDbDimension
  2
_D_5
 10
7.626958358154903
 20
2.144966029757398
 30
0.0
 11
6.74310009043839
 21
2.144966029757402
 31
0.0
 70
   160
  1
<>
 71
     2
 42
-1.0
  3
SLDDIMSTYLE0
100
AcDbAlignedDimension
 13
5.859241822721846
 23
3.528887407534286
 33
0.0
 14
7.626958358154909
 24
3.52888740753428
 34
0.0
 50
-0.0000000000002591
100
AcDbRotatedDimension
  0
DIMENSION
  5
21A
330
1F
100
AcDbEntity
  8
SLD-0
100
AcDbDimension
  2
_D_6
 10
6.124989854217904
 20
2.381186502198348
 30
0.0
 11
6.743100090438376
 21
2.381186502198346
 31
0.0
 70
   160
  1
<>
 71
     2
 42
-1.0
  3
SLDDIMSTYLE2
100
AcDbAlignedDimension
 13
7.361210326658854
 23
6.272802368164208
 33
0.0
 14
6.124989854217918
 24
6.272802368164214
 34
0.0
 50
-0.0000000000002058
100
AcDbRotatedDimension
  0
DIMENSION
  5
22D
330
1F
100
AcDbEntity
  8
SLD-0
100
AcDbDimension
  2
_D_7
 10
7.609241822721847
 20
6.272802368164208
 30
0.0
 11
8.81395661045434
 21
9.462993214025465
 31
0.0
 70
   164
  1
2X <>
 71
     1
 42
-1.0
  3
SLDDIMSTYLE3
100
AcDbRadialDimension
 15
7.571990915639918
 25
6.027584112398408
 35
0.0
 40
0.0
  0
DIMENSION
  5
240
330
1F
100
AcDbEntity
  8
SLD-0
100
AcDbDimension
  2
_D_8
 10
5.859241822721867
 20
10.16441823413008
 30
0.0
 11
5.209806077037682
 21
10.16441823413008
 31
0.0
 70
   160
  1
<>
 71
     2
 42
-1.0
  3
SLDDIMSTYLE2
100
AcDbAlignedDimension
 13
5.918296940832103
 23
9.016717328794142
 33
0.0
 14
5.859241822721865
 24
9.016717328794142
 34
0.0
100
AcDbRotatedDimension
  0
LINE
  5
252
330
1F
100
AcDbEntity
  8
0
  6
PHANTOM
 62
     7
370
    35
100
AcDbLine
 10
6.743059268040293
 20
9.965985266239736
 30
0.0
 11
6.743059268040267
 21
2.643847516019472
 31
0.0
  0
LINE
  5
253
330
1F
100
AcDbEntity
  8
0
  6
Continuous
 62
     7
370
    35
100
AcDbLine
 10
6.743059268040293
 20
9.965985266239736
 30
0.0
 11
7.243059268040292
 21
9.965985266239734
 31
0.0
  0
SOLID
  5
254
330
1F
100
AcDbEntity
  8
0
  6
Continuous
 62
     7
370
    35
100
AcDbTrace
 10
7.243059268040292
 20
9.965985266239734
 30
0.0
 11
6.993059268040292
 21
10.00598526623974
 31
0.0
 12
6.993059268040292
 22
9.925985266239737
 32
0.0
 13
6.993059268040292
 23
9.925985266239737
 33
0.0
  0
LINE
  5
255
330
1F
100
AcDbEntity
  8
0
  6
Continuous
 62
     7
370
    35
100
AcDbLine
 10
6.743059268040267
 20
2.643847516019472
 30
0.0
 11
7.243059268040267
 21
2.64384751601947
 31
0.0
  0
SOLID
  5
256
330
1F
100
AcDbEntity
  8
0
  6
Continuous
 62
     7
370
    35
100
AcDbTrace
 10
7.243059268040267
 20
2.64384751601947
 30
0.0
 11
6.993059268040267
 21
2.683847516019471
 31
0.0
 12
6.993059268040267
 22
2.603847516019471
 32
0.0
 13
6.993059268040267
 23
2.603847516019471
 33
0.0
  0
MTEXT
  5
257
330
1F
100
AcDbEntity
  8
0
  6
Continuous
 62
     7
100
AcDbMText
 10
7.284773312578302
 20
10.06933203178876
 30
0.0
 40
0.125
 41
0.0
 71
     1
 72
     1
  1
A
  7
SLDTEXTSTYLE1
 73
     1
 44
1.0
  0
MTEXT
  5
258
330
1F
100
AcDbEntity
  8
0
  6
Continuous
 62
     7
100
AcDbMText
 10
7.237159036412593
 20
2.675761062229962
 30
0.0
 40
0.125
 41
0.0
 71
     1
 72
     1
  1
A
  7
SLDTEXTSTYLE1
 73
     1
 44
1.0
  0
ARC
  5
259
330
1F
100
AcDbEntity
  8
0
  6
Continuous
 62
     7
370
    35
100
AcDbCircle
 10
10.44796686097289
 20
2.81425835259215
 30
0.0
 40
0.0393700787402436
100
AcDbArc
 50
269.9999999999802
 51
296.5650511781228
  0
LINE
  5
25A
330
1F
100
AcDbEntity
  8
0
  6
Continuous
 62
     7
370
    35
100
AcDbLine
 10
10.14230024591382
 20
2.774888273851888
 30
0.0
 11
10.44796686097288
 21
2.77488827385189
 31
0.0
  0
LINE
  5
25B
330
1F
100
AcDbEntity
  8
0
  6
Continuous
 62
     7
370
    35
100
AcDbLine
 10
10.44796686097283
 20
9.770716462476537
 30
0.0
 11
10.14230024591377
 21
9.770716462476535
 31
0.0
  0
ARC
  5
25C
330
1F
100
AcDbEntity
  8
0
  6
Continuous
 62
     7
370
    35
100
AcDbCircle
 10
10.44796686097283
 20
9.731346383736371
 30
0.0
 40
0.0393700787401658
100
AcDbArc
 50
63.43494882292548
 51
90.0
  0
LINE
  5
25D
330
1F
100
AcDbEntity
  8
0
  6
Continuous
 62
     7
370
    35
100
AcDbLine
 10
10.51423778904369
 20
9.742228005872208
 30
0.0
 11
10.46557369544134
 21
9.766560052673382
 31
0.0
  0
LINE
  5
25E
330
1F
100
AcDbEntity
  8
0
  6
Continuous
 62
     7
370
    35
100
AcDbLine
 10
10.46557369544207
 20
2.779044683655388
 30
0.0
 11
10.51423778904374
 21
2.803376730456219
 31
0.0
  0
ARC
  5
25F
330
1F
100
AcDbEntity
  8
0
  6
Continuous
 62
     7
370
    35
100
AcDbCircle
 10
10.49663095457519
 20
9.7070143369352
 30
0.0
 40
0.0393700787401547
100
AcDbArc
 50
0.0000000000103419
 51
63.43494882292896
  0
ARC
  5
260
330
1F
100
AcDbEntity
  8
0
  6
Continuous
 62
     7
370
    35
100
AcDbCircle
 10
10.49663095457525
 20
2.83859039939323
 30
0.0
 40
0.0393700787401485
100
AcDbArc
 50
296.5650511770621
 51
359.9999999999866
  0
LINE
  5
261
330
1F
100
AcDbEntity
  8
0
  6
Continuous
 62
     7
370
    35
100
AcDbLine
 10
10.14230024591377
 20
9.706441363873875
 30
0.0
 11
10.14230024591377
 21
9.451813732960808
 31
0.0
  0
ELLIPSE
  5
262
330
1F
100
AcDbEntity
  8
0
  6
Continuous
 62
     7
370
    35
100
AcDbEllipse
 10
10.44796686097284
 20
9.20939362229356
 30
0.0
 11
0.03937007874015741
 21
0.0
 31
0.0
210
0.0
220
0.0
230
1.0
 40
0.4142135623730561
 41
4.712388980384695
 42
5.176036589385586
  0
LINE
  5
263
330
1F
100
AcDbEntity
  8
0
  6
Continuous
 62
     7
370
    35
100
AcDbLine
 10
10.14230024591377
 20
9.451813732960808
 30
0.0
 11
10.14230024591377
 21
9.193086001727691
 31
0.0
  0
LINE
  5
264
330
1F
100
AcDbEntity
  8
0
  6
Continuous
 62
     7
370
    35
100
AcDbLine
 10
10.14230024591377
 20
9.193086001727691
 30
0.0
 11
10.44796686097284
 21
9.193086001727693
 31
0.0
  0
LINE
  5
265
330
1F
100
AcDbEntity
  8
0
  6
Continuous
 62
     7
370
    35
100
AcDbLine
 10
10.44796686097284
 20
9.173400962357608
 30
0.0
 11
10.14230024591377
 21
9.173400962357606
 31
0.0
  0
LINE
  5
266
330
1F
100
AcDbEntity
  8
0
  6
Continuous
 62
     7
370
    35
100
AcDbLine
 10
10.14230024591377
 20
9.173400962357606
 30
0.0
 11
10.14230024591377
 21
9.193086001727691
 31
0.0
  0
LINE
  5
267
330
1F
100
AcDbEntity
  8
0
  6
Continuous
 62
     7
370
    35
100
AcDbLine
 10
10.14230024591381
 20
3.372203773970812
 30
0.0
 11
10.44796686097288
 21
3.372203773970814
 31
0.0
  0
LINE
  5
268
330
1F
100
AcDbEntity
  8
0
  6
Continuous
 62
     7
370
    35
100
AcDbLine
 10
10.44796686097288
 20
3.352518734600733
 30
0.0
 11
10.14230024591381
 21
3.352518734600731
 31
0.0
  0
LINE
  5
269
330
1F
100
AcDbEntity
  8
0
  6
Continuous
 62
     7
370
    35
100
AcDbLine
 10
10.14230024591381
 20
3.352518734600733
 30
0.0
 11
10.14230024591381
 21
3.372203773970812
 31
0.0
  0
LINE
  5
26A
330
1F
100
AcDbEntity
  8
0
  6
Continuous
 62
     7
370
    35
100
AcDbLine
 10
10.14230024591381
 20
3.352518734600731
 30
0.0
 11
10.14230024591382
 21
3.093791003367611
 31
0.0
  0
ELLIPSE
  5
26B
330
1F
100
AcDbEntity
  8
0
  6
Continuous
 62
     7
370
    35
100
AcDbEllipse
 10
10.44796686097288
 20
3.336211114034866
 30
0.0
 11
0.03937007874015741
 21
0.0
 31
0.0
210
0.0
220
0.0
230
1.0
 40
0.4142135623730335
 41
1.107148717719416
 42
1.570796326794897
  0
LINE
  5
26C
330
1F
100
AcDbEntity
  8
0
  6
Continuous
 62
     7
370
    35
100
AcDbLine
 10
10.14230024591382
 20
3.093791003367611
 30
0.0
 11
10.14230024591382
 21
2.839163372454548
 31
0.0
  0
ELLIPSE
  5
26D
330
1F
100
AcDbEntity
  8
0
  6
Continuous
 62
     7
370
    35
100
AcDbEllipse
 10
10.44796686097284
 20
9.189708582923476
 30
0.0
 11
0.03937007874015741
 21
0.0
 31
0.0
210
0.0
220
0.0
230
1.0
 40
0.4142135623730561
 41
4.71238898038474
 42
5.176036589385627
  0
ELLIPSE
  5
26E
330
1F
100
AcDbEntity
  8
0
  6
Continuous
 62
     7
370
    35
100
AcDbEllipse
 10
10.44796686097288
 20
3.355896153404947
 30
0.0
 11
0.03937007874015741
 21
0.0
 31
0.0
210
0.0
220
0.0
230
1.0
 40
0.4142135623730335
 41
1.107148717794183
 42
1.570796326794897
  0
LINE
  5
26F
330
1F
100
AcDbEntity
  8
0
  6
Continuous
 62
     7
370
    35
100
AcDbLine
 10
10.46557369544134
 20
9.19480764303894
 30
0.0
 11
10.51423778904369
 21
9.20488630682428
 31
0.0
  0
LINE
  5
270
330
1F
100
AcDbEntity
  8
0
  6
Continuous
 62
     7
370
    35
100
AcDbLine
 10
10.46557369544401
 20
3.350797093288945
 30
0.0
 11
10.51423778904373
 21
3.340718429504144
 31
0.0
  0
LINE
  5
271
330
1F
100
AcDbEntity
  8
0
  6
Continuous
 62
     7
370
    35
100
AcDbLine
 10
10.46557369544134
 20
9.175122603668857
 30
0.0
 11
10.51423778904369
 21
9.185201267454197
 31
0.0
  0
LINE
  5
272
330
1F
100
AcDbEntity
  8
0
  6
Continuous
 62
     7
370
    35
100
AcDbLine
 10
10.46557369544138
 20
3.37048213265957
 30
0.0
 11
10.51423778904374
 21
3.360403468874227
 31
0.0
  0
LINE
  5
273
330
1F
100
AcDbEntity
  8
0
  6
Continuous
 62
     7
370
    35
100
AcDbLine
 10
10.14230024591377
 20
9.173400962357606
 30
0.0
 11
10.14230024591381
 21
3.372203773970812
 31
0.0
  0
ELLIPSE
  5
274
330
1F
100
AcDbEntity
  8
0
  6
Continuous
 62
     7
370
    35
100
AcDbEllipse
 10
10.49663095457523
 20
3.326132450249523
 30
0.0
 11
0.03937007874015741
 21
8.881784197001252E-16
 31
0.0
210
0.0
220
0.0
230
1.0
 40
0.4142135623730335
 41
0.0
 42
1.107148717794116
  0
LINE
  5
275
330
1F
100
AcDbEntity
  8
0
  6
Continuous
 62
     7
370
    35
100
AcDbLine
 10
10.53600103331539
 20
3.326132450249523
 30
0.0
 11
10.53600103331539
 21
3.093791003367614
 31
0.0
  0
SPLINE
  5
276
330
1F
100
AcDbEntity
  8
0
  6
Continuous
 62
     7
370
    35
100
AcDbSpline
210
0.0
220
0.0
230
1.0
 70
    24
 71
     3
 72
    23
 73
    19
 74
     0
 42
0.000000001
 43
0.00000001
 40
0.0
 40
0.0
 40
0.0
 40
0.0
 40
0.0304951506999936
 40
0.0608370339875316
 40
0.091077783672982
 40
0.1212700574615842
 40
0.1514667666597441
 40
0.1817207993025971
 40
0.2120847438881698
 40
0.2426106208669088
 40
0.3712442344446485
 40
0.5000248035807493
 40
0.6286533779828111
 40
0.7574389963730722
 40
0.8182605472228315
 40
0.8786792436695372
 40
0.9391181728270153
 40
1.0
 40
1.0
 40
1.0
 40
1.0
 10
10.53600103331539
 20
3.093791003367614
 30
0.0
 10
10.53600103331539
 20
3.091061015276404
 30
0.0
 10
10.53600103331539
 20
3.085614759905367
 30
0.0
 10
10.53600103331539
 20
3.077475021214645
 30
0.0
 10
10.53600103331539
 20
3.069390202125944
 30
0.0
 10
10.53600103331539
 20
3.061360379289743
 30
0.0
 10
10.53600103331539
 20
3.053385591255824
 30
0.0
 10
10.53600103331539
 20
3.045466051265812
 30
0.0
 10
10.53600103331539
 20
3.037601295963055
 30
0.0
 10
10.53600103331539
 20
3.021451545232917
 30
0.0
 10
10.53600103331539
 20
2.997756742990082
 30
0.0
 10
10.53600103331539
 20
2.969070837973926
 30
0.0
 10
10.53600103331539
 20
2.944150864312012
 30
0.0
 10
10.53600103331539
 20
2.927532630903903
 30
0.0
 10
10.53600103331539
 20
2.916936656505653
 30
0.0
 10
10.53600103331539
 20
2.910482673512539
 30
0.0
 10
10.53600103331539
 20
2.90521363052474
 30
0.0
 10
10.53600103331539
 20
2.902798837523228
 30
0.0
 10
10.53600103331539
 20
2.901587033256396
 30
0.0
  0
SPLINE
  5
277
330
1F
100
AcDbEntity
  8
0
  6
Continuous
 62
     7
370
    35
100
AcDbSpline
210
0.0
220
0.0
230
1.0
 70
    24
 71
     3
 72
    23
 73
    19
 74
     0
 42
0.000000001
 43
0.00000001
 40
0.0
 40
0.0
 40
0.0
 40
0.0
 40
0.0304951507039777
 40
0.060837033994356
 40
0.0910777836815087
 40
0.1212700574706768
 40
0.1514667666682816
 40
0.1817207993094774
 40
0.2120847438923145
 40
0.2426106208672681
 40
0.3712442344632547
 40
0.5000248035811155
 40
0.6286533779949268
 40
0.7574389963732193
 40
0.8182605472248778
 40
0.8786792436722202
 40
0.9391181728290248
 40
1.0
 40
1.0
 40
1.0
 40
1.0
 10
10.53600103331535
 20
9.644017703072029
 30
0.0
 10
10.53600103331535
 20
9.643442103934877
 30
0.0
 10
10.53600103331535
 20
9.64229379859892
 30
0.0
 10
10.53600103331535
 20
9.640160618308688
 30
0.0
 10
10.53600103331535
 20
9.637732718444452
 30
0.0
 10
10.53600103331535
 20
9.634980657746727
 30
0.0
 10
10.53600103331535
 20
9.631912272312864
 30
0.0
 10
10.53600103331535
 20
9.628525669459695
 30
0.0
 10
10.53600103331535
 20
9.624820791749421
 30
0.0
 10
10.53600103331535
 20
9.616504340554688
 30
0.0
 10
10.53600103331535
 20
9.601459911713526
 30
0.0
 10
10.53600103331535
 20
9.57655606573671
 30
0.0
 10
10.53600103331535
 20
9.547858787076711
 30
0.0
 10
10.53600103331535
 20
9.521676827952714
 30
0.0
 10
10.53600103331535
 20
9.500222906488627
 30
0.0
 10
10.53600103331535
 20
9.48429091447009
 30
0.0
 10
10.53600103331535
 20
9.468128639100216
 30
0.0
 10
10.53600103331535
 20
9.457265254431126
 30
0.0
 10
10.53600103331535
 20
9.451813732960813
 30
0.0
  0
LINE
  5
278
330
1F
100
AcDbEntity
  8
0
  6
Continuous
 62
     7
370
    35
100
AcDbLine
 10
10.53600103331535
 20
9.451813732960813
 30
0.0
 11
10.53600103331535
 21
9.2194722860789
 31
0.0
  0
ELLIPSE
  5
279
330
1F
100
AcDbEntity
  8
0
  6
Continuous
 62
     7
370
    35
100
AcDbEllipse
 10
10.49663095457519
 20
9.2194722860789
 30
0.0
 11
0.03937007874015741
 21
1.776356839400250E-15
 31
0.0
210
0.0
220
0.0
230
1.0
 40
0.4142135623730109
 41
5.176036589385458
 42
6.283185307179586
  0
LINE
  5
27A
330
1F
100
AcDbEntity
  8
0
  6
Continuous
 62
     7
370
    35
100
AcDbLine
 10
10.53600103331535
 20
9.2194722860789
 30
0.0
 11
10.53600103331535
 21
9.199787246708821
 31
0.0
  0
ELLIPSE
  5
27B
330
1F
100
AcDbEntity
  8
0
  6
Continuous
 62
     7
370
    35
100
AcDbEllipse
 10
10.49663095457519
 20
9.199787246708818
 30
0.0
 11
0.03937007874015741
 21
1.776356839400250E-15
 31
0.0
210
0.0
220
0.0
230
1.0
 40
0.4142135623730109
 41
5.176036589385458
 42
6.283185307179586
  0
ELLIPSE
  5
27C
330
1F
100
AcDbEntity
  8
0
  6
Continuous
 62
     7
370
    35
100
AcDbEllipse
 10
10.49663095457523
 20
3.345817489619608
 30
0.0
 11
0.03937007874015741
 21
4.440892098500626E-16
 31
0.0
210
0.0
220
0.0
230
1.0
 40
0.4142135623730335
 41
0.0
 42
1.107148717793983
  0
LINE
  5
27D
330
1F
100
AcDbEntity
  8
0
  6
Continuous
 62
     7
370
    35
100
AcDbLine
 10
10.53600103331539
 20
3.345817489619606
 30
0.0
 11
10.53600103331539
 21
3.326132450249523
 31
0.0
  0
LINE
  5
27E
330
1F
100
AcDbEntity
  8
0
  6
Continuous
 62
     7
370
    35
100
AcDbLine
 10
10.53600103331535
 20
9.199787246708821
 30
0.0
 11
10.53600103331539
 21
3.345817489619606
 31
0.0
  0
LINE
  5
27F
330
1F
100
AcDbEntity
  8
0
  6
Continuous
 62
     7
370
    35
100
AcDbLine
 10
10.14230024591382
 20
2.839163372454548
 30
0.0
 11
10.14230024591382
 21
2.774888273851888
 31
0.0
  0
LINE
  5
280
330
1F
100
AcDbEntity
  8
0
  6
Continuous
 62
     7
370
    35
100
AcDbLine
 10
10.14230024591377
 20
9.770716462476535
 30
0.0
 11
10.14230024591377
 21
9.706441363873875
 31
0.0
  0
LINE
  5
281
330
1F
100
AcDbEntity
  8
0
  6
Continuous
 62
     7
370
    35
100
AcDbLine
 10
10.53600103331534
 20
9.7070143369352
 30
0.0
 11
10.53600103331535
 21
9.644017703072027
 31
0.0
  0
LINE
  5
282
330
1F
100
AcDbEntity
  8
0
  6
Continuous
 62
     7
370
    35
100
AcDbLine
 10
10.53600103331539
 20
2.901587033256399
 30
0.0
 11
10.5360010333154
 21
2.83859039939322
 31
0.0
  0
DIMENSION
  5
283
330
1F
100
AcDbEntity
  8
SLD-0
100
AcDbDimension
  2
_D_9
 10
10.14230024591382
 20
2.464807189755612
 30
0.0
 11
11.16592327740989
 21
2.464807189755619
 31
0.0
 70
   160
  1
<>
 71
     2
 42
-1.0
  3
SLDDIMSTYLE0
100
AcDbAlignedDimension
 13
10.53600103331539
 23
3.09379100336761
 33
0.0
 14
10.14230024591382
 24
2.774888273851886
 34
0.0
 50
0.0000000000003878
100
AcDbRotatedDimension
  0
SPLINE
  5
295
330
1F
100
AcDbEntity
  8
0
  6
Continuous
 62
     7
370
    35
100
AcDbSpline
210
0.0
220
0.0
230
1.0
 70
     8
 71
     3
 72
    10
 73
     6
 74
     0
 42
0.000000001
 43
0.00000001
 40
0.0
 40
0.0
 40
0.0
 40
0.0
 40
0.5
 40
0.5
 40
1.0
 40
1.0
 40
1.0
 40
1.0
 10
14.64507810171313
 20
2.840444100293288
 30
0.0
 10
14.64520234860465
 20
2.833213834668177
 30
0.0
 10
14.64532769069749
 20
2.825907580944441
 30
0.0
 10
14.64553843614472
 20
2.813604683976516
 30
0.0
 10
14.64562605283084
 20
2.808480583527615
 30
0.0
 10
14.64568159952499
 20
2.805230431356282
 30
0.0
  0
SPLINE
  5
296
330
1F
100
AcDbEntity
  8
0
  6
Continuous
 62
     7
370
    35
100
AcDbSpline
210
0.0
220
0.0
230
1.0
 70
     8
 71
     3
 72
    10
 73
     6
 74
     0
 42
0.000000001
 43
0.00000001
 40
0.0
 40
0.0
 40
0.0
 40
0.0
 40
0.5
 40
0.5
 40
1.0
 40
1.0
 40
1.0
 40
1.0
 10
13.93308317432322
 20
2.805230431356282
 30
0.0
 10
13.93302742236449
 20
2.808492593985125
 30
0.0
 10
13.9329399958581
 20
2.81360556826626
 30
0.0
 10
13.93272915169132
 20
2.825914220957999
 30
0.0
 10
13.93260397856188
 20
2.833210625232676
 30
0.0
 10
13.93247967651141
 20
2.840444100293288
 30
0.0
  0
LINE
  5
297
330
1F
100
AcDbEntity
  8
0
  6
Continuous
 62
     7
370
    35
100
AcDbLine
 10
13.04186472636725
 20
3.326132450249523
 30
0.0
 11
13.00665105743025
 21
3.340718429504145
 31
0.0
  0
SPLINE
  5
298
330
1F
100
AcDbEntity
  8
0
  6
Continuous
 62
     7
370
    35
100
AcDbSpline
210
0.0
220
0.0
230
1.0
 70
     8
 71
     3
 72
    12
 73
     8
 74
     0
 42
0.000000001
 43
0.00000001
 40
0.0
 40
0.0
 40
0.0
 40
0.0
 40
0.2500000000000001
 40
0.2500000000000001
 40
0.5000000000000001
 40
0.5000000000000001
 40
1.0
 40
1.0
 40
1.0
 40
1.0
 10
14.64568159952527
 20
9.74037430497214
 30
0.0
 10
14.64565357865654
 20
9.738734745882736
 30
0.0
 10
14.64561852324266
 20
9.7366841798544
 30
0.0
 10
14.64553465768717
 20
9.731781783274558
 30
0.0
 10
14.6454861640232
 20
9.728948521917008
 30
0.0
 10
14.64532804973254
 20
9.719718092662221
 30
0.0
 10
14.64520231725635
 20
9.712389078173025
 30
0.0
 10
14.64507810171331
 20
9.705160636035135
 30
0.0
  0
SPLINE
  5
299
330
1F
100
AcDbEntity
  8
0
  6
Continuous
 62
     7
370
    35
100
AcDbSpline
210
0.0
220
0.0
230
1.0
 70
     8
 71
     3
 72
    10
 73
     6
 74
     0
 42
0.000000001
 43
0.00000001
 40
0.0
 40
0.0
 40
0.0
 40
0.0
 40
0.5
 40
0.5
 40
1.0
 40
1.0
 40
1.0
 40
1.0
 10
13.93308317432355
 20
9.740374304972141
 30
0.0
 10
13.93302742572622
 20
9.737112339030219
 30
0.0
 10
13.93293999549593
 20
9.731999146973521
 30
0.0
 10
13.93272915429168
 20
9.719690667114792
 30
0.0
 10
13.93260397736746
 20
9.712394042811297
 30
0.0
 10
13.93247967651159
 20
9.705160636035135
 30
0.0
  0
LINE
  5
29A
330
1F
100
AcDbEntity
  8
0
  6
Continuous
 62
     7
370
    35
100
AcDbLine
 10
13.04186472636725
 20
9.2194722860789
 30
0.0
 11
13.00665105743025
 21
9.20488630682428
 31
0.0
  0
CIRCLE
  5
29B
330
1F
100
AcDbEntity
  8
0
  6
Continuous
 62
     7
370
    35
100
AcDbCircle
 10
15.04706023862119
 20
3.221621265802002
 30
0.0
 40
0.1279527559055107
  0
CIRCLE
  5
29C
330
1F
100
AcDbEntity
  8
0
  6
Continuous
 62
     7
370
    35
100
AcDbCircle
 10
15.04706023862119
 20
6.272802368164213
 30
0.0
 40
0.1279527559055111
  0
CIRCLE
  5
29D
330
1F
100
AcDbEntity
  8
0
  6
Continuous
 62
     7
370
    35
100
AcDbCircle
 10
15.04706023862119
 20
9.323983470526422
 30
0.0
 40
0.1279527559055094
  0
CIRCLE
  5
29E
330
1F
100
AcDbEntity
  8
0
  6
Continuous
 62
     7
370
    35
100
AcDbCircle
 10
13.31477677405426
 20
9.323983470526422
 30
0.0
 40
0.1279527559055094
  0
CIRCLE
  5
29F
330
1F
100
AcDbEntity
  8
0
  6
Continuous
 62
     7
370
    35
100
AcDbCircle
 10
13.31477677405427
 20
6.272802368164213
 30
0.0
 40
0.1279527559055111
  0
CIRCLE
  5
2A0
330
1F
100
AcDbEntity
  8
0
  6
Continuous
 62
     7
370
    35
100
AcDbCircle
 10
13.31477677405426
 20
3.221621265802002
 30
0.0
 40
0.1279527559055107
  0
LINE
  5
2A1
330
1F
100
AcDbEntity
  8
0
  6
Continuous
 62
     7
370
    35
100
AcDbLine
 10
13.06154976573733
 20
3.345817489619608
 30
0.0
 11
13.02633609680033
 21
3.36040346887423
 31
0.0
  0
LINE
  5
2A2
330
1F
100
AcDbEntity
  8
0
  6
Continuous
 62
     7
370
    35
100
AcDbLine
 10
13.06154976573733
 20
9.19978724670882
 30
0.0
 11
13.02633609680033
 21
9.185201267454197
 31
0.0
  0
LINE
  5
2A3
330
1F
100
AcDbEntity
  8
0
  6
Continuous
 62
     7
370
    35
100
AcDbLine
 10
13.93308317432353
 20
9.740374304972143
 30
0.0
 11
13.93349822680489
 21
9.764706351773318
 31
0.0
  0
LINE
  5
2A4
330
1F
100
AcDbEntity
  8
0
  6
Continuous
 62
     7
370
    35
100
AcDbLine
 10
14.64568159952525
 20
2.80523043135629
 30
0.0
 11
14.64609665200651
 21
2.78089838455511
 31
0.0
  0
LINE
  5
2A5
330
1F
100
AcDbEntity
  8
0
  6
Continuous
 62
     7
370
    35
100
AcDbLine
 10
12.98231901063039
 20
3.350797093288945
 30
0.0
 11
13.00665105743025
 21
3.340718429504144
 31
0.0
  0
LINE
  5
2A6
330
1F
100
AcDbEntity
  8
0
  6
Continuous
 62
     7
370
    35
100
AcDbLine
 10
14.64609665200654
 20
9.764706351773318
 30
0.0
 11
14.6456815995253
 21
9.740374304972137
 31
0.0
  0
LINE
  5
2A7
330
1F
100
AcDbEntity
  8
0
  6
Continuous
 62
     7
370
    35
100
AcDbLine
 10
13.93349822680491
 20
2.78089838455511
 30
0.0
 11
13.93308317432366
 21
2.80523043135629
 31
0.0
  0
LINE
  5
2A8
330
1F
100
AcDbEntity
  8
0
  6
Continuous
 62
     7
370
    35
100
AcDbLine
 10
12.98231901062907
 20
9.19480764303894
 30
0.0
 11
13.00665105743025
 21
9.20488630682428
 31
0.0
  0
LINE
  5
2A9
330
1F
100
AcDbEntity
  8
0
  6
Continuous
 62
     7
370
    35
100
AcDbLine
 10
13.00200404999915
 20
3.37048213265957
 30
0.0
 11
13.02633609680033
 21
3.360403468874227
 31
0.0
  0
LINE
  5
2AA
330
1F
100
AcDbEntity
  8
0
  6
Continuous
 62
     7
370
    35
100
AcDbLine
 10
13.00200404999915
 20
9.175122603668857
 30
0.0
 11
13.02633609680033
 21
9.185201267454197
 31
0.0
  0
SPLINE
  5
2AB
330
1F
100
AcDbEntity
  8
0
  6
Continuous
 62
     7
370
    35
100
AcDbSpline
210
0.0
220
0.0
230
1.0
 70
     8
 71
     3
 72
     8
 73
     4
 74
     0
 42
0.000000001
 43
0.00000001
 40
0.0
 40
0.0
 40
0.0
 40
0.0
 40
1.0
 40
1.0
 40
1.0
 40
1.0
 10
13.93349822680483
 20
9.764706351773318
 30
0.0
 10
13.93354489411077
 20
9.767447401571118
 30
0.0
 10
13.9335689681155
 20
9.768862761576472
 30
0.0
 10
13.93356896811551
 20
9.76886276157647
 30
0.0
  0
ARC
  5
2AC
330
1F
100
AcDbEntity
  8
0
  6
Continuous
 62
     7
370
    35
100
AcDbCircle
 10
13.82461929373802
 20
6.568077958722086
 30
0.0
 40
3.202638503754454
100
AcDbArc
 50
88.05049456555301
 51
101.4983114915983
  0
ARC
  5
2AD
330
1F
100
AcDbEntity
  8
0
  6
Continuous
 62
     7
370
    35
100
AcDbCircle
 10
13.23800512051095
 20
9.451813732960808
 30
0.0
 40
0.259842519685037
100
AcDbArc
 50
101.498311491596
 51
180.0
  0
ARC
  5
2AE
330
1F
100
AcDbEntity
  8
0
  6
Continuous
 62
     7
370
    35
100
AcDbCircle
 10
15.12383189216441
 20
3.093791003367614
 30
0.0
 40
0.2598425196851307
100
AcDbArc
 50
281.4983114915834
 51
0.0
  0
ARC
  5
2AF
330
1F
100
AcDbEntity
  8
0
  6
Continuous
 62
     7
370
    35
100
AcDbCircle
 10
14.53721771893742
 20
5.977526777606897
 30
0.0
 40
3.202638503755082
100
AcDbArc
 50
271.9495054344868
 51
281.4983114915957
  0
SPLINE
  5
2B0
330
1F
100
AcDbEntity
  8
0
  6
Continuous
 62
     7
370
    35
100
AcDbSpline
210
0.0
220
0.0
230
1.0
 70
     8
 71
     3
 72
     8
 73
     4
 74
     0
 42
0.000000001
 43
0.00000001
 40
0.0
 40
0.0
 40
0.0
 40
0.0
 40
1.0
 40
1.0
 40
1.0
 40
1.0
 10
14.64609665200661
 20
2.780898384555109
 30
0.0
 10
14.64614331931245
 20
2.778157334757308
 30
0.0
 10
14.64616739331713
 20
2.776741974751955
 30
0.0
 10
14.64616739331709
 20
2.776741974751956
 30
0.0
  0
LINE
  5
2B1
330
1F
100
AcDbEntity
  8
0
  6
Continuous
 62
     7
370
    35
100
AcDbLine
 10
12.97816260082592
 20
9.45181373296081
 30
0.0
 11
12.97816260082592
 21
9.193086001727693
 31
0.0
  0
LINE
  5
2B2
330
1F
100
AcDbEntity
  8
0
  6
Continuous
 62
     7
370
    35
100
AcDbLine
 10
12.98231901062907
 20
9.194807643038938
 30
0.0
 11
12.97816260082592
 21
9.193086001727691
 31
0.0
  0
ARC
  5
2B3
330
1F
100
AcDbEntity
  8
0
  6
Continuous
 62
     7
370
    35
100
AcDbCircle
 10
13.82461929373799
 20
5.977526777606405
 30
0.0
 40
3.202638503754515
100
AcDbArc
 50
258.5016885084033
 51
271.9495054344471
  0
SPLINE
  5
2B4
330
1F
100
AcDbEntity
  8
0
  6
Continuous
 62
     7
370
    35
100
AcDbSpline
210
0.0
220
0.0
230
1.0
 70
     8
 71
     3
 72
     8
 73
     4
 74
     0
 42
0.000000001
 43
0.00000001
 40
0.0
 40
0.0
 40
0.0
 40
0.0
 40
1.0
 40
1.0
 40
1.0
 40
1.0
 10
13.93349822680483
 20
2.780898384555166
 30
0.0
 10
13.93354489411046
 20
2.778157334757419
 30
0.0
 10
13.93356896811506
 20
2.776741974751956
 30
0.0
 10
13.93356896811501
 20
2.776741974751956
 30
0.0
  0
ARC
  5
2B5
330
1F
100
AcDbEntity
  8
0
  6
Continuous
 62
     7
370
    35
100
AcDbCircle
 10
13.23800512051096
 20
3.093791003367611
 30
0.0
 40
0.2598425196850354
100
AcDbArc
 50
179.9999999999995
 51
258.501688508503
  0
LINE
  5
2B6
330
1F
100
AcDbEntity
  8
0
  6
Continuous
 62
     7
370
    35
100
AcDbLine
 10
15.38367441184954
 20
3.093791003367614
 30
0.0
 11
15.38367441184954
 21
9.451813732960808
 31
0.0
  0
ARC
  5
2B7
330
1F
100
AcDbEntity
  8
0
  6
Continuous
 62
     7
370
    35
100
AcDbCircle
 10
15.12383189216441
 20
9.45181373296081
 30
0.0
 40
0.2598425196851304
100
AcDbArc
 50
0.0000000000004071
 51
78.5016885084226
  0
LINE
  5
2B8
330
1F
100
AcDbEntity
  8
0
  6
Continuous
 62
     7
370
    35
100
AcDbLine
 10
12.97816260082592
 20
3.352518734600733
 30
0.0
 11
12.97816260082592
 21
3.093791003367614
 31
0.0
  0
LINE
  5
2B9
330
1F
100
AcDbEntity
  8
0
  6
Continuous
 62
     7
370
    35
100
AcDbLine
 10
12.98231901063039
 20
3.350797093288942
 30
0.0
 11
12.97816260082592
 21
3.352518734600733
 31
0.0
  0
SPLINE
  5
2BA
330
1F
100
AcDbEntity
  8
0
  6
Continuous
 62
     7
370
    35
100
AcDbSpline
210
0.0
220
0.0
230
1.0
 70
     8
 71
     3
 72
     8
 73
     4
 74
     0
 42
0.000000001
 43
0.00000001
 40
0.0
 40
0.0
 40
0.0
 40
0.0
 40
1.0
 40
1.0
 40
1.0
 40
1.0
 10
14.64609665200654
 20
9.764706351773349
 30
0.0
 10
14.64614331931249
 20
9.767447401571108
 30
0.0
 10
14.64616739331723
 20
9.76886276157647
 30
0.0
 10
14.64616739331711
 20
9.76886276157647
 30
0.0
  0
ARC
  5
2BB
330
1F
100
AcDbEntity
  8
0
  6
Continuous
 62
     7
370
    35
100
AcDbCircle
 10
14.53721771893743
 20
6.568077958721814
 30
0.0
 40
3.202638503754799
100
AcDbArc
 50
78.5016885084043
 51
88.05049456551373
  0
LINE
  5
2BC
330
1F
100
AcDbEntity
  8
0
  6
Continuous
 62
     7
370
    35
100
AcDbLine
 10
12.97816260082592
 20
3.352518734600733
 30
0.0
 11
12.997847640196
 21
3.372203773970814
 31
0.0
  0
LINE
  5
2BD
330
1F
100
AcDbEntity
  8
0
  6
Continuous
 62
     7
370
    35
100
AcDbLine
 10
13.00200404999915
 20
3.370482132659568
 30
0.0
 11
12.997847640196
 21
3.372203773970814
 31
0.0
  0
LINE
  5
2BE
330
1F
100
AcDbEntity
  8
0
  6
Continuous
 62
     7
370
    35
100
AcDbLine
 10
13.93356896811548
 20
2.776741974751956
 30
0.0
 11
14.64616739331716
 21
2.776741974751956
 31
0.0
  0
LINE
  5
2BF
330
1F
100
AcDbEntity
  8
0
  6
Continuous
 62
     7
370
    35
100
AcDbLine
 10
12.997847640196
 20
9.173400962357608
 30
0.0
 11
12.997847640196
 21
3.372203773970814
 31
0.0
  0
LINE
  5
2C0
330
1F
100
AcDbEntity
  8
0
  6
Continuous
 62
     7
370
    35
100
AcDbLine
 10
13.00200404999915
 20
9.175122603668855
 30
0.0
 11
12.997847640196
 21
9.173400962357608
 31
0.0
  0
LINE
  5
2C1
330
1F
100
AcDbEntity
  8
0
  6
Continuous
 62
     7
370
    35
100
AcDbLine
 10
14.64616739331717
 20
9.76886276157647
 30
0.0
 11
13.93356896811556
 21
9.76886276157647
 31
0.0
  0
LINE
  5
2C2
330
1F
100
AcDbEntity
  8
0
  6
Continuous
 62
     7
370
    35
100
AcDbLine
 10
12.997847640196
 20
9.173400962357608
 30
0.0
 11
12.97816260082592
 21
9.193086001727693
 31
0.0
  0
CIRCLE
  5
2C3
330
1F
100
AcDbEntity
  8
0
  6
Continuous
 62
     7
370
    35
100
AcDbCircle
 10
15.04706023862119
 20
3.221621265802002
 30
0.0
 40
0.0629921259842519
  0
CIRCLE
  5
2C4
330
1F
100
AcDbEntity
  8
0
  6
Continuous
 62
     7
370
    35
100
AcDbCircle
 10
13.31477677405426
 20
3.221621265802002
 30
0.0
 40
0.0629921259842519
  0
CIRCLE
  5
2C5
330
1F
100
AcDbEntity
  8
0
  6
Continuous
 62
     7
370
    35
100
AcDbCircle
 10
15.04706023862119
 20
6.272802368164213
 30
0.0
 40
0.0629921259842519
  0
CIRCLE
  5
2C6
330
1F
100
AcDbEntity
  8
0
  6
Continuous
 62
     7
370
    35
100
AcDbCircle
 10
13.31477677405427
 20
6.272802368164213
 30
0.0
 40
0.0629921259842519
  0
CIRCLE
  5
2C7
330
1F
100
AcDbEntity
  8
0
  6
Continuous
 62
     7
370
    35
100
AcDbCircle
 10
15.04706023862119
 20
9.323983470526422
 30
0.0
 40
0.0629921259842519
  0
CIRCLE
  5
2C8
330
1F
100
AcDbEntity
  8
0
  6
Continuous
 62
     7
370
    35
100
AcDbCircle
 10
13.31477677405426
 20
9.323983470526422
 30
0.0
 40
0.0629921259842519
  0
DIMENSION
  5
2C9
330
1F
100
AcDbEntity
  8
SLD-0
100
AcDbDimension
  2
_D_10
 10
15.04706023862118
 20
9.196030714620912
 30
0.0
 11
13.98376601574063
 21
10.18071145847735
 31
0.0
 70
   163
  1
6X %%c.126{\fGDT;x}.177\P{\fGDT;v}<>{\fGDT;x}.098
 71
     1
 42
-1.0
  3
SLDDIMSTYLE4
100
AcDbDiametricDimension
 15
15.04706023862118
 25
9.451936226431934
 35
0.0
 40
0.0
  0
DIMENSION
  5
2EF
330
1F
100
AcDbEntity
  8
SLD-0
100
AcDbDimension
  2
_D_11
 10
12.23928760842991
 20
3.221621265801995
 30
0.0
 11
12.2392876084299
 21
6.272802368164209
 31
0.0
 70
   160
  1
<>
 71
     2
 42
-1.0
  3
SLDDIMSTYLE0
100
AcDbAlignedDimension
 13
13.47772952995976
 23
9.323983470526418
 33
0.0
 14
13.47772952995978
 24
3.221621265801999
 34
0.0
 50
90.0000000000002
100
AcDbRotatedDimension
  0
DIMENSION
  5
301
330
1F
100
AcDbEntity
  8
SLD-0
100
AcDbDimension
  2
_D_12
 10
15.04706023862121
 20
2.381186502198349
 30
0.0
 11
14.18091850633774
 21
2.381186502198345
 31
0.0
 70
   160
  1
<>
 71
     2
 42
-1.0
  3
SLDDIMSTYLE0
100
AcDbAlignedDimension
 13
13.31477677405427
 23
3.384574021707509
 33
0.0
 14
15.0470602386212
 24
3.384574021707516
 34
0.0
 50
0.0000000000002938
100
AcDbRotatedDimension
  0
INSERT
  5
335
330
1F
100
AcDbEntity
  8
SLD-0
100
AcDbBlockReference
  2
SW_CENTERMARKSYMBOL_0
 10
13.31477677405425
 20
9.323983470526418
 30
0.0
  0
ARC
  5
336
330
1F
100
AcDbEntity
  8
0
  6
Continuous
 62
     7
370
    35
100
AcDbCircle
 10
1.999925793097392
 20
2.814258352592149
 30
0.0
 40
0.0393700787402436
100
AcDbArc
 50
243.4349488218788
 51
270.0000000000209
  0
ARC
  5
337
330
1F
100
AcDbEntity
  8
0
  6
Continuous
 62
     7
370
    35
100
AcDbCircle
 10
1.999925793097454
 20
9.73134638373637
 30
0.0
 40
0.0393700787401663
100
AcDbArc
 50
90.00000000000162
 51
116.5650511770745
  0
ARC
  5
338
330
1F
100
AcDbEntity
  8
0
  6
Continuous
 62
     7
370
    35
100
AcDbCircle
 10
1.951261699495037
 20
2.838590399393228
 30
0.0
 40
0.0393700787401485
100
AcDbArc
 50
180.000000000015
 51
243.4349488229396
  0
ARC
  5
339
330
1F
100
AcDbEntity
  8
0
  6
Continuous
 62
     7
370
    35
100
AcDbCircle
 10
1.951261699495095
 20
9.7070143369352
 30
0.0
 40
0.039370078740155
100
AcDbArc
 50
116.5650511770711
 51
179.9999999999922
  0
LINE
  5
33A
330
1F
100
AcDbEntity
  8
0
  6
Continuous
 62
     7
370
    35
100
AcDbLine
 10
1.933654865026549
 20
2.803376730456217
 30
0.0
 11
1.982318958628213
 21
2.779044683655386
 31
0.0
  0
LINE
  5
33B
330
1F
100
AcDbEntity
  8
0
  6
Continuous
 62
     7
370
    35
100
AcDbLine
 10
1.98231895862895
 20
9.766560052673382
 30
0.0
 11
1.933654865026597
 21
9.742228005872207
 31
0.0
  0
LINE
  5
33C
330
1F
100
AcDbEntity
  8
0
  6
Continuous
 62
     7
370
    35
100
AcDbLine
 10
2.305592408156516
 20
9.770716462476534
 30
0.0
 11
1.999925793097454
 21
9.770716462476535
 31
0.0
  0
LINE
  5
33D
330
1F
100
AcDbEntity
  8
0
  6
Continuous
 62
     7
370
    35
100
AcDbLine
 10
1.999925793097405
 20
2.774888273851888
 30
0.0
 11
2.305592408156467
 21
2.774888273851886
 31
0.0
  0
LINE
  5
33E
330
1F
100
AcDbEntity
  8
0
  6
Continuous
 62
     7
370
    35
100
AcDbLine
 10
2.049686896345446
 20
3.111385045329558
 30
0.0
 11
2.089056975085603
 21
3.111385045329558
 31
0.0
  0
LINE
  5
33F
330
1F
100
AcDbEntity
  8
0
  6
Continuous
 62
     7
370
    35
100
AcDbLine
 10
2.089056975085647
 20
9.434219690998862
 30
0.0
 11
2.04968689634549
 21
9.434219690998862
 31
0.0
  0
LINE
  5
340
330
1F
100
AcDbEntity
  8
0
  6
Continuous
 62
     7
370
    35
100
AcDbLine
 10
2.207167211306077
 20
3.292487407534286
 30
0.0
 11
2.207167211306076
 21
3.233432289424052
 31
0.0
  0
LINE
  5
341
330
1F
100
AcDbEntity
  8
0
  6
Continuous
 62
     7
370
    35
100
AcDbLine
 10
2.049686896345444
 20
2.914537250342507
 30
0.0
 11
2.049686896345446
 21
3.213747250053972
 31
0.0
  0
ARC
  5
342
330
1F
100
AcDbEntity
  8
0
  6
Continuous
 62
     7
370
    35
100
AcDbCircle
 10
2.069371935715523
 20
2.914537250342506
 30
0.0
 40
0.0196850393700791
100
AcDbArc
 50
179.9999999999961
 51
269.9999999999931
  0
LINE
  5
343
330
1F
100
AcDbEntity
  8
0
  6
Continuous
 62
     7
370
    35
100
AcDbLine
 10
2.305592408156468
 20
2.894852210972425
 30
0.0
 11
2.06937193571552
 21
2.894852210972426
 31
0.0
  0
LINE
  5
344
330
1F
100
AcDbEntity
  8
0
  6
Continuous
 62
     7
370
    35
100
AcDbLine
 10
2.305592408156468
 20
2.894852210972425
 30
0.0
 11
2.305592408156467
 21
2.77674197475195
 31
0.0
  0
LINE
  5
345
330
1F
100
AcDbEntity
  8
0
  6
Continuous
 62
     7
370
    35
100
AcDbLine
 10
2.305592408156467
 20
2.77674197475195
 30
0.0
 11
1.999925793097406
 21
2.776741974751955
 31
0.0
  0
ARC
  5
346
330
1F
100
AcDbEntity
  8
0
  6
Continuous
 62
     7
370
    35
100
AcDbCircle
 10
1.999925793097403
 20
2.816112053492112
 30
0.0
 40
0.0393700787401579
100
AcDbArc
 50
243.4349488229231
 51
270.0000000000047
  0
LINE
  5
347
330
1F
100
AcDbEntity
  8
0
  6
Continuous
 62
     7
370
    35
100
AcDbLine
 10
1.933654865026548
 20
2.805230431356282
 30
0.0
 11
1.982318958628901
 21
2.780898384555107
 31
0.0
  0
ARC
  5
348
330
1F
100
AcDbEntity
  8
0
  6
Continuous
 62
     7
370
    35
100
AcDbCircle
 10
1.951261699495098
 20
9.705160636035133
 30
0.0
 40
0.0393700787401576
100
AcDbArc
 50
116.5650511770769
 51
180.0
  0
LINE
  5
349
330
1F
100
AcDbEntity
  8
0
  6
Continuous
 62
     7
370
    35
100
AcDbLine
 10
1.982318958629154
 20
9.764706351773418
 30
0.0
 11
1.933654865026597
 21
9.740374304972137
 31
0.0
  0
ARC
  5
34A
330
1F
100
AcDbEntity
  8
0
  6
Continuous
 62
     7
370
    35
100
AcDbCircle
 10
1.999925793097452
 20
9.729492682836312
 30
0.0
 40
0.0393700787401574
100
AcDbArc
 50
89.99999999999838
 51
116.5650511767465
  0
LINE
  5
34B
330
1F
100
AcDbEntity
  8
0
  6
Continuous
 62
     7
370
    35
100
AcDbLine
 10
1.999925793097453
 20
9.76886276157647
 30
0.0
 11
2.305592408156516
 21
9.768862761576468
 31
0.0
  0
LINE
  5
34C
330
1F
100
AcDbEntity
  8
0
  6
Continuous
 62
     7
370
    35
100
AcDbLine
 10
2.305592408156516
 20
9.768862761576468
 30
0.0
 11
2.305592408156515
 21
9.650752525355994
 31
0.0
  0
LINE
  5
34D
330
1F
100
AcDbEntity
  8
0
  6
Continuous
 62
     7
370
    35
100
AcDbLine
 10
2.069371935715568
 20
9.650752525355996
 30
0.0
 11
2.305592408156515
 21
9.650752525355994
 31
0.0
  0
ARC
  5
34E
330
1F
100
AcDbEntity
  8
0
  6
Continuous
 62
     7
370
    35
100
AcDbCircle
 10
2.06937193571557
 20
9.631067485985918
 30
0.0
 40
0.0196850393700787
100
AcDbArc
 50
90.00000000000388
 51
180.000000000006
  0
LINE
  5
34F
330
1F
100
AcDbEntity
  8
0
  6
Continuous
 62
     7
370
    35
100
AcDbLine
 10
2.049686896345489
 20
9.331857486274451
 30
0.0
 11
2.049686896345491
 21
9.631067485985916
 31
0.0
  0
LINE
  5
350
330
1F
100
AcDbEntity
  8
0
  6
Continuous
 62
     7
370
    35
100
AcDbLine
 10
2.207167211306119
 20
9.31217244690437
 30
0.0
 11
2.207167211306118
 21
9.253117328794133
 31
0.0
  0
ARC
  5
351
330
1F
100
AcDbEntity
  8
0
  6
Continuous
 62
     7
370
    35
100
AcDbCircle
 10
1.95126169949505
 20
2.840444100293286
 30
0.0
 40
0.0393700787401574
100
AcDbArc
 50
180.0000000000066
 51
243.4349488229228
  0
LINE
  5
352
330
1F
100
AcDbEntity
  8
0
  6
Continuous
 62
     7
370
    35
100
AcDbLine
 10
1.911891620754892
 20
2.840444100293282
 30
0.0
 11
1.91189162075494
 21
9.705160636035133
 31
0.0
  0
LINE
  5
353
330
1F
100
AcDbEntity
  8
0
  6
Continuous
 62
     7
370
    35
100
AcDbLine
 10
2.207167211306119
 20
9.31217244690437
 30
0.0
 11
2.069371935715568
 21
9.312172446904372
 31
0.0
  0
LINE
  5
354
330
1F
100
AcDbEntity
  8
0
  6
Continuous
 62
     7
370
    35
100
AcDbLine
 10
2.069371935715525
 20
3.233432289424052
 30
0.0
 11
2.207167211306076
 21
3.233432289424052
 31
0.0
  0
ARC
  5
355
330
1F
100
AcDbEntity
  8
0
  6
Continuous
 62
     7
370
    35
100
AcDbCircle
 10
2.069371935715568
 20
9.331857486274451
 30
0.0
 40
0.0196850393700796
100
AcDbArc
 50
180.0
 51
269.9999999999995
  0
ARC
  5
356
330
1F
100
AcDbEntity
  8
0
  6
Continuous
 62
     7
370
    35
100
AcDbCircle
 10
2.069371935715525
 20
3.213747250053974
 30
0.0
 40
0.0196850393700791
100
AcDbArc
 50
90.0
 51
180.0000000000047
  0
LINE
  5
357
330
1F
100
AcDbEntity
  8
0
  6
Continuous
 62
     7
370
    35
100
AcDbLine
 10
2.207167211306077
 20
3.292487407534286
 30
0.0
 11
2.049686896345447
 21
3.292487407534288
 31
0.0
  0
LINE
  5
358
330
1F
100
AcDbEntity
  8
0
  6
Continuous
 62
     7
370
    35
100
AcDbLine
 10
2.049686896345488
 20
9.253117328794135
 30
0.0
 11
2.207167211306118
 21
9.253117328794133
 31
0.0
  0
ARC
  5
359
330
1F
100
AcDbEntity
  8
0
  6
Continuous
 62
     7
370
    35
100
AcDbCircle
 10
2.049686896345447
 20
3.312172446904365
 30
0.0
 40
0.0196850393700787
100
AcDbArc
 50
180.0
 51
270.0000000000008
  0
ARC
  5
35A
330
1F
100
AcDbEntity
  8
0
  6
Continuous
 62
     7
370
    35
100
AcDbCircle
 10
2.049686896345488
 20
9.233432289424057
 30
0.0
 40
0.0196850393700791
100
AcDbArc
 50
90.0
 51
180.0
  0
LINE
  5
35B
330
1F
100
AcDbEntity
  8
0
  6
Continuous
 62
     7
370
    35
100
AcDbLine
 10
2.030001856975368
 20
3.312172446904365
 30
0.0
 11
2.030001856975409
 21
9.233432289424057
 31
0.0
  0
LINE
  5
35C
330
1F
100
AcDbEntity
  8
0
  6
Continuous
 62
     7
370
    35
100
AcDbLine
 10
2.305592408156516
 20
9.768862761576468
 30
0.0
 11
2.305592408156516
 21
9.770716462476534
 31
0.0
  0
LINE
  5
35D
330
1F
100
AcDbEntity
  8
0
  6
Continuous
 62
     7
370
    35
100
AcDbLine
 10
2.305592408156467
 20
2.774888273851886
 30
0.0
 11
2.305592408156467
 21
2.77674197475195
 31
0.0
  0
LINE
  5
35E
330
1F
100
AcDbEntity
  8
0
  6
Continuous
 62
     7
370
    35
100
AcDbLine
 10
2.305592408156468
 20
2.954903204687759
 30
0.0
 11
2.305592408156468
 21
2.894852210972425
 31
0.0
  0
LINE
  5
35F
330
1F
100
AcDbEntity
  8
0
  6
Continuous
 62
     7
370
    35
100
AcDbLine
 10
2.305592408156516
 20
9.650752525355994
 30
0.0
 11
2.305592408156515
 21
9.590701531640661
 31
0.0
  0
LINE
  5
360
330
1F
100
AcDbEntity
  8
0
  6
Continuous
 62
     7
370
    35
100
AcDbLine
 10
2.207167211306077
 20
3.312172446904363
 30
0.0
 11
2.207167211306077
 21
3.292487407534286
 31
0.0
  0
LINE
  5
361
330
1F
100
AcDbEntity
  8
0
  6
Continuous
 62
     7
370
    35
100
AcDbLine
 10
2.207167211306118
 20
9.253117328794133
 30
0.0
 11
2.207167211306118
 21
9.233432289424055
 31
0.0
  0
ARC
  5
362
330
1F
100
AcDbEntity
  8
0
  6
Continuous
 62
     7
370
    35
100
AcDbCircle
 10
2.049686896345487
 20
9.01671732879414
 30
0.0
 40
0.0196850393700787
100
AcDbArc
 50
90.0
 51
180.0
  0
ARC
  5
363
330
1F
100
AcDbEntity
  8
0
  6
Continuous
 62
     7
370
    35
100
AcDbCircle
 10
2.049686896345448
 20
3.528887407534282
 30
0.0
 40
0.0196850393700787
100
AcDbArc
 50
180.0
 51
270.0000000000008
  0
LINE
  5
364
330
1F
100
AcDbEntity
  8
0
  6
Continuous
 62
     7
370
    35
100
AcDbLine
 10
2.207167211306118
 20
9.233432289424055
 30
0.0
 11
2.207167211306118
 21
9.174197643754768
 31
0.0
  0
LINE
  5
365
330
1F
100
AcDbEntity
  8
0
  6
Continuous
 62
     7
370
    35
100
AcDbLine
 10
2.049686896345487
 20
9.036402368164218
 30
0.0
 11
2.207167211306117
 21
9.036402368164216
 31
0.0
  0
LINE
  5
366
330
1F
100
AcDbEntity
  8
0
  6
Continuous
 62
     7
370
    35
100
AcDbLine
 10
2.207167211306118
 20
9.174197643754768
 30
0.0
 11
2.207167211306117
 21
9.036402368164216
 31
0.0
  0
LINE
  5
367
330
1F
100
AcDbEntity
  8
0
  6
Continuous
 62
     7
370
    35
100
AcDbLine
 10
2.207167211306079
 20
3.509202368164203
 30
0.0
 11
2.049686896345448
 21
3.509202368164205
 31
0.0
  0
LINE
  5
368
330
1F
100
AcDbEntity
  8
0
  6
Continuous
 62
     7
370
    35
100
AcDbLine
 10
2.207167211306079
 20
3.509202368164203
 30
0.0
 11
2.207167211306078
 21
3.371407092573649
 31
0.0
  0
LINE
  5
369
330
1F
100
AcDbEntity
  8
0
  6
Continuous
 62
     7
370
    35
100
AcDbLine
 10
2.207167211306078
 20
3.371407092573649
 30
0.0
 11
2.207167211306077
 21
3.312172446904363
 31
0.0
  0
LINE
  5
36A
330
1F
100
AcDbEntity
  8
0
  6
Continuous
 62
     7
370
    35
100
AcDbLine
 10
2.207167211306099
 20
6.514304411459338
 30
0.0
 11
2.207167211306096
 21
6.031300324869083
 31
0.0
  0
LINE
  5
36B
330
1F
100
AcDbEntity
  8
0
  6
Continuous
 62
     7
370
    35
100
AcDbLine
 10
2.089056975085604
 20
3.233432289424053
 30
0.0
 11
2.089056975085603
 21
3.111385045329558
 31
0.0
  0
LINE
  5
36C
330
1F
100
AcDbEntity
  8
0
  6
Continuous
 62
     7
370
    35
100
AcDbLine
 10
2.089056975085647
 20
9.434219690998862
 30
0.0
 11
2.089056975085647
 21
9.312172446904372
 31
0.0
  0
LINE
  5
36D
330
1F
100
AcDbEntity
  8
0
  6
Continuous
 62
     7
370
    35
100
AcDbLine
 10
2.207167211306079
 20
3.528887407534282
 30
0.0
 11
2.207167211306079
 21
3.509202368164205
 31
0.0
  0
LINE
  5
36E
330
1F
100
AcDbEntity
  8
0
  6
Continuous
 62
     7
370
    35
100
AcDbLine
 10
2.207167211306117
 20
9.036402368164216
 30
0.0
 11
2.207167211306117
 21
9.016717328794138
 31
0.0
  0
LINE
  5
36F
330
1F
100
AcDbEntity
  8
0
  6
Continuous
 62
     7
370
    35
100
AcDbLine
 10
2.207167211306099
 20
6.533471240292283
 30
0.0
 11
2.207167211306099
 21
6.514304411459338
 31
0.0
  0
LINE
  5
370
330
1F
100
AcDbEntity
  8
0
  6
Continuous
 62
     7
370
    35
100
AcDbLine
 10
2.207167211306096
 20
6.031300324869083
 30
0.0
 11
2.207167211306096
 21
6.012133496036136
 31
0.0
  0
LINE
  5
371
330
1F
100
AcDbEntity
  8
0
  6
Continuous
 62
     7
370
    35
100
AcDbLine
 10
2.207167211306096
 20
6.012133496036136
 30
0.0
 11
2.207167211306079
 21
3.528887407534282
 31
0.0
  0
LINE
  5
372
330
1F
100
AcDbEntity
  8
0
  6
Continuous
 62
     7
370
    35
100
AcDbLine
 10
2.207167211306117
 20
9.016717328794138
 30
0.0
 11
2.207167211306099
 21
6.533471240292283
 31
0.0
  0
LINE
  5
373
330
1F
100
AcDbEntity
  8
0
  6
Continuous
 62
     7
370
    35
100
AcDbLine
 10
2.305592408156469
 20
3.09379100336761
 30
0.0
 11
2.305592408156468
 21
2.954903204687759
 31
0.0
  0
LINE
  5
374
330
1F
100
AcDbEntity
  8
0
  6
Continuous
 62
     7
370
    35
100
AcDbLine
 10
2.305592408156515
 20
9.590701531640661
 30
0.0
 11
2.305592408156514
 21
9.451813732960808
 31
0.0
  0
LINE
  5
375
330
1F
100
AcDbEntity
  8
0
  6
Continuous
 62
     7
370
    35
100
AcDbLine
 10
2.20716721130612
 20
9.134631447648207
 30
0.0
 11
2.305592408156512
 21
9.134631447648207
 31
0.0
  0
LINE
  5
376
330
1F
100
AcDbEntity
  8
0
  6
Continuous
 62
     7
370
    35
100
AcDbLine
 10
2.305592408156472
 20
3.410973288680202
 30
0.0
 11
2.207167211306079
 21
3.410973288680203
 31
0.0
  0
LINE
  5
377
330
1F
100
AcDbEntity
  8
0
  6
Continuous
 62
     7
370
    35
100
AcDbLine
 10
2.305592408156512
 20
9.134631447648207
 30
0.0
 11
2.305592408156472
 21
3.410973288680202
 31
0.0
  0
LINE
  5
378
330
1F
100
AcDbEntity
  8
0
  6
Continuous
 62
     7
370
    35
100
AcDbLine
 10
2.305592408156512
 20
9.154316487018292
 30
0.0
 11
2.20716721130612
 21
9.154316487018292
 31
0.0
  0
LINE
  5
379
330
1F
100
AcDbEntity
  8
0
  6
Continuous
 62
     7
370
    35
100
AcDbLine
 10
2.305592408156516
 20
9.15431648701829
 30
0.0
 11
2.305592408156516
 21
9.134631447648209
 31
0.0
  0
LINE
  5
37A
330
1F
100
AcDbEntity
  8
0
  6
Continuous
 62
     7
370
    35
100
AcDbLine
 10
2.207167211306079
 20
3.39128824931012
 30
0.0
 11
2.305592408156471
 21
3.391288249310119
 31
0.0
  0
LINE
  5
37B
330
1F
100
AcDbEntity
  8
0
  6
Continuous
 62
     7
370
    35
100
AcDbLine
 10
2.305592408156472
 20
3.410973288680202
 30
0.0
 11
2.305592408156471
 21
3.391288249310117
 31
0.0
  0
LINE
  5
37C
330
1F
100
AcDbEntity
  8
0
  6
Continuous
 62
     7
370
    35
100
AcDbLine
 10
2.305592408156514
 20
9.451813732960808
 30
0.0
 11
2.305592408156512
 21
9.154316487018292
 31
0.0
  0
LINE
  5
37D
330
1F
100
AcDbEntity
  8
0
  6
Continuous
 62
     7
370
    35
100
AcDbLine
 10
2.305592408156471
 20
3.391288249310117
 30
0.0
 11
2.305592408156469
 21
3.09379100336761
 31
0.0
  0
HATCH
  5
37E
330
1F
100
AcDbEntity
  8
0
  6
Continuous
 62
     7
370
    18
100
AcDbHatch
 10
0.0
 20
0.0
 30
0.0
210
0.0
220
0.0
230
1.0
  2
ANSI31
 70
     0
 71
     0
 91
        1
 92
        0
 93
       28
 72
     2
 10
2.049686896345436
 20
3.312172446904367
 40
0.0196850393700787
 50
90.0
 51
180.0
 73
     0
 72
     1
 10
2.030001856975358
 20
3.312172446904367
 11
2.03000185697542
 21
9.233432289424057
 72
     2
 10
2.049686896345499
 20
9.233432289424057
 40
0.0196850393700787
 50
180.0
 51
270.0000000000021
 73
     0
 72
     1
 10
2.049686896345499
 20
9.253117328794136
 11
2.207167211306129
 21
9.253117328794133
 72
     1
 10
2.207167211306129
 20
9.253117328794133
 11
2.20716721130613
 21
9.312172446904372
 72
     1
 10
2.20716721130613
 20
9.312172446904372
 11
2.069371935715578
 21
9.312172446904373
 72
     2
 10
2.069371935715579
 20
9.331857486274451
 40
0.0196850393700787
 50
90.00000000000132
 51
180.0
 73
     0
 72
     1
 10
2.049686896345499
 20
9.331857486274451
 11
2.049686896345503
 21
9.631067485985918
 72
     2
 10
2.069371935715582
 20
9.63106748598592
 40
0.0196850393700787
 50
179.9999999999948
 51
269.999999999997
 73
     0
 72
     1
 10
2.06937193571558
 20
9.650752525355998
 11
2.305592408156527
 21
9.650752525355994
 72
     1
 10
2.305592408156527
 20
9.650752525355994
 11
2.305592408156528
 21
9.768862761576468
 72
     1
 10
2.305592408156528
 20
9.768862761576468
 11
1.999925793097465
 21
9.76886276157647
 72
     2
 10
1.999925793097464
 20
9.729492682836312
 40
0.0393700787401575
 50
89.99999999999807
 51
116.5650511767448
 73
     1
 72
     1
 10
1.982318958629166
 20
9.76470635177342
 11
1.933654865026609
 21
9.740374304972141
 72
     2
 10
1.95126169949511
 20
9.705160636035135
 40
0.0393700787401575
 50
116.5650511770748
 51
180.0
 73
     1
 72
     1
 10
1.911891620754953
 20
9.705160636035135
 11
1.911891620754881
 21
2.840444100293284
 72
     2
 10
1.951261699495038
 20
2.840444100293288
 40
0.0393700787401575
 50
180.0000000000066
 51
243.4349488229228
 73
     1
 72
     1
 10
1.933654865026536
 20
2.805230431356283
 11
1.982318958628889
 21
2.780898384555109
 72
     2
 10
1.999925793097391
 20
2.816112053492114
 40
0.0393700787401575
 50
243.4349488229231
 51
270.0000000000044
 73
     1
 72
     1
 10
1.999925793097394
 20
2.776741974751956
 11
2.305592408156455
 21
2.776741974751951
 72
     1
 10
2.305592408156455
 20
2.776741974751951
 11
2.305592408156456
 21
2.894852210972426
 72
     1
 10
2.305592408156456
 20
2.894852210972426
 11
2.069371935715509
 21
2.894852210972428
 72
     2
 10
2.069371935715511
 20
2.914537250342507
 40
0.0196850393700787
 50
90.00000000000645
 51
180.0000000000047
 73
     0
 72
     1
 10
2.049686896345432
 20
2.914537250342509
 11
2.049686896345436
 21
3.213747250053974
 72
     2
 10
2.069371935715515
 20
3.213747250053975
 40
0.0196850393700787
 50
179.9999999999975
 51
270.0000000000008
 73
     0
 72
     1
 10
2.069371935715515
 20
3.233432289424054
 11
2.207167211306066
 21
3.233432289424053
 72
     1
 10
2.207167211306066
 20
3.233432289424053
 11
2.207167211306067
 21
3.292487407534288
 72
     1
 10
2.207167211306067
 20
3.292487407534288
 11
2.049686896345436
 21
3.29248740753429
 97
        0
 75
     0
 76
     1
 52
0.0
 41
0.25
 77
     0
 78
     1
 53
45.0
 43
0.0
 44
0.0
 45
-0.0220970869120796
 46
0.0220970869120796
 79
     0
 98
        1
 10
0.0
 20
0.0
  0
DIMENSION
  5
37F
330
1F
100
AcDbEntity
  8
SLD-0
100
AcDbDimension
  2
_D_13
 10
1.911891620754956
 20
10.01087492704347
 30
0.0
 11
1.377907241366733
 21
10.01087492704347
 31
0.0
 70
   160
  1
<>
 71
     2
 42
-1.0
  3
SLDDIMSTYLE2
100
AcDbAlignedDimension
 13
2.03000185697542
 23
9.233432289424057
 33
0.0
 14
1.911891620754953
 24
9.705160636035135
 34
0.0
 50
-0.0000000000008617
100
AcDbRotatedDimension
  0
DIMENSION
  5
391
330
1F
100
AcDbEntity
  8
SLD-0
100
AcDbDimension
  2
_D_14
 10
2.541107523262037
 20
9.768862761576466
 30
0.0
 11
2.541107523262039
 21
10.03843398216158
 31
0.0
 70
   160
  1
<>
 71
     2
 42
-1.0
  3
SLDDIMSTYLE2
100
AcDbAlignedDimension
 13
2.305592408156527
 23
9.650752525355994
 33
0.0
 14
2.305592408156528
 24
9.768862761576468
 34
0.0
 50
90.0000000000002
100
AcDbRotatedDimension
  0
DIMENSION
  5
3A4
330
1F
100
AcDbEntity
  8
SLD-0
100
AcDbDimension
  2
_D_15
 10
2.030001856975431
 20
10.24325145953406
 30
0.0
 11
1.377907241366733
 21
10.24325145953407
 31
0.0
 70
   160
  1
<>
 71
     2
 42
-1.0
  3
SLDDIMSTYLE2
100
AcDbAlignedDimension
 13
2.20716721130613
 23
9.312172446904372
 33
0.0
 14
2.03000185697542
 24
9.233432289424057
 34
0.0
 50
-0.0000000000005745
100
AcDbRotatedDimension
  0
MTEXT
  5
3B6
330
1F
100
AcDbEntity
  8
SLD-0
100
AcDbMText
 10
2.153124586190838
 20
2.533561622025036
 30
0.0
 40
0.125
 41
0.0
 71
     2
 72
     1
  1
SECTION A-A
  7
SLDTEXTSTYLE1
 73
     1
 44
1.0
  0
ENDSEC
  0
SECTION
  2
OBJECTS
  0
DICTIONARY
  5
C
330
0
100
AcDbDictionary
281
     1
  3
ACAD_GROUP
350
D
  3
ACAD_LAYOUT
350
1A
  3
ACAD_MATERIAL
350
3D0
  3
ACAD_MLEADERSTYLE
350
3D6
  3
ACAD_MLINESTYLE
350
17
  3
ACAD_PLOTSETTINGS
350
19
  3
ACAD_PLOTSTYLENAME
350
E
  3
ACAD_SCALELIST
350
47
  3
ACAD_TABLESTYLE
350
3D4
  3
ACAD_VISUALSTYLE
350
3B7
  3
AcDbVariableDictionary
350
3D8
  3
DWGPROPS
350
3E0
  0
DICTIONARY
  5
3E1
330
8
100
AcDbDictionary
280
     1
281
     1
  3
ACAD_XREC_ROUNDTRIP
360
3E2
  0
DICTIONARY
  5
D
102
{ACAD_REACTORS
330
C
102
}
330
C
100
AcDbDictionary
281
     1
  0
DICTIONARY
  5
1A
102
{ACAD_REACTORS
330
C
102
}
330
C
100
AcDbDictionary
281
     1
  3
Layout1
350
1E
  3
Layout2
350
26
  3
Model
350
22
  0
DICTIONARY
  5
3D0
102
{ACAD_REACTORS
330
C
102
}
330
C
100
AcDbDictionary
281
     1
  3
ByBlock
350
3D2
  3
ByLayer
350
3D1
  3
Global
350
3D3
  0
DICTIONARY
  5
3D6
102
{ACAD_REACTORS
330
C
102
}
330
C
100
AcDbDictionary
281
     1
  3
Standard
350
3D7
  0
DICTIONARY
  5
17
102
{ACAD_REACTORS
330
C
102
}
330
C
100
AcDbDictionary
281
     1
  3
Standard
350
18
  0
DICTIONARY
  5
19
102
{ACAD_REACTORS
330
C
102
}
330
C
100
AcDbDictionary
281
     1
  0
ACDBDICTIONARYWDFLT
  5
E
102
{ACAD_REACTORS
330
C
102
}
330
C
100
AcDbDictionary
281
     1
  3
Normal
350
F
100
AcDbDictionaryWithDefault
340
F
  0
DICTIONARY
  5
47
102
{ACAD_REACTORS
330
C
102
}
330
C
100
AcDbDictionary
281
     1
  3
A0
350
48
  3
A1
350
49
  3
A2
350
4A
  3
A3
350
4B
  3
A4
350
4C
  3
A5
350
4D
  3
A6
350
4E
  3
A7
350
4F
  3
A8
350
50
  3
A9
350
51
  3
B0
350
52
  3
B1
350
53
  3
B2
350
54
  3
B3
350
55
  3
B4
350
56
  3
B5
350
57
  3
B6
350
58
  3
B7
350
59
  3
B8
350
5A
  3
B9
350
5B
  3
C0
350
5C
  3
C1
350
5D
  3
C2
350
5E
  3
C3
350
5F
  3
C4
350
60
  3
C5
350
61
  3
C6
350
62
  3
C7
350
63
  3
C8
350
64
  3
C9
350
65
  3
D0
350
66
  3
D1
350
67
  3
D2
350
68
  0
DICTIONARY
  5
3D4
102
{ACAD_REACTORS
330
C
102
}
330
C
100
AcDbDictionary
281
     1
  3
Standard
350
3D5
  0
DICTIONARY
  5
3B7
102
{ACAD_REACTORS
330
C
102
}
330
C
100
AcDbDictionary
281
     1
  3
2dWireframe
350
3BC
  3
Basic
350
3BF
  3
Brighten
350
3C3
  3
ColorChange
350
3C7
  3
Conceptual
350
3C1
  3
Dim
350
3C2
  3
EdgeColorOff
350
3CA
  3
Facepattern
350
3C6
  3
Flat
350
3B8
  3
FlatWithEdges
350
3B9
  3
Gouraud
350
3BA
  3
GouraudWithEdges
350
3BB
  3
Hidden
350
3BE
  3
JitterOff
350
3C8
  3
Linepattern
350
3C5
  3
OverhangOff
350
3C9
  3
Realistic
350
3C0
  3
Shaded
350
3CF
  3
Shaded with edges
350
3CE
  3
Shades of Gray
350
3CB
  3
Sketchy
350
3CC
  3
Thicken
350
3C4
  3
Wireframe
350
3BD
  3
X-Ray
350
3CD
  0
DICTIONARY
  5
3D8
102
{ACAD_REACTORS
330
C
102
}
330
C
100
AcDbDictionary
281
     1
  3
CMLEADERSTYLE
350
3DA
  3
CTABLESTYLE
350
3D9
  3
DIMASSOC
350
3DE
  3
HIDETEXT
350
3DF
  3
MSLTSCALE
350
3DB
  0
XRECORD
  5
3E0
102
{ACAD_REACTORS
330
C
102
}
330
C
100
AcDbXrecord
280
     1
  1
DWGPROPS COOKIE
  2

  3

  4

  6

  7

  8
jeff
  9

300
=
301
=
302
=
303
=
304
=
305
=
306
=
307
=
308
=
309
=
 40
0.0
 41
2457995.757912766
 42
2460935.889228056
  1

 90
        0
  0
XRECORD
  5
3E2
102
{ACAD_REACTORS
330
3E1
102
}
330
3E1
100
AcDbXrecord
280
     1
102
VTR_0.000_0.000_1.000_1.000_VISUALSTYLE
340
3BC
102
VTR_0.000_0.000_1.000_1.000_GRIDDISPLAY
 70
     3
102
VTR_0.000_0.000_1.000_1.000_GRIDMAJOR
 70
     5
102
VTR_0.000_0.000_1.000_1.000_DEFAULTLIGHTING
280
     1
102
VTR_0.000_0.000_1.000_1.000_DEFAULTLIGHTINGTYPE
 70
     1
102
VTR_0.000_0.000_1.000_1.000_BRIGHTNESS
141
0.0
102
VTR_0.000_0.000_1.000_1.000_CONTRAST
142
0.0
  0
LAYOUT
  5
1E
102
{ACAD_REACTORS
330
1A
102
}
330
1A
100
AcDbPlotSettings
  1

  2
none_device
  4

  6

 40
0.0
 41
0.0
 42
0.0
 43
0.0
 44
0.0
 45
0.0
 46
0.0
 47
0.0
 48
0.0
 49
0.0
140
0.0
141
0.0
142
1.0
143
1.0
 70
   688
 72
     0
 73
     0
 74
     5
  7

 75
    16
147
1.0
148
0.0
149
0.0
100
AcDbLayout
  1
Layout1
 70
     1
 71
     1
 10
0.0
 20
0.0
 11
12.0
 21
9.0
 12
0.0
 22
0.0
 32
0.0
 14
1.000000000000000E+20
 24
1.000000000000000E+20
 34
1.000000000000000E+20
 15
-1.000000000000000E+20
 25
-1.000000000000000E+20
 35
-1.000000000000000E+20
146
0.0
 13
0.0
 23
0.0
 33
0.0
 16
1.0
 26
0.0
 36
0.0
 17
0.0
 27
1.0
 37
0.0
 76
     0
330
1B
  0
LAYOUT
  5
26
102
{ACAD_REACTORS
330
1A
102
}
330
1A
100
AcDbPlotSettings
  1

  2
none_device
  4

  6

 40
0.0
 41
0.0
 42
0.0
 43
0.0
 44
0.0
 45
0.0
 46
0.0
 47
0.0
 48
0.0
 49
0.0
140
0.0
141
0.0
142
1.0
143
1.0
 70
   688
 72
     0
 73
     0
 74
     5
  7

 75
    16
147
1.0
148
0.0
149
0.0
100
AcDbLayout
  1
Layout2
 70
     1
 71
     2
 10
0.0
 20
0.0
 11
0.0
 21
0.0
 12
0.0
 22
0.0
 32
0.0
 14
0.0
 24
0.0
 34
0.0
 15
0.0
 25
0.0
 35
0.0
146
0.0
 13
0.0
 23
0.0
 33
0.0
 16
1.0
 26
0.0
 36
0.0
 17
0.0
 27
1.0
 37
0.0
 76
     0
330
23
  0
LAYOUT
  5
22
102
{ACAD_REACTORS
330
1A
102
}
330
1A
100
AcDbPlotSettings
  1

  2
none_device
  4
Letter_(8.50_x_11.00_Inches)
  6

 40
6.35
 41
6.35
 42
6.35000508
 43
6.35000508
 44
215.9
 45
279.4
 46
0.0
 47
0.0
 48
0.0
 49
0.0
140
0.0
141
0.0
142
1.0
143
1.0
 70
  1712
 72
     0
 73
     0
 74
     0
  7

 75
     0
147
1.0
148
0.0
149
0.0
100
AcDbLayout
  1
Model
 70
     1
 71
     0
 10
0.0
 20
0.0
 11
17.0
 21
11.0
 12
0.0
 22
0.0
 32
0.0
 14
0.0
 24
0.0
 34
0.0
 15
17.0
 25
11.0
 35
0.0
146
0.0
 13
0.0
 23
0.0
 33
0.0
 16
1.0
 26
0.0
 36
0.0
 17
0.0
 27
1.0
 37
0.0
 76
     0
330
1F
331
29
  0
MATERIAL
  5
3D2
102
{ACAD_REACTORS
330
3D0
102
}
102
{ACAD_XDICTIONARY
360
415
102
}
330
3D0
100
AcDbMaterial
  1
ByBlock
  0
MATERIAL
  5
3D1
102
{ACAD_REACTORS
330
3D0
102
}
102
{ACAD_XDICTIONARY
360
413
102
}
330
3D0
100
AcDbMaterial
  1
ByLayer
  0
MATERIAL
  5
3D3
102
{ACAD_REACTORS
330
3D0
102
}
102
{ACAD_XDICTIONARY
360
417
102
}
330
3D0
100
AcDbMaterial
  1
Global
  0
MLEADERSTYLE
  5
3D7
102
{ACAD_REACTORS
330
3D6
102
}
102
{ACAD_XDICTIONARY
360
41A
102
}
330
3D6
100
AcDbMLeaderStyle
170
     2
171
     1
172
     0
 90
        2
 40
0.0
 41
0.0
173
     1
 91
-1056964608
340
14
 92
       -2
290
     1
 42
0.09
291
     1
 43
0.36
  3
Standard
341
0
 44
0.18
300

342
11
174
     1
178
     6
175
     1
176
     0
 93
-1056964608
 45
0.18
292
     0
297
     0
 46
0.18
343
0
 94
-1056964608
 47
1.0
 49
1.0
140
1.0
293
     1
141
0.0
294
     1
177
     0
142
1.0
295
     0
296
     0
143
0.125
1001
ACAD_MLEADERVER
1070
     2
  0
MLINESTYLE
  5
18
102
{ACAD_REACTORS
330
17
102
}
330
17
100
AcDbMlineStyle
  2
Standard
 70
     0
  3

 62
   256
 51
90.0
 52
90.0
 71
     2
 49
0.5
 62
   256
  6
BYLAYER
 49
-0.5
 62
   256
  6
BYLAYER
  0
ACDBPLACEHOLDER
  5
F
102
{ACAD_REACTORS
330
E
102
}
330
E
  0
SCALE
  5
48
102
{ACAD_REACTORS
330
47
102
}
330
47
100
AcDbScale
 70
     0
300
1:1
140
1.0
141
1.0
290
     1
  0
SCALE
  5
49
102
{ACAD_REACTORS
330
47
102
}
330
47
100
AcDbScale
 70
     0
300
1:2
140
1.0
141
2.0
290
     0
  0
SCALE
  5
4A
102
{ACAD_REACTORS
330
47
102
}
330
47
100
AcDbScale
 70
     0
300
1:4
140
1.0
141
4.0
290
     0
  0
SCALE
  5
4B
102
{ACAD_REACTORS
330
47
102
}
330
47
100
AcDbScale
 70
     0
300
1:5
140
1.0
141
5.0
290
     0
  0
SCALE
  5
4C
102
{ACAD_REACTORS
330
47
102
}
330
47
100
AcDbScale
 70
     0
300
1:8
140
1.0
141
8.0
290
     0
  0
SCALE
  5
4D
102
{ACAD_REACTORS
330
47
102
}
330
47
100
AcDbScale
 70
     0
300
1:10
140
1.0
141
10.0
290
     0
  0
SCALE
  5
4E
102
{ACAD_REACTORS
330
47
102
}
330
47
100
AcDbScale
 70
     0
300
1:16
140
1.0
141
16.0
290
     0
  0
SCALE
  5
4F
102
{ACAD_REACTORS
330
47
102
}
330
47
100
AcDbScale
 70
     0
300
1:20
140
1.0
141
20.0
290
     0
  0
SCALE
  5
50
102
{ACAD_REACTORS
330
47
102
}
330
47
100
AcDbScale
 70
     0
300
1:30
140
1.0
141
30.0
290
     0
  0
SCALE
  5
51
102
{ACAD_REACTORS
330
47
102
}
330
47
100
AcDbScale
 70
     0
300
1:40
140
1.0
141
40.0
290
     0
  0
SCALE
  5
52
102
{ACAD_REACTORS
330
47
102
}
330
47
100
AcDbScale
 70
     0
300
1:50
140
1.0
141
50.0
290
     0
  0
SCALE
  5
53
102
{ACAD_REACTORS
330
47
102
}
330
47
100
AcDbScale
 70
     0
300
1:100
140
1.0
141
100.0
290
     0
  0
SCALE
  5
54
102
{ACAD_REACTORS
330
47
102
}
330
47
100
AcDbScale
 70
     0
300
2:1
140
2.0
141
1.0
290
     0
  0
SCALE
  5
55
102
{ACAD_REACTORS
330
47
102
}
330
47
100
AcDbScale
 70
     0
300
4:1
140
4.0
141
1.0
290
     0
  0
SCALE
  5
56
102
{ACAD_REACTORS
330
47
102
}
330
47
100
AcDbScale
 70
     0
300
8:1
140
8.0
141
1.0
290
     0
  0
SCALE
  5
57
102
{ACAD_REACTORS
330
47
102
}
330
47
100
AcDbScale
 70
     0
300
10:1
140
10.0
141
1.0
290
     0
  0
SCALE
  5
58
102
{ACAD_REACTORS
330
47
102
}
330
47
100
AcDbScale
 70
     0
300
100:1
140
100.0
141
1.0
290
     0
  0
SCALE
  5
59
102
{ACAD_REACTORS
330
47
102
}
330
47
100
AcDbScale
 70
     0
300
1/128" = 1'-0"
140
0.0078125
141
12.0
290
     0
  0
SCALE
  5
5A
102
{ACAD_REACTORS
330
47
102
}
330
47
100
AcDbScale
 70
     0
300
1/64" = 1'-0"
140
0.015625
141
12.0
290
     0
  0
SCALE
  5
5B
102
{ACAD_REACTORS
330
47
102
}
330
47
100
AcDbScale
 70
     0
300
1/32" = 1'-0"
140
0.03125
141
12.0
290
     0
  0
SCALE
  5
5C
102
{ACAD_REACTORS
330
47
102
}
330
47
100
AcDbScale
 70
     0
300
1/16" = 1'-0"
140
0.0625
141
12.0
290
     0
  0
SCALE
  5
5D
102
{ACAD_REACTORS
330
47
102
}
330
47
100
AcDbScale
 70
     0
300
3/32" = 1'-0"
140
0.09375
141
12.0
290
     0
  0
SCALE
  5
5E
102
{ACAD_REACTORS
330
47
102
}
330
47
100
AcDbScale
 70
     0
300
1/8" = 1'-0"
140
0.125
141
12.0
290
     0
  0
SCALE
  5
5F
102
{ACAD_REACTORS
330
47
102
}
330
47
100
AcDbScale
 70
     0
300
3/16" = 1'-0"
140
0.1875
141
12.0
290
     0
  0
SCALE
  5
60
102
{ACAD_REACTORS
330
47
102
}
330
47
100
AcDbScale
 70
     0
300
1/4" = 1'-0"
140
0.25
141
12.0
290
     0
  0
SCALE
  5
61
102
{ACAD_REACTORS
330
47
102
}
330
47
100
AcDbScale
 70
     0
300
3/8" = 1'-0"
140
0.375
141
12.0
290
     0
  0
SCALE
  5
62
102
{ACAD_REACTORS
330
47
102
}
330
47
100
AcDbScale
 70
     0
300
1/2" = 1'-0"
140
0.5
141
12.0
290
     0
  0
SCALE
  5
63
102
{ACAD_REACTORS
330
47
102
}
330
47
100
AcDbScale
 70
     0
300
3/4" = 1'-0"
140
0.75
141
12.0
290
     0
  0
SCALE
  5
64
102
{ACAD_REACTORS
330
47
102
}
330
47
100
AcDbScale
 70
     0
300
1" = 1'-0"
140
1.0
141
12.0
290
     0
  0
SCALE
  5
65
102
{ACAD_REACTORS
330
47
102
}
330
47
100
AcDbScale
 70
     0
300
1-1/2" = 1'-0"
140
1.5
141
12.0
290
     0
  0
SCALE
  5
66
102
{ACAD_REACTORS
330
47
102
}
330
47
100
AcDbScale
 70
     0
300
3" = 1'-0"
140
3.0
141
12.0
290
     0
  0
SCALE
  5
67
102
{ACAD_REACTORS
330
47
102
}
330
47
100
AcDbScale
 70
     0
300
6" = 1'-0"
140
6.0
141
12.0
290
     0
  0
SCALE
  5
68
102
{ACAD_REACTORS
330
47
102
}
330
47
100
AcDbScale
 70
     0
300
1'-0" = 1'-0"
140
12.0
141
12.0
290
     0
  0
TABLESTYLE
  5
3D5
102
{ACAD_REACTORS
330
3D4
102
}
330
3D4
100
AcDbTableStyle
  3
Standard
 70
     0
 71
     0
 40
0.06
 41
0.06
280
     0
281
     0
  7
Standard
140
0.18
170
     2
 62
     0
 63
   257
283
     0
274
    -2
284
     1
 64
     0
275
    -2
285
     1
 65
     0
276
    -2
286
     1
 66
     0
277
    -2
287
     1
 67
     0
278
    -2
288
     1
 68
     0
279
    -2
289
     1
 69
     0
  7
Standard
140
0.25
170
     5
 62
     0
 63
   257
283
     0
274
    -2
284
     1
 64
     0
275
    -2
285
     1
 65
     0
276
    -2
286
     1
 66
     0
277
    -2
287
     1
 67
     0
278
    -2
288
     1
 68
     0
279
    -2
289
     1
 69
     0
  7
Standard
140
0.18
170
     5
 62
     0
 63
   257
283
     0
274
    -2
284
     1
 64
     0
275
    -2
285
     1
 65
     0
276
    -2
286
     1
 66
     0
277
    -2
287
     1
 67
     0
278
    -2
288
     1
 68
     0
279
    -2
289
     1
 69
     0
  0
VISUALSTYLE
  5
3BC
102
{ACAD_REACTORS
330
3B7
102
}
102
{ACAD_XDICTIONARY
360
3EB
102
}
330
3B7
100
AcDbVisualStyle
  2
2dWireframe
 70
     4
 71
     0
 72
     2
 73
     0
 90
        0
 40
0.6
 41
30.0
 62
     5
 63
     7
 74
     1
 91
        4
 64
     7
 65
   257
 75
     1
175
     1
 42
1.0
 92
        0
 66
   257
 43
1.0
 76
     1
 77
     6
 78
     2
 67
     7
 79
     5
170
     0
171
     0
290
     0
174
     0
 93
        1
 44
0.0
173
     0
291
     0
 45
0.0
1001
ACAD
1000
AcDbSavedByObjectVersion
1070
     0
  0
VISUALSTYLE
  5
3BF
102
{ACAD_REACTORS
330
3B7
102
}
102
{ACAD_XDICTIONARY
360
3F1
102
}
330
3B7
100
AcDbVisualStyle
  2
Basic
 70
     7
 71
     1
 72
     0
 73
     1
 90
        0
 40
0.6
 41
30.0
 62
     5
 63
     7
 74
     0
 91
        4
 64
     7
 65
   257
 75
     1
175
     1
 42
1.0
 92
        8
 66
     7
 43
1.0
 76
     1
 77
     6
 78
     2
 67
     7
 79
     5
170
     0
171
     0
290
     0
174
     0
 93
        1
 44
0.0
173
     0
291
     1
 45
0.0
1001
ACAD
1000
AcDbSavedByObjectVersion
1070
     0
  0
VISUALSTYLE
  5
3C3
102
{ACAD_REACTORS
330
3B7
102
}
102
{ACAD_XDICTIONARY
360
3F9
102
}
330
3B7
100
AcDbVisualStyle
  2
Brighten
 70
    12
 71
     2
 72
     2
 73
     0
 90
        0
 40
0.6
 41
30.0
 62
     5
 63
     7
 74
     1
 91
        4
 64
     7
 65
   257
 75
     1
175
     1
 42
1.0
 92
        8
 66
     7
 43
1.0
 76
     1
 77
     6
 78
     2
 67
     7
 79
     5
170
     0
171
     0
290
     0
174
     0
 93
        1
 44
50.0
173
     0
291
     1
 45
0.0
1001
ACAD
1000
AcDbSavedByObjectVersion
1070
     0
  0
VISUALSTYLE
  5
3C7
102
{ACAD_REACTORS
330
3B7
102
}
102
{ACAD_XDICTIONARY
360
401
102
}
330
3B7
100
AcDbVisualStyle
  2
ColorChange
 70
    16
 71
     2
 72
     2
 73
     3
 90
        0
 40
0.6
 41
30.0
 62
     5
 63
     8
 74
     1
 91
        4
 64
     7
 65
   257
 75
     1
175
     1
 42
1.0
 92
        8
 66
     8
 43
1.0
 76
     1
 77
     6
 78
     2
 67
     7
 79
     5
170
     0
171
     0
290
     0
174
     0
 93
        1
 44
0.0
173
     0
291
     1
 45
0.0
1001
ACAD
1000
AcDbSavedByObjectVersion
1070
     0
  0
VISUALSTYLE
  5
3C1
102
{ACAD_REACTORS
330
3B7
102
}
102
{ACAD_XDICTIONARY
360
3F5
102
}
330
3B7
100
AcDbVisualStyle
  2
Conceptual
 70
     9
 71
     3
 72
     2
 73
     0
 90
        0
 40
0.6
 41
30.0
 62
     5
 63
     7
 74
     2
 91
        2
 64
     7
 65
   257
 75
     1
175
     1
 42
179.0
 92
        8
 66
     7
 43
1.0
 76
     1
 77
     6
 78
     2
 67
     7
 79
     3
170
     0
171
     0
290
     0
174
     0
 93
        1
 44
0.0
173
     0
291
     0
 45
0.0
1001
ACAD
1000
AcDbSavedByObjectVersion
1070
     0
  0
VISUALSTYLE
  5
3C2
102
{ACAD_REACTORS
330
3B7
102
}
102
{ACAD_XDICTIONARY
360
3F7
102
}
330
3B7
100
AcDbVisualStyle
  2
Dim
 70
    11
 71
     2
 72
     2
 73
     0
 90
        0
 40
0.6
 41
30.0
 62
     5
 63
     7
 74
     1
 91
        4
 64
     7
 65
   257
 75
     1
175
     1
 42
1.0
 92
        8
 66
     7
 43
1.0
 76
     1
 77
     6
 78
     2
 67
     7
 79
     5
170
     0
171
     0
290
     0
174
     0
 93
        1
 44
-50.0
173
     0
291
     1
 45
0.0
1001
ACAD
1000
AcDbSavedByObjectVersion
1070
     0
  0
VISUALSTYLE
  5
3CA
102
{ACAD_REACTORS
330
3B7
102
}
102
{ACAD_XDICTIONARY
360
407
102
}
330
3B7
100
AcDbVisualStyle
  2
EdgeColorOff
 70
    22
 71
     2
 72
     2
 73
     0
 90
        0
 40
0.6
 41
30.0
 62
     5
 63
     7
 74
     1
 91
        4
 64
     7
 65
   257
 75
     1
175
     1
 42
1.0
 92
        8
 66
     7
 43
1.0
 76
     1
 77
     6
 78
     2
 67
     7
 79
     5
170
     0
171
     0
290
     0
174
     0
 93
        1
 44
0.0
173
     0
291
     1
 45
0.0
1001
ACAD
1000
AcDbSavedByObjectVersion
1070
     0
  0
VISUALSTYLE
  5
3C6
102
{ACAD_REACTORS
330
3B7
102
}
102
{ACAD_XDICTIONARY
360
3FF
102
}
330
3B7
100
AcDbVisualStyle
  2
Facepattern
 70
    15
 71
     2
 72
     2
 73
     0
 90
        0
 40
0.6
 41
30.0
 62
     5
 63
     7
 74
     1
 91
        4
 64
     7
 65
   257
 75
     1
175
     1
 42
1.0
 92
        8
 66
     7
 43
1.0
 76
     1
 77
     6
 78
     2
 67
     7
 79
     5
170
     0
171
     0
290
     0
174
     0
 93
        1
 44
0.0
173
     0
291
     1
 45
0.0
1001
ACAD
1000
AcDbSavedByObjectVersion
1070
     0
  0
VISUALSTYLE
  5
3B8
102
{ACAD_REACTORS
330
3B7
102
}
102
{ACAD_XDICTIONARY
360
3E3
102
}
330
3B7
100
AcDbVisualStyle
  2
Flat
 70
     0
 71
     2
 72
     1
 73
     1
 90
        2
 40
0.6
 41
30.0
 62
     5
 63
     7
 74
     0
 91
        0
 64
     7
 65
   257
 75
     1
175
     1
 42
1.0
 92
        8
 66
     7
 43
1.0
 76
     1
 77
     6
 78
     2
 67
     7
 79
     5
170
     0
171
     0
290
     0
174
     0
 93
       13
 44
0.0
173
     0
291
     1
 45
0.0
1001
ACAD
1000
AcDbSavedByObjectVersion
1070
     0
  0
VISUALSTYLE
  5
3B9
102
{ACAD_REACTORS
330
3B7
102
}
102
{ACAD_XDICTIONARY
360
3E5
102
}
330
3B7
100
AcDbVisualStyle
  2
FlatWithEdges
 70
     1
 71
     2
 72
     1
 73
     1
 90
        2
 40
0.6
 41
30.0
 62
     5
 63
     7
 74
     1
 91
        0
 64
     7
 65
   257
 75
     1
175
     1
 42
1.0
 92
        0
 66
   257
 43
1.0
 76
     1
 77
     6
 78
     2
 67
     7
 79
     5
170
     0
171
     0
290
     0
174
     0
 93
       13
 44
0.0
173
     0
291
     1
 45
0.0
1001
ACAD
1000
AcDbSavedByObjectVersion
1070
     0
  0
VISUALSTYLE
  5
3BA
102
{ACAD_REACTORS
330
3B7
102
}
102
{ACAD_XDICTIONARY
360
3E7
102
}
330
3B7
100
AcDbVisualStyle
  2
Gouraud
 70
     2
 71
     2
 72
     2
 73
     1
 90
        2
 40
0.6
 41
30.0
 62
     5
 63
     7
 74
     0
 91
        0
 64
     7
 65
   257
 75
     1
175
     1
 42
1.0
 92
        0
 66
     7
 43
1.0
 76
     1
 77
     6
 78
     2
 67
     7
 79
     5
170
     0
171
     0
290
     0
174
     0
 93
       13
 44
0.0
173
     0
291
     1
 45
0.0
1001
ACAD
1000
AcDbSavedByObjectVersion
1070
     0
  0
VISUALSTYLE
  5
3BB
102
{ACAD_REACTORS
330
3B7
102
}
102
{ACAD_XDICTIONARY
360
3E9
102
}
330
3B7
100
AcDbVisualStyle
  2
GouraudWithEdges
 70
     3
 71
     2
 72
     2
 73
     1
 90
        2
 40
0.6
 41
30.0
 62
     5
 63
     7
 74
     1
 91
        0
 64
     7
 65
   257
 75
     1
175
     1
 42
1.0
 92
        0
 66
   257
 43
1.0
 76
     1
 77
     6
 78
     2
 67
     7
 79
     5
170
     0
171
     0
290
     0
174
     0
 93
       13
 44
0.0
173
     0
291
     1
 45
0.0
1001
ACAD
1000
AcDbSavedByObjectVersion
1070
     0
  0
VISUALSTYLE
  5
3BE
102
{ACAD_REACTORS
330
3B7
102
}
102
{ACAD_XDICTIONARY
360
3EF
102
}
330
3B7
100
AcDbVisualStyle
  2
Hidden
 70
     6
 71
     1
 72
     2
 73
     2
 90
        0
 40
0.6
 41
30.0
 62
     5
 63
     7
 74
     2
 91
        2
 64
     7
 65
   257
 75
     2
175
     1
 42
40.0
 92
        0
 66
   257
 43
1.0
 76
     1
 77
     6
 78
     2
 67
     7
 79
     3
170
     0
171
     0
290
     0
174
     0
 93
        1
 44
0.0
173
     0
291
     0
 45
0.0
1001
ACAD
1000
AcDbSavedByObjectVersion
1070
     0
  0
VISUALSTYLE
  5
3C8
102
{ACAD_REACTORS
330
3B7
102
}
102
{ACAD_XDICTIONARY
360
403
102
}
330
3B7
100
AcDbVisualStyle
  2
JitterOff
 70
    20
 71
     2
 72
     2
 73
     0
 90
        0
 40
0.6
 41
30.0
 62
     5
 63
     7
 74
     1
 91
        4
 64
     7
 65
   257
 75
     1
175
     1
 42
1.0
 92
       10
 66
     7
 43
1.0
 76
     1
 77
     6
 78
     2
 67
     7
 79
     5
170
     0
171
     0
290
     0
174
     0
 93
        1
 44
0.0
173
     0
291
     1
 45
0.0
1001
ACAD
1000
AcDbSavedByObjectVersion
1070
     0
  0
VISUALSTYLE
  5
3C5
102
{ACAD_REACTORS
330
3B7
102
}
102
{ACAD_XDICTIONARY
360
3FD
102
}
330
3B7
100
AcDbVisualStyle
  2
Linepattern
 70
    14
 71
     2
 72
     2
 73
     0
 90
        0
 40
0.6
 41
30.0
 62
     5
 63
     7
 74
     1
 91
        4
 64
     7
 65
   257
 75
     7
175
     7
 42
1.0
 92
        8
 66
     7
 43
1.0
 76
     1
 77
     6
 78
     2
 67
     7
 79
     5
170
     0
171
     0
290
     0
174
     0
 93
        1
 44
0.0
173
     0
291
     1
 45
0.0
1001
ACAD
1000
AcDbSavedByObjectVersion
1070
     0
  0
VISUALSTYLE
  5
3C9
102
{ACAD_REACTORS
330
3B7
102
}
102
{ACAD_XDICTIONARY
360
405
102
}
330
3B7
100
AcDbVisualStyle
  2
OverhangOff
 70
    21
 71
     2
 72
     2
 73
     0
 90
        0
 40
0.6
 41
30.0
 62
     5
 63
     7
 74
     1
 91
        4
 64
     7
 65
   257
 75
     1
175
     1
 42
1.0
 92
        9
 66
     7
 43
1.0
 76
     1
 77
     6
 78
     2
 67
     7
 79
     5
170
     0
171
     0
290
     0
174
     0
 93
        1
 44
0.0
173
     0
291
     1
 45
0.0
1001
ACAD
1000
AcDbSavedByObjectVersion
1070
     0
  0
VISUALSTYLE
  5
3C0
102
{ACAD_REACTORS
330
3B7
102
}
102
{ACAD_XDICTIONARY
360
3F3
102
}
330
3B7
100
AcDbVisualStyle
  2
Realistic
 70
     8
 71
     2
 72
     3
 73
     0
 90
        2
 40
0.6
 41
30.0
 62
     5
 63
     7
 74
     0
 91
        0
 64
     7
 65
   257
 75
     1
175
     1
 42
1.0
 92
        8
 66
   257
 43
1.0
 76
     1
 77
     6
 78
     2
 67
     7
 79
     3
170
     0
171
     0
290
     0
174
     0
 93
       13
 44
0.0
173
     0
291
     0
 45
0.0
1001
ACAD
1000
AcDbSavedByObjectVersion
1070
     0
  0
VISUALSTYLE
  5
3CF
102
{ACAD_REACTORS
330
3B7
102
}
102
{ACAD_XDICTIONARY
360
411
102
}
330
3B7
100
AcDbVisualStyle
  2
Shaded
 70
    27
 71
     2
 72
     2
 73
     1
 90
        2
 40
0.6
 41
30.0
 62
     5
 63
     7
 74
     0
 91
        4
 64
     7
 65
   257
 75
     1
175
     1
 42
1.0
 92
        8
 66
   257
 43
1.0
 76
     1
 77
     6
 78
     2
 67
     8
 79
     3
170
     0
171
     0
290
     0
174
     0
 93
        5
 44
0.0
173
     0
291
     0
 45
0.0
1001
ACAD
1000
AcDbSavedByObjectVersion
1070
     0
  0
VISUALSTYLE
  5
3CE
102
{ACAD_REACTORS
330
3B7
102
}
102
{ACAD_XDICTIONARY
360
40F
102
}
330
3B7
100
AcDbVisualStyle
  2
Shaded with edges
 70
    26
 71
     2
 72
     2
 73
     1
 90
        2
 40
0.6
 41
30.0
 62
     5
 63
     7
 74
     1
 91
       10
 64
     7
 65
   257
 75
     2
175
     1
 42
1.0
 92
        8
 66
   257
 43
1.0
 76
     1
 77
     6
 78
     2
 67
     7
 79
     3
170
     0
171
     0
290
     0
174
     0
 93
        5
 44
0.0
173
     0
291
     0
 45
0.0
1001
ACAD
1000
AcDbSavedByObjectVersion
1070
     0
  0
VISUALSTYLE
  5
3CB
102
{ACAD_REACTORS
330
3B7
102
}
102
{ACAD_XDICTIONARY
360
409
102
}
330
3B7
100
AcDbVisualStyle
  2
Shades of Gray
 70
    23
 71
     2
 72
     2
 73
     3
 90
        0
 40
0.6
 41
30.0
 62
     5
 63
     7
 74
     2
 91
        2
 64
     7
 65
     7
 75
     1
175
     1
 42
40.0
 92
        8
 66
     7
 43
1.0
 76
     1
 77
     6
 78
     2
 67
     7
 79
     3
170
     0
171
     0
290
     0
174
     0
 93
        1
 44
0.0
173
     0
291
     0
 45
0.0
1001
ACAD
1000
AcDbSavedByObjectVersion
1070
     0
  0
VISUALSTYLE
  5
3CC
102
{ACAD_REACTORS
330
3B7
102
}
102
{ACAD_XDICTIONARY
360
40B
102
}
330
3B7
100
AcDbVisualStyle
  2
Sketchy
 70
    24
 71
     1
 72
     2
 73
     2
 90
        0
 40
0.6
 41
30.0
 62
     5
 63
     7
 74
     2
 91
        2
 64
     7
 65
     7
 75
     1
175
     1
 42
40.0
 92
       11
 66
     7
 43
1.0
 76
     1
 77
     6
 78
     2
 67
     7
 79
     6
170
     0
171
     0
290
     0
174
     0
 93
        1
 44
0.0
173
     0
291
     0
 45
0.0
1001
ACAD
1000
AcDbSavedByObjectVersion
1070
     0
  0
VISUALSTYLE
  5
3C4
102
{ACAD_REACTORS
330
3B7
102
}
102
{ACAD_XDICTIONARY
360
3FB
102
}
330
3B7
100
AcDbVisualStyle
  2
Thicken
 70
    13
 71
     2
 72
     2
 73
     0
 90
        0
 40
0.6
 41
30.0
 62
     5
 63
     7
 74
     1
 91
        4
 64
     7
 65
   257
 75
     1
175
     1
 42
1.0
 92
       12
 66
     7
 43
1.0
 76
     1
 77
     6
 78
     2
 67
     7
 79
     5
170
     0
171
     0
290
     0
174
     0
 93
        1
 44
0.0
173
     0
291
     1
 45
0.0
1001
ACAD
1000
AcDbSavedByObjectVersion
1070
     0
  0
VISUALSTYLE
  5
3BD
102
{ACAD_REACTORS
330
3B7
102
}
102
{ACAD_XDICTIONARY
360
3ED
102
}
330
3B7
100
AcDbVisualStyle
  2
Wireframe
 70
     5
 71
     0
 72
     2
 73
     0
 90
        0
 40
0.6
 41
30.0
 62
     5
 63
     7
 74
     1
 91
        4
 64
     7
 65
   257
 75
     1
175
     1
 42
1.0
 92
        0
 66
   257
 43
1.0
 76
     1
 77
     6
 78
     2
 67
     7
 79
     3
170
     0
171
     0
290
     0
174
     0
 93
        1
 44
0.0
173
     0
291
     0
 45
0.0
1001
ACAD
1000
AcDbSavedByObjectVersion
1070
     0
  0
VISUALSTYLE
  5
3CD
102
{ACAD_REACTORS
330
3B7
102
}
102
{ACAD_XDICTIONARY
360
40D
102
}
330
3B7
100
AcDbVisualStyle
  2
X-Ray
 70
    25
 71
     2
 72
     2
 73
     1
 90
        1
 40
0.5
 41
30.0
 62
     5
 63
     7
 74
     1
 91
        0
 64
     7
 65
   257
 75
     1
175
     1
 42
1.0
 92
        8
 66
     7
 43
1.0
 76
     1
 77
     6
 78
     2
 67
     7
 79
     3
170
     0
171
     0
290
     0
174
     0
 93
       13
 44
0.0
173
     0
291
     0
 45
0.0
1001
ACAD
1000
AcDbSavedByObjectVersion
1070
     0
  0
DICTIONARYVAR
  5
3DA
102
{ACAD_REACTORS
330
3D8
102
}
330
3D8
100
DictionaryVariables
280
     0
  1
Standard
  0
DICTIONARYVAR
  5
3D9
102
{ACAD_REACTORS
330
3D8
102
}
330
3D8
100
DictionaryVariables
280
     0
  1
Standard
  0
DICTIONARYVAR
  5
3DE
102
{ACAD_REACTORS
330
3D8
102
}
330
3D8
100
DictionaryVariables
280
     0
  1
2
  0
DICTIONARYVAR
  5
3DF
102
{ACAD_REACTORS
330
3D8
102
}
330
3D8
100
DictionaryVariables
280
     0
  1
1
  0
DICTIONARYVAR
  5
3DB
102
{ACAD_REACTORS
330
3D8
102
}
330
3D8
100
DictionaryVariables
280
     0
  1
0
  0
DICTIONARY
  5
415
330
3D2
100
AcDbDictionary
280
     1
281
     1
  3
ACAD_XREC_ROUNDTRIP
360
416
  0
DICTIONARY
  5
413
330
3D1
100
AcDbDictionary
280
     1
281
     1
  3
ACAD_XREC_ROUNDTRIP
360
414
  0
DICTIONARY
  5
417
330
3D3
100
AcDbDictionary
280
     1
281
     1
  3
ACAD_XREC_ROUNDTRIP
360
418
  0
DICTIONARY
  5
41A
330
3D7
100
AcDbDictionary
280
     1
281
     1
  3
ACAD_XREC_ROUNDTRIP
360
41B
  0
DICTIONARY
  5
3EB
330
3BC
100
AcDbDictionary
280
     1
281
     1
  3
ACAD_XREC_ROUNDTRIP
360
3EC
  0
DICTIONARY
  5
3F1
330
3BF
100
AcDbDictionary
280
     1
281
     1
  3
ACAD_XREC_ROUNDTRIP
360
3F2
  0
DICTIONARY
  5
3F9
330
3C3
100
AcDbDictionary
280
     1
281
     1
  3
ACAD_XREC_ROUNDTRIP
360
3FA
  0
DICTIONARY
  5
401
330
3C7
100
AcDbDictionary
280
     1
281
     1
  3
ACAD_XREC_ROUNDTRIP
360
402
  0
DICTIONARY
  5
3F5
330
3C1
100
AcDbDictionary
280
     1
281
     1
  3
ACAD_XREC_ROUNDTRIP
360
3F6
  0
DICTIONARY
  5
3F7
330
3C2
100
AcDbDictionary
280
     1
281
     1
  3
ACAD_XREC_ROUNDTRIP
360
3F8
  0
DICTIONARY
  5
407
330
3CA
100
AcDbDictionary
280
     1
281
     1
  3
ACAD_XREC_ROUNDTRIP
360
408
  0
DICTIONARY
  5
3FF
330
3C6
100
AcDbDictionary
280
     1
281
     1
  3
ACAD_XREC_ROUNDTRIP
360
400
  0
DICTIONARY
  5
3E3
330
3B8
100
AcDbDictionary
280
     1
281
     1
  3
ACAD_XREC_ROUNDTRIP
360
3E4
  0
DICTIONARY
  5
3E5
330
3B9
100
AcDbDictionary
280
     1
281
     1
  3
ACAD_XREC_ROUNDTRIP
360
3E6
  0
DICTIONARY
  5
3E7
330
3BA
100
AcDbDictionary
280
     1
281
     1
  3
ACAD_XREC_ROUNDTRIP
360
3E8
  0
DICTIONARY
  5
3E9
330
3BB
100
AcDbDictionary
280
     1
281
     1
  3
ACAD_XREC_ROUNDTRIP
360
3EA
  0
DICTIONARY
  5
3EF
330
3BE
100
AcDbDictionary
280
     1
281
     1
  3
ACAD_XREC_ROUNDTRIP
360
3F0
  0
DICTIONARY
  5
403
330
3C8
100
AcDbDictionary
280
     1
281
     1
  3
ACAD_XREC_ROUNDTRIP
360
404
  0
DICTIONARY
  5
3FD
330
3C5
100
AcDbDictionary
280
     1
281
     1
  3
ACAD_XREC_ROUNDTRIP
360
3FE
  0
DICTIONARY
  5
405
330
3C9
100
AcDbDictionary
280
     1
281
     1
  3
ACAD_XREC_ROUNDTRIP
360
406
  0
DICTIONARY
  5
3F3
330
3C0
100
AcDbDictionary
280
     1
281
     1
  3
ACAD_XREC_ROUNDTRIP
360
3F4
  0
DICTIONARY
  5
411
330
3CF
100
AcDbDictionary
280
     1
281
     1
  3
ACAD_XREC_ROUNDTRIP
360
412
  0
DICTIONARY
  5
40F
330
3CE
100
AcDbDictionary
280
     1
281
     1
  3
ACAD_XREC_ROUNDTRIP
360
410
  0
DICTIONARY
  5
409
330
3CB
100
AcDbDictionary
280
     1
281
     1
  3
ACAD_XREC_ROUNDTRIP
360
40A
  0
DICTIONARY
  5
40B
330
3CC
100
AcDbDictionary
280
     1
281
     1
  3
ACAD_XREC_ROUNDTRIP
360
40C
  0
DICTIONARY
  5
3FB
330
3C4
100
AcDbDictionary
280
     1
281
     1
  3
ACAD_XREC_ROUNDTRIP
360
3FC
  0
DICTIONARY
  5
3ED
330
3BD
100
AcDbDictionary
280
     1
281
     1
  3
ACAD_XREC_ROUNDTRIP
360
3EE
  0
DICTIONARY
  5
40D
330
3CD
100
AcDbDictionary
280
     1
281
     1
  3
ACAD_XREC_ROUNDTRIP
360
40E
  0
XRECORD
  5
416
102
{ACAD_REACTORS
330
415
102
}
330
415
100
AcDbXrecord
280
     1
102
MATERIAL
148
0.0
149
0.0
149
0.0
 93
        0
 94
      127
282
     0
 72
     1
 77
     1
171
     1
175
     1
179
     1
273
     0
  0
XRECORD
  5
414
102
{ACAD_REACTORS
330
413
102
}
330
413
100
AcDbXrecord
280
     1
102
MATERIAL
148
0.0
149
0.0
149
0.0
 93
        0
 94
      127
282
     0
 72
     1
 77
     1
171
     1
175
     1
179
     1
273
     0
  0
XRECORD
  5
418
102
{ACAD_REACTORS
330
417
102
}
330
417
100
AcDbXrecord
280
     1
102
MATERIAL
148
0.0
149
0.0
149
0.0
 93
        0
 94
      127
282
     0
 72
     1
 77
     1
171
     1
175
     1
179
     1
273
     0
  0
XRECORD
  5
41B
102
{ACAD_REACTORS
330
41A
102
}
330
41A
100
AcDbXrecord
280
     1
102
ACAD_ROUNDTRIP_2010_MLEADER_STYLE
  0
XRECORD
  5
3EC
102
{ACAD_REACTORS
330
3EB
102
}
330
3EB
100
AcDbXrecord
280
     1
102
RTVSPropertyOp0
 70
     1
102
RTVSPropertyOp1
 70
     1
102
RTVSPropertyOp2
 70
     1
102
RTVSPropertyOp3
 70
     1
102
RTVSPropertyOp4
 70
     1
102
RTVSPropertyOp5
 70
     1
102
RTVSPropertyOp6
 70
     1
102
RTVSPropertyOp7
 70
     1
102
RTVSPropertyOp8
 70
     1
102
RTVSPropertyOp9
 70
     1
102
RTVSPropertyOp10
 70
     1
102
RTVSPropertyOp11
 70
     1
102
RTVSPropertyOp12
 70
     1
102
RTVSPropertyOp13
 70
     1
102
RTVSPropertyOp14
 70
     1
102
RTVSPropertyOp15
 70
     1
102
RTVSPropertyOp16
 70
     1
102
RTVSPropertyOp17
 70
     1
102
RTVSPropertyOp18
 70
     1
102
RTVSPropertyOp19
 70
     1
102
RTVSPropertyOp20
 70
     1
102
RTVSPropertyOp21
 70
     1
102
RTVSPropertyOp22
 70
     1
102
RTVSPropertyOp23
 70
     1
102
RTVSPropertyOp24
 70
     1
102
RTVSPropertyOp25
 70
     1
102
RTVSPropertyOp26
 70
     1
102
RTVSPropertyOp27
 70
     1
102
RTVSPropertyOp28
 70
     1
102
RTVSPropertyOp29
 70
     1
102
RTVSPropertyOp30
 70
     1
102
RTVSPropertyOp31
 70
     1
102
RTVSPropertyOp32
 70
     1
102
RTVSPropertyOp33
 70
     1
102
RTVSPropertyOp34
 70
     1
102
RTVSPropertyOp35
 70
     1
102
RTVSPropertyOp36
 70
     1
102
RTVSPropertyOp37
 70
     1
102
RTVSPropertyOp38
 70
     1
102
RTVSPropertyOp39
 70
     1
102
RTVSPropertyOp40
 70
     1
102
RTVSPropertyOp41
 70
     1
102
RTVSPropertyOp42
 70
     1
102
RTVSPropertyOp43
 70
     1
102
RTVSPropertyOp44
 70
     1
102
RTVSPropertyOp45
 70
     1
102
RTVSPropertyOp46
 70
     1
102
RTVSPropertyOp47
 70
     1
102
RTVSPropertyOp48
 70
     1
102
RTVSPropertyOp49
 70
     1
102
RTVSPropertyOp50
 70
     1
102
RTVSPropertyOp51
 70
     0
102
RTVSPropertyOp52
 70
     0
102
RTVSPropertyOp53
 70
     1
102
RTVSPropertyOp54
 70
     1
102
RTVSPropertyOp55
 70
     1
102
RTVSPropertyOp56
 70
     1
102
RTVSPropertyOp57
 70
     1
102
RTVSPost2010Prop28
280
     1
102
RTVSPost2010PropOp28
 70
     1
102
RTVSPost2010Prop29
280
     1
102
RTVSPost2010PropOp29
 70
     1
102
RTVSPost2010Prop30
280
     0
102
RTVSPost2010PropOp30
 70
     1
102
RTVSPost2010Prop31
280
     0
102
RTVSPost2010PropOp31
 70
     1
102
RTVSPost2010Prop32
280
     0
102
RTVSPost2010PropOp32
 70
     1
102
RTVSPost2010Prop33
280
     0
102
RTVSPost2010PropOp33
 70
     1
102
RTVSPost2010Prop34
280
     0
102
RTVSPost2010PropOp34
 70
     1
102
RTVSPost2010Prop35
280
     0
102
RTVSPost2010PropOp35
 70
     1
102
RTVSPost2010Prop36
280
     0
102
RTVSPost2010PropOp36
 70
     1
102
RTVSPost2010Prop37
 90
       50
102
RTVSPost2010PropOp37
 70
     1
102
RTVSPost2010Prop38
140
0.0
102
RTVSPost2010PropOp38
 70
     1
102
RTVSPost2010Prop39
140
1.0
102
RTVSPost2010PropOp39
 70
     1
102
RTVSPost2010Prop40
 90
        0
102
RTVSPost2010PropOp40
 70
     1
102
RTVSPost2010Prop41ColorIndex
 90
       18
102
RTVSPost2010Prop41ColorRGB
 90
        0
102
RTVSPost2010PropOp41
 70
     1
102
RTVSPost2010Prop42
 90
       50
102
RTVSPost2010PropOp42
 70
     1
102
RTVSPost2010Prop43
 90
        3
102
RTVSPost2010PropOp43
 70
     1
102
RTVSPost2010Prop44ColorIndex
 90
        5
102
RTVSPost2010Prop44ColorRGB
 90
      255
102
RTVSPost2010PropOp44
 70
     1
102
RTVSPost2010Prop45
280
     0
102
RTVSPost2010PropOp45
 70
     1
102
RTVSPost2010Prop46
 90
       50
102
RTVSPost2010PropOp46
 70
     1
102
RTVSPost2010Prop47
 90
       50
102
RTVSPost2010PropOp47
 70
     1
102
RTVSPost2010Prop48
 90
       50
102
RTVSPost2010PropOp48
 70
     1
102
RTVSPost2010Prop49
280
     0
102
RTVSPost2010PropOp49
 70
     1
102
RTVSPost2010Prop50
 90
       50
102
RTVSPost2010PropOp50
 70
     1
102
RTVSPost2010Prop51ColorIndex
 90
      256
102
RTVSPost2010Prop51ColorRGB
 90
-16777216
102
RTVSPost2010PropOp51
 70
     0
102
RTVSPost2010Prop52
140
1.0
102
RTVSPost2010PropOp52
 70
     0
102
RTVSPost2010Prop53
 90
        2
102
RTVSPost2010PropOp53
 70
     1
102
RTVSPost2010Prop54
  1
strokes_ogs.tif
102
RTVSPost2010PropOp54
 70
     1
102
RTVSPost2010Prop55
280
     0
102
RTVSPost2010PropOp55
 70
     1
102
RTVSPost2010Prop56
140
1.0
102
RTVSPost2010PropOp56
 70
     1
102
RTVSPost2010Prop57
140
1.0
102
RTVSPost2010PropOp57
 70
     1
  0
XRECORD
  5
3F2
102
{ACAD_REACTORS
330
3F1
102
}
330
3F1
100
AcDbXrecord
280
     1
102
RTVSPropertyOp0
 70
     1
102
RTVSPropertyOp1
 70
     1
102
RTVSPropertyOp2
 70
     1
102
RTVSPropertyOp3
 70
     1
102
RTVSPropertyOp4
 70
     1
102
RTVSPropertyOp5
 70
     1
102
RTVSPropertyOp6
 70
     1
102
RTVSPropertyOp7
 70
     1
102
RTVSPropertyOp8
 70
     1
102
RTVSPropertyOp9
 70
     1
102
RTVSPropertyOp10
 70
     1
102
RTVSPropertyOp11
 70
     1
102
RTVSPropertyOp12
 70
     1
102
RTVSPropertyOp13
 70
     1
102
RTVSPropertyOp14
 70
     1
102
RTVSPropertyOp15
 70
     1
102
RTVSPropertyOp16
 70
     1
102
RTVSPropertyOp17
 70
     1
102
RTVSPropertyOp18
 70
     1
102
RTVSPropertyOp19
 70
     1
102
RTVSPropertyOp20
 70
     1
102
RTVSPropertyOp21
 70
     1
102
RTVSPropertyOp22
 70
     1
102
RTVSPropertyOp23
 70
     1
102
RTVSPropertyOp24
 70
     1
102
RTVSPropertyOp25
 70
     1
102
RTVSPropertyOp26
 70
     1
102
RTVSPropertyOp27
 70
     1
102
RTVSPropertyOp28
 70
     1
102
RTVSPropertyOp29
 70
     1
102
RTVSPropertyOp30
 70
     1
102
RTVSPropertyOp31
 70
     1
102
RTVSPropertyOp32
 70
     1
102
RTVSPropertyOp33
 70
     1
102
RTVSPropertyOp34
 70
     1
102
RTVSPropertyOp35
 70
     1
102
RTVSPropertyOp36
 70
     1
102
RTVSPropertyOp37
 70
     1
102
RTVSPropertyOp38
 70
     1
102
RTVSPropertyOp39
 70
     1
102
RTVSPropertyOp40
 70
     1
102
RTVSPropertyOp41
 70
     1
102
RTVSPropertyOp42
 70
     1
102
RTVSPropertyOp43
 70
     1
102
RTVSPropertyOp44
 70
     1
102
RTVSPropertyOp45
 70
     1
102
RTVSPropertyOp46
 70
     1
102
RTVSPropertyOp47
 70
     1
102
RTVSPropertyOp48
 70
     1
102
RTVSPropertyOp49
 70
     1
102
RTVSPropertyOp50
 70
     1
102
RTVSPropertyOp51
 70
     0
102
RTVSPropertyOp52
 70
     0
102
RTVSPropertyOp53
 70
     1
102
RTVSPropertyOp54
 70
     1
102
RTVSPropertyOp55
 70
     1
102
RTVSPropertyOp56
 70
     1
102
RTVSPropertyOp57
 70
     1
102
RTVSPost2010Prop28
280
     0
102
RTVSPost2010PropOp28
 70
     1
102
RTVSPost2010Prop29
280
     1
102
RTVSPost2010PropOp29
 70
     1
102
RTVSPost2010Prop30
280
     1
102
RTVSPost2010PropOp30
 70
     1
102
RTVSPost2010Prop31
280
     0
102
RTVSPost2010PropOp31
 70
     1
102
RTVSPost2010Prop32
280
     0
102
RTVSPost2010PropOp32
 70
     1
102
RTVSPost2010Prop33
280
     0
102
RTVSPost2010PropOp33
 70
     1
102
RTVSPost2010Prop34
280
     0
102
RTVSPost2010PropOp34
 70
     1
102
RTVSPost2010Prop35
280
     0
102
RTVSPost2010PropOp35
 70
     1
102
RTVSPost2010Prop36
280
     0
102
RTVSPost2010PropOp36
 70
     1
102
RTVSPost2010Prop37
 90
       50
102
RTVSPost2010PropOp37
 70
     1
102
RTVSPost2010Prop38
140
0.0
102
RTVSPost2010PropOp38
 70
     1
102
RTVSPost2010Prop39
140
1.0
102
RTVSPost2010PropOp39
 70
     1
102
RTVSPost2010Prop40
 90
        0
102
RTVSPost2010PropOp40
 70
     1
102
RTVSPost2010Prop41ColorIndex
 90
       18
102
RTVSPost2010Prop41ColorRGB
 90
        0
102
RTVSPost2010PropOp41
 70
     1
102
RTVSPost2010Prop42
 90
       50
102
RTVSPost2010PropOp42
 70
     1
102
RTVSPost2010Prop43
 90
        3
102
RTVSPost2010PropOp43
 70
     1
102
RTVSPost2010Prop44ColorIndex
 90
        5
102
RTVSPost2010Prop44ColorRGB
 90
      255
102
RTVSPost2010PropOp44
 70
     1
102
RTVSPost2010Prop45
280
     0
102
RTVSPost2010PropOp45
 70
     1
102
RTVSPost2010Prop46
 90
       50
102
RTVSPost2010PropOp46
 70
     1
102
RTVSPost2010Prop47
 90
       50
102
RTVSPost2010PropOp47
 70
     1
102
RTVSPost2010Prop48
 90
       50
102
RTVSPost2010PropOp48
 70
     1
102
RTVSPost2010Prop49
280
     0
102
RTVSPost2010PropOp49
 70
     1
102
RTVSPost2010Prop50
 90
       50
102
RTVSPost2010PropOp50
 70
     1
102
RTVSPost2010Prop51ColorIndex
 90
      256
102
RTVSPost2010Prop51ColorRGB
 90
-16777216
102
RTVSPost2010PropOp51
 70
     0
102
RTVSPost2010Prop52
140
1.0
102
RTVSPost2010PropOp52
 70
     0
102
RTVSPost2010Prop53
 90
        2
102
RTVSPost2010PropOp53
 70
     1
102
RTVSPost2010Prop54
  1
strokes_ogs.tif
102
RTVSPost2010PropOp54
 70
     1
102
RTVSPost2010Prop55
280
     0
102
RTVSPost2010PropOp55
 70
     1
102
RTVSPost2010Prop56
140
1.0
102
RTVSPost2010PropOp56
 70
     1
102
RTVSPost2010Prop57
140
1.0
102
RTVSPost2010PropOp57
 70
     1
  0
XRECORD
  5
3FA
102
{ACAD_REACTORS
330
3F9
102
}
330
3F9
100
AcDbXrecord
280
     1
102
RTVSPropertyOp0
 70
     1
102
RTVSPropertyOp1
 70
     1
102
RTVSPropertyOp2
 70
     1
102
RTVSPropertyOp3
 70
     1
102
RTVSPropertyOp4
 70
     1
102
RTVSPropertyOp5
 70
     1
102
RTVSPropertyOp6
 70
     1
102
RTVSPropertyOp7
 70
     1
102
RTVSPropertyOp8
 70
     1
102
RTVSPropertyOp9
 70
     1
102
RTVSPropertyOp10
 70
     1
102
RTVSPropertyOp11
 70
     1
102
RTVSPropertyOp12
 70
     1
102
RTVSPropertyOp13
 70
     1
102
RTVSPropertyOp14
 70
     1
102
RTVSPropertyOp15
 70
     1
102
RTVSPropertyOp16
 70
     1
102
RTVSPropertyOp17
 70
     1
102
RTVSPropertyOp18
 70
     1
102
RTVSPropertyOp19
 70
     1
102
RTVSPropertyOp20
 70
     1
102
RTVSPropertyOp21
 70
     1
102
RTVSPropertyOp22
 70
     1
102
RTVSPropertyOp23
 70
     1
102
RTVSPropertyOp24
 70
     1
102
RTVSPropertyOp25
 70
     1
102
RTVSPropertyOp26
 70
     1
102
RTVSPropertyOp27
 70
     1
102
RTVSPropertyOp28
 70
     1
102
RTVSPropertyOp29
 70
     1
102
RTVSPropertyOp30
 70
     1
102
RTVSPropertyOp31
 70
     1
102
RTVSPropertyOp32
 70
     1
102
RTVSPropertyOp33
 70
     1
102
RTVSPropertyOp34
 70
     1
102
RTVSPropertyOp35
 70
     1
102
RTVSPropertyOp36
 70
     1
102
RTVSPropertyOp37
 70
     1
102
RTVSPropertyOp38
 70
     1
102
RTVSPropertyOp39
 70
     1
102
RTVSPropertyOp40
 70
     1
102
RTVSPropertyOp41
 70
     1
102
RTVSPropertyOp42
 70
     1
102
RTVSPropertyOp43
 70
     1
102
RTVSPropertyOp44
 70
     1
102
RTVSPropertyOp45
 70
     1
102
RTVSPropertyOp46
 70
     1
102
RTVSPropertyOp47
 70
     1
102
RTVSPropertyOp48
 70
     1
102
RTVSPropertyOp49
 70
     1
102
RTVSPropertyOp50
 70
     1
102
RTVSPropertyOp51
 70
     0
102
RTVSPropertyOp52
 70
     0
102
RTVSPropertyOp53
 70
     1
102
RTVSPropertyOp54
 70
     1
102
RTVSPropertyOp55
 70
     1
102
RTVSPropertyOp56
 70
     1
102
RTVSPropertyOp57
 70
     1
102
RTVSPost2010Prop28
280
     0
102
RTVSPost2010PropOp28
 70
     1
102
RTVSPost2010Prop29
280
     1
102
RTVSPost2010PropOp29
 70
     1
102
RTVSPost2010Prop30
280
     1
102
RTVSPost2010PropOp30
 70
     1
102
RTVSPost2010Prop31
280
     0
102
RTVSPost2010PropOp31
 70
     1
102
RTVSPost2010Prop32
280
     0
102
RTVSPost2010PropOp32
 70
     1
102
RTVSPost2010Prop33
280
     0
102
RTVSPost2010PropOp33
 70
     1
102
RTVSPost2010Prop34
280
     0
102
RTVSPost2010PropOp34
 70
     1
102
RTVSPost2010Prop35
280
     0
102
RTVSPost2010PropOp35
 70
     1
102
RTVSPost2010Prop36
280
     0
102
RTVSPost2010PropOp36
 70
     1
102
RTVSPost2010Prop37
 90
       50
102
RTVSPost2010PropOp37
 70
     1
102
RTVSPost2010Prop38
140
0.0
102
RTVSPost2010PropOp38
 70
     1
102
RTVSPost2010Prop39
140
1.0
102
RTVSPost2010PropOp39
 70
     1
102
RTVSPost2010Prop40
 90
        0
102
RTVSPost2010PropOp40
 70
     1
102
RTVSPost2010Prop41ColorIndex
 90
       18
102
RTVSPost2010Prop41ColorRGB
 90
        0
102
RTVSPost2010PropOp41
 70
     1
102
RTVSPost2010Prop42
 90
       50
102
RTVSPost2010PropOp42
 70
     1
102
RTVSPost2010Prop43
 90
        3
102
RTVSPost2010PropOp43
 70
     1
102
RTVSPost2010Prop44ColorIndex
 90
        5
102
RTVSPost2010Prop44ColorRGB
 90
      255
102
RTVSPost2010PropOp44
 70
     1
102
RTVSPost2010Prop45
280
     0
102
RTVSPost2010PropOp45
 70
     1
102
RTVSPost2010Prop46
 90
       50
102
RTVSPost2010PropOp46
 70
     1
102
RTVSPost2010Prop47
 90
       50
102
RTVSPost2010PropOp47
 70
     1
102
RTVSPost2010Prop48
 90
       50
102
RTVSPost2010PropOp48
 70
     1
102
RTVSPost2010Prop49
280
     0
102
RTVSPost2010PropOp49
 70
     1
102
RTVSPost2010Prop50
 90
       50
102
RTVSPost2010PropOp50
 70
     1
102
RTVSPost2010Prop51ColorIndex
 90
      256
102
RTVSPost2010Prop51ColorRGB
 90
-16777216
102
RTVSPost2010PropOp51
 70
     0
102
RTVSPost2010Prop52
140
1.0
102
RTVSPost2010PropOp52
 70
     0
102
RTVSPost2010Prop53
 90
        2
102
RTVSPost2010PropOp53
 70
     1
102
RTVSPost2010Prop54
  1
strokes_ogs.tif
102
RTVSPost2010PropOp54
 70
     1
102
RTVSPost2010Prop55
280
     0
102
RTVSPost2010PropOp55
 70
     1
102
RTVSPost2010Prop56
140
1.0
102
RTVSPost2010PropOp56
 70
     1
102
RTVSPost2010Prop57
140
1.0
102
RTVSPost2010PropOp57
 70
     1
  0
XRECORD
  5
402
102
{ACAD_REACTORS
330
401
102
}
330
401
100
AcDbXrecord
280
     1
102
RTVSPropertyOp0
 70
     1
102
RTVSPropertyOp1
 70
     1
102
RTVSPropertyOp2
 70
     1
102
RTVSPropertyOp3
 70
     1
102
RTVSPropertyOp4
 70
     1
102
RTVSPropertyOp5
 70
     1
102
RTVSPropertyOp6
 70
     1
102
RTVSPropertyOp7
 70
     1
102
RTVSPropertyOp8
 70
     1
102
RTVSPropertyOp9
 70
     1
102
RTVSPropertyOp10
 70
     1
102
RTVSPropertyOp11
 70
     1
102
RTVSPropertyOp12
 70
     1
102
RTVSPropertyOp13
 70
     1
102
RTVSPropertyOp14
 70
     1
102
RTVSPropertyOp15
 70
     1
102
RTVSPropertyOp16
 70
     1
102
RTVSPropertyOp17
 70
     1
102
RTVSPropertyOp18
 70
     1
102
RTVSPropertyOp19
 70
     1
102
RTVSPropertyOp20
 70
     1
102
RTVSPropertyOp21
 70
     1
102
RTVSPropertyOp22
 70
     1
102
RTVSPropertyOp23
 70
     1
102
RTVSPropertyOp24
 70
     1
102
RTVSPropertyOp25
 70
     1
102
RTVSPropertyOp26
 70
     1
102
RTVSPropertyOp27
 70
     1
102
RTVSPropertyOp28
 70
     1
102
RTVSPropertyOp29
 70
     1
102
RTVSPropertyOp30
 70
     1
102
RTVSPropertyOp31
 70
     1
102
RTVSPropertyOp32
 70
     1
102
RTVSPropertyOp33
 70
     1
102
RTVSPropertyOp34
 70
     1
102
RTVSPropertyOp35
 70
     1
102
RTVSPropertyOp36
 70
     1
102
RTVSPropertyOp37
 70
     1
102
RTVSPropertyOp38
 70
     1
102
RTVSPropertyOp39
 70
     1
102
RTVSPropertyOp40
 70
     1
102
RTVSPropertyOp41
 70
     1
102
RTVSPropertyOp42
 70
     1
102
RTVSPropertyOp43
 70
     1
102
RTVSPropertyOp44
 70
     1
102
RTVSPropertyOp45
 70
     1
102
RTVSPropertyOp46
 70
     1
102
RTVSPropertyOp47
 70
     1
102
RTVSPropertyOp48
 70
     1
102
RTVSPropertyOp49
 70
     1
102
RTVSPropertyOp50
 70
     1
102
RTVSPropertyOp51
 70
     0
102
RTVSPropertyOp52
 70
     0
102
RTVSPropertyOp53
 70
     1
102
RTVSPropertyOp54
 70
     1
102
RTVSPropertyOp55
 70
     1
102
RTVSPropertyOp56
 70
     1
102
RTVSPropertyOp57
 70
     1
102
RTVSPost2010Prop28
280
     0
102
RTVSPost2010PropOp28
 70
     1
102
RTVSPost2010Prop29
280
     1
102
RTVSPost2010PropOp29
 70
     1
102
RTVSPost2010Prop30
280
     1
102
RTVSPost2010PropOp30
 70
     1
102
RTVSPost2010Prop31
280
     0
102
RTVSPost2010PropOp31
 70
     1
102
RTVSPost2010Prop32
280
     0
102
RTVSPost2010PropOp32
 70
     1
102
RTVSPost2010Prop33
280
     0
102
RTVSPost2010PropOp33
 70
     1
102
RTVSPost2010Prop34
280
     0
102
RTVSPost2010PropOp34
 70
     1
102
RTVSPost2010Prop35
280
     0
102
RTVSPost2010PropOp35
 70
     1
102
RTVSPost2010Prop36
280
     0
102
RTVSPost2010PropOp36
 70
     1
102
RTVSPost2010Prop37
 90
       50
102
RTVSPost2010PropOp37
 70
     1
102
RTVSPost2010Prop38
140
0.0
102
RTVSPost2010PropOp38
 70
     1
102
RTVSPost2010Prop39
140
1.0
102
RTVSPost2010PropOp39
 70
     1
102
RTVSPost2010Prop40
 90
        0
102
RTVSPost2010PropOp40
 70
     1
102
RTVSPost2010Prop41ColorIndex
 90
       18
102
RTVSPost2010Prop41ColorRGB
 90
        0
102
RTVSPost2010PropOp41
 70
     1
102
RTVSPost2010Prop42
 90
       50
102
RTVSPost2010PropOp42
 70
     1
102
RTVSPost2010Prop43
 90
        3
102
RTVSPost2010PropOp43
 70
     1
102
RTVSPost2010Prop44ColorIndex
 90
        5
102
RTVSPost2010Prop44ColorRGB
 90
      255
102
RTVSPost2010PropOp44
 70
     1
102
RTVSPost2010Prop45
280
     0
102
RTVSPost2010PropOp45
 70
     1
102
RTVSPost2010Prop46
 90
       50
102
RTVSPost2010PropOp46
 70
     1
102
RTVSPost2010Prop47
 90
       50
102
RTVSPost2010PropOp47
 70
     1
102
RTVSPost2010Prop48
 90
       50
102
RTVSPost2010PropOp48
 70
     1
102
RTVSPost2010Prop49
280
     0
102
RTVSPost2010PropOp49
 70
     1
102
RTVSPost2010Prop50
 90
       50
102
RTVSPost2010PropOp50
 70
     1
102
RTVSPost2010Prop51ColorIndex
 90
      256
102
RTVSPost2010Prop51ColorRGB
 90
-16777216
102
RTVSPost2010PropOp51
 70
     0
102
RTVSPost2010Prop52
140
1.0
102
RTVSPost2010PropOp52
 70
     0
102
RTVSPost2010Prop53
 90
        2
102
RTVSPost2010PropOp53
 70
     1
102
RTVSPost2010Prop54
  1
strokes_ogs.tif
102
RTVSPost2010PropOp54
 70
     1
102
RTVSPost2010Prop55
280
     0
102
RTVSPost2010PropOp55
 70
     1
102
RTVSPost2010Prop56
140
1.0
102
RTVSPost2010PropOp56
 70
     1
102
RTVSPost2010Prop57
140
1.0
102
RTVSPost2010PropOp57
 70
     1
  0
XRECORD
  5
3F6
102
{ACAD_REACTORS
330
3F5
102
}
330
3F5
100
AcDbXrecord
280
     1
102
RTVSPropertyOp0
 70
     1
102
RTVSPropertyOp1
 70
     1
102
RTVSPropertyOp2
 70
     1
102
RTVSPropertyOp3
 70
     1
102
RTVSPropertyOp4
 70
     1
102
RTVSPropertyOp5
 70
     1
102
RTVSPropertyOp6
 70
     1
102
RTVSPropertyOp7
 70
     1
102
RTVSPropertyOp8
 70
     1
102
RTVSPropertyOp9
 70
     1
102
RTVSPropertyOp10
 70
     1
102
RTVSPropertyOp11
 70
     1
102
RTVSPropertyOp12
 70
     1
102
RTVSPropertyOp13
 70
     1
102
RTVSPropertyOp14
 70
     1
102
RTVSPropertyOp15
 70
     1
102
RTVSPropertyOp16
 70
     1
102
RTVSPropertyOp17
 70
     1
102
RTVSPropertyOp18
 70
     1
102
RTVSPropertyOp19
 70
     1
102
RTVSPropertyOp20
 70
     1
102
RTVSPropertyOp21
 70
     1
102
RTVSPropertyOp22
 70
     1
102
RTVSPropertyOp23
 70
     1
102
RTVSPropertyOp24
 70
     1
102
RTVSPropertyOp25
 70
     1
102
RTVSPropertyOp26
 70
     1
102
RTVSPropertyOp27
 70
     1
102
RTVSPropertyOp28
 70
     1
102
RTVSPropertyOp29
 70
     1
102
RTVSPropertyOp30
 70
     1
102
RTVSPropertyOp31
 70
     1
102
RTVSPropertyOp32
 70
     1
102
RTVSPropertyOp33
 70
     1
102
RTVSPropertyOp34
 70
     1
102
RTVSPropertyOp35
 70
     1
102
RTVSPropertyOp36
 70
     1
102
RTVSPropertyOp37
 70
     1
102
RTVSPropertyOp38
 70
     1
102
RTVSPropertyOp39
 70
     1
102
RTVSPropertyOp40
 70
     1
102
RTVSPropertyOp41
 70
     1
102
RTVSPropertyOp42
 70
     1
102
RTVSPropertyOp43
 70
     1
102
RTVSPropertyOp44
 70
     1
102
RTVSPropertyOp45
 70
     1
102
RTVSPropertyOp46
 70
     1
102
RTVSPropertyOp47
 70
     1
102
RTVSPropertyOp48
 70
     1
102
RTVSPropertyOp49
 70
     1
102
RTVSPropertyOp50
 70
     1
102
RTVSPropertyOp51
 70
     0
102
RTVSPropertyOp52
 70
     0
102
RTVSPropertyOp53
 70
     1
102
RTVSPropertyOp54
 70
     1
102
RTVSPropertyOp55
 70
     1
102
RTVSPropertyOp56
 70
     1
102
RTVSPropertyOp57
 70
     1
102
RTVSPost2010Prop28
280
     0
102
RTVSPost2010PropOp28
 70
     1
102
RTVSPost2010Prop29
280
     1
102
RTVSPost2010PropOp29
 70
     1
102
RTVSPost2010Prop30
280
     1
102
RTVSPost2010PropOp30
 70
     1
102
RTVSPost2010Prop31
280
     0
102
RTVSPost2010PropOp31
 70
     1
102
RTVSPost2010Prop32
280
     0
102
RTVSPost2010PropOp32
 70
     1
102
RTVSPost2010Prop33
280
     0
102
RTVSPost2010PropOp33
 70
     1
102
RTVSPost2010Prop34
280
     0
102
RTVSPost2010PropOp34
 70
     1
102
RTVSPost2010Prop35
280
     0
102
RTVSPost2010PropOp35
 70
     1
102
RTVSPost2010Prop36
280
     0
102
RTVSPost2010PropOp36
 70
     1
102
RTVSPost2010Prop37
 90
       50
102
RTVSPost2010PropOp37
 70
     1
102
RTVSPost2010Prop38
140
0.0
102
RTVSPost2010PropOp38
 70
     1
102
RTVSPost2010Prop39
140
1.0
102
RTVSPost2010PropOp39
 70
     1
102
RTVSPost2010Prop40
 90
        0
102
RTVSPost2010PropOp40
 70
     1
102
RTVSPost2010Prop41ColorIndex
 90
       18
102
RTVSPost2010Prop41ColorRGB
 90
        0
102
RTVSPost2010PropOp41
 70
     1
102
RTVSPost2010Prop42
 90
       50
102
RTVSPost2010PropOp42
 70
     1
102
RTVSPost2010Prop43
 90
        3
102
RTVSPost2010PropOp43
 70
     1
102
RTVSPost2010Prop44ColorIndex
 90
        5
102
RTVSPost2010Prop44ColorRGB
 90
      255
102
RTVSPost2010PropOp44
 70
     1
102
RTVSPost2010Prop45
280
     0
102
RTVSPost2010PropOp45
 70
     1
102
RTVSPost2010Prop46
 90
       50
102
RTVSPost2010PropOp46
 70
     1
102
RTVSPost2010Prop47
 90
       50
102
RTVSPost2010PropOp47
 70
     1
102
RTVSPost2010Prop48
 90
       50
102
RTVSPost2010PropOp48
 70
     1
102
RTVSPost2010Prop49
280
     0
102
RTVSPost2010PropOp49
 70
     1
102
RTVSPost2010Prop50
 90
       50
102
RTVSPost2010PropOp50
 70
     1
102
RTVSPost2010Prop51ColorIndex
 90
      256
102
RTVSPost2010Prop51ColorRGB
 90
-16777216
102
RTVSPost2010PropOp51
 70
     0
102
RTVSPost2010Prop52
140
1.0
102
RTVSPost2010PropOp52
 70
     0
102
RTVSPost2010Prop53
 90
        2
102
RTVSPost2010PropOp53
 70
     1
102
RTVSPost2010Prop54
  1
strokes_ogs.tif
102
RTVSPost2010PropOp54
 70
     1
102
RTVSPost2010Prop55
280
     0
102
RTVSPost2010PropOp55
 70
     1
102
RTVSPost2010Prop56
140
1.0
102
RTVSPost2010PropOp56
 70
     1
102
RTVSPost2010Prop57
140
1.0
102
RTVSPost2010PropOp57
 70
     1
  0
XRECORD
  5
3F8
102
{ACAD_REACTORS
330
3F7
102
}
330
3F7
100
AcDbXrecord
280
     1
102
RTVSPropertyOp0
 70
     1
102
RTVSPropertyOp1
 70
     1
102
RTVSPropertyOp2
 70
     1
102
RTVSPropertyOp3
 70
     1
102
RTVSPropertyOp4
 70
     1
102
RTVSPropertyOp5
 70
     1
102
RTVSPropertyOp6
 70
     1
102
RTVSPropertyOp7
 70
     1
102
RTVSPropertyOp8
 70
     1
102
RTVSPropertyOp9
 70
     1
102
RTVSPropertyOp10
 70
     1
102
RTVSPropertyOp11
 70
     1
102
RTVSPropertyOp12
 70
     1
102
RTVSPropertyOp13
 70
     1
102
RTVSPropertyOp14
 70
     1
102
RTVSPropertyOp15
 70
     1
102
RTVSPropertyOp16
 70
     1
102
RTVSPropertyOp17
 70
     1
102
RTVSPropertyOp18
 70
     1
102
RTVSPropertyOp19
 70
     1
102
RTVSPropertyOp20
 70
     1
102
RTVSPropertyOp21
 70
     1
102
RTVSPropertyOp22
 70
     1
102
RTVSPropertyOp23
 70
     1
102
RTVSPropertyOp24
 70
     1
102
RTVSPropertyOp25
 70
     1
102
RTVSPropertyOp26
 70
     1
102
RTVSPropertyOp27
 70
     1
102
RTVSPropertyOp28
 70
     1
102
RTVSPropertyOp29
 70
     1
102
RTVSPropertyOp30
 70
     1
102
RTVSPropertyOp31
 70
     1
102
RTVSPropertyOp32
 70
     1
102
RTVSPropertyOp33
 70
     1
102
RTVSPropertyOp34
 70
     1
102
RTVSPropertyOp35
 70
     1
102
RTVSPropertyOp36
 70
     1
102
RTVSPropertyOp37
 70
     1
102
RTVSPropertyOp38
 70
     1
102
RTVSPropertyOp39
 70
     1
102
RTVSPropertyOp40
 70
     1
102
RTVSPropertyOp41
 70
     1
102
RTVSPropertyOp42
 70
     1
102
RTVSPropertyOp43
 70
     1
102
RTVSPropertyOp44
 70
     1
102
RTVSPropertyOp45
 70
     1
102
RTVSPropertyOp46
 70
     1
102
RTVSPropertyOp47
 70
     1
102
RTVSPropertyOp48
 70
     1
102
RTVSPropertyOp49
 70
     1
102
RTVSPropertyOp50
 70
     1
102
RTVSPropertyOp51
 70
     0
102
RTVSPropertyOp52
 70
     0
102
RTVSPropertyOp53
 70
     1
102
RTVSPropertyOp54
 70
     1
102
RTVSPropertyOp55
 70
     1
102
RTVSPropertyOp56
 70
     1
102
RTVSPropertyOp57
 70
     1
102
RTVSPost2010Prop28
280
     0
102
RTVSPost2010PropOp28
 70
     1
102
RTVSPost2010Prop29
280
     1
102
RTVSPost2010PropOp29
 70
     1
102
RTVSPost2010Prop30
280
     1
102
RTVSPost2010PropOp30
 70
     1
102
RTVSPost2010Prop31
280
     0
102
RTVSPost2010PropOp31
 70
     1
102
RTVSPost2010Prop32
280
     0
102
RTVSPost2010PropOp32
 70
     1
102
RTVSPost2010Prop33
280
     0
102
RTVSPost2010PropOp33
 70
     1
102
RTVSPost2010Prop34
280
     0
102
RTVSPost2010PropOp34
 70
     1
102
RTVSPost2010Prop35
280
     0
102
RTVSPost2010PropOp35
 70
     1
102
RTVSPost2010Prop36
280
     0
102
RTVSPost2010PropOp36
 70
     1
102
RTVSPost2010Prop37
 90
       50
102
RTVSPost2010PropOp37
 70
     1
102
RTVSPost2010Prop38
140
0.0
102
RTVSPost2010PropOp38
 70
     1
102
RTVSPost2010Prop39
140
1.0
102
RTVSPost2010PropOp39
 70
     1
102
RTVSPost2010Prop40
 90
        0
102
RTVSPost2010PropOp40
 70
     1
102
RTVSPost2010Prop41ColorIndex
 90
       18
102
RTVSPost2010Prop41ColorRGB
 90
        0
102
RTVSPost2010PropOp41
 70
     1
102
RTVSPost2010Prop42
 90
       50
102
RTVSPost2010PropOp42
 70
     1
102
RTVSPost2010Prop43
 90
        3
102
RTVSPost2010PropOp43
 70
     1
102
RTVSPost2010Prop44ColorIndex
 90
        5
102
RTVSPost2010Prop44ColorRGB
 90
      255
102
RTVSPost2010PropOp44
 70
     1
102
RTVSPost2010Prop45
280
     0
102
RTVSPost2010PropOp45
 70
     1
102
RTVSPost2010Prop46
 90
       50
102
RTVSPost2010PropOp46
 70
     1
102
RTVSPost2010Prop47
 90
       50
102
RTVSPost2010PropOp47
 70
     1
102
RTVSPost2010Prop48
 90
       50
102
RTVSPost2010PropOp48
 70
     1
102
RTVSPost2010Prop49
280
     0
102
RTVSPost2010PropOp49
 70
     1
102
RTVSPost2010Prop50
 90
       50
102
RTVSPost2010PropOp50
 70
     1
102
RTVSPost2010Prop51ColorIndex
 90
      256
102
RTVSPost2010Prop51ColorRGB
 90
-16777216
102
RTVSPost2010PropOp51
 70
     0
102
RTVSPost2010Prop52
140
1.0
102
RTVSPost2010PropOp52
 70
     0
102
RTVSPost2010Prop53
 90
        2
102
RTVSPost2010PropOp53
 70
     1
102
RTVSPost2010Prop54
  1
strokes_ogs.tif
102
RTVSPost2010PropOp54
 70
     1
102
RTVSPost2010Prop55
280
     0
102
RTVSPost2010PropOp55
 70
     1
102
RTVSPost2010Prop56
140
1.0
102
RTVSPost2010PropOp56
 70
     1
102
RTVSPost2010Prop57
140
1.0
102
RTVSPost2010PropOp57
 70
     1
  0
XRECORD
  5
408
102
{ACAD_REACTORS
330
407
102
}
330
407
100
AcDbXrecord
280
     1
102
RTVSPropertyOp0
 70
     0
102
RTVSPropertyOp1
 70
     0
102
RTVSPropertyOp2
 70
     0
102
RTVSPropertyOp3
 70
     0
102
RTVSPropertyOp4
 70
     0
102
RTVSPropertyOp5
 70
     0
102
RTVSPropertyOp6
 70
     0
102
RTVSPropertyOp7
 70
     0
102
RTVSPropertyOp8
 70
     0
102
RTVSPropertyOp9
 70
     0
102
RTVSPropertyOp10
 70
     0
102
RTVSPropertyOp11
 70
     0
102
RTVSPropertyOp12
 70
     0
102
RTVSPropertyOp13
 70
     0
102
RTVSPropertyOp14
 70
     2
102
RTVSPropertyOp15
 70
     0
102
RTVSPropertyOp16
 70
     0
102
RTVSPropertyOp17
 70
     0
102
RTVSPropertyOp18
 70
     0
102
RTVSPropertyOp19
 70
     0
102
RTVSPropertyOp20
 70
     0
102
RTVSPropertyOp21
 70
     0
102
RTVSPropertyOp22
 70
     0
102
RTVSPropertyOp23
 70
     0
102
RTVSPropertyOp24
 70
     0
102
RTVSPropertyOp25
 70
     0
102
RTVSPropertyOp26
 70
     0
102
RTVSPropertyOp27
 70
     0
102
RTVSPropertyOp28
 70
     0
102
RTVSPropertyOp29
 70
     0
102
RTVSPropertyOp30
 70
     0
102
RTVSPropertyOp31
 70
     0
102
RTVSPropertyOp32
 70
     0
102
RTVSPropertyOp33
 70
     0
102
RTVSPropertyOp34
 70
     0
102
RTVSPropertyOp35
 70
     0
102
RTVSPropertyOp36
 70
     0
102
RTVSPropertyOp37
 70
     0
102
RTVSPropertyOp38
 70
     0
102
RTVSPropertyOp39
 70
     0
102
RTVSPropertyOp40
 70
     0
102
RTVSPropertyOp41
 70
     0
102
RTVSPropertyOp42
 70
     0
102
RTVSPropertyOp43
 70
     0
102
RTVSPropertyOp44
 70
     0
102
RTVSPropertyOp45
 70
     0
102
RTVSPropertyOp46
 70
     0
102
RTVSPropertyOp47
 70
     0
102
RTVSPropertyOp48
 70
     0
102
RTVSPropertyOp49
 70
     0
102
RTVSPropertyOp50
 70
     0
102
RTVSPropertyOp51
 70
     0
102
RTVSPropertyOp52
 70
     0
102
RTVSPropertyOp53
 70
     0
102
RTVSPropertyOp54
 70
     0
102
RTVSPropertyOp55
 70
     0
102
RTVSPropertyOp56
 70
     0
102
RTVSPropertyOp57
 70
     0
102
RTVSPost2010Prop28
280
     0
102
RTVSPost2010PropOp28
 70
     0
102
RTVSPost2010Prop29
280
     1
102
RTVSPost2010PropOp29
 70
     0
102
RTVSPost2010Prop30
280
     1
102
RTVSPost2010PropOp30
 70
     0
102
RTVSPost2010Prop31
280
     0
102
RTVSPost2010PropOp31
 70
     0
102
RTVSPost2010Prop32
280
     0
102
RTVSPost2010PropOp32
 70
     0
102
RTVSPost2010Prop33
280
     0
102
RTVSPost2010PropOp33
 70
     0
102
RTVSPost2010Prop34
280
     0
102
RTVSPost2010PropOp34
 70
     0
102
RTVSPost2010Prop35
280
     0
102
RTVSPost2010PropOp35
 70
     0
102
RTVSPost2010Prop36
280
     0
102
RTVSPost2010PropOp36
 70
     0
102
RTVSPost2010Prop37
 90
       50
102
RTVSPost2010PropOp37
 70
     0
102
RTVSPost2010Prop38
140
0.0
102
RTVSPost2010PropOp38
 70
     0
102
RTVSPost2010Prop39
140
1.0
102
RTVSPost2010PropOp39
 70
     0
102
RTVSPost2010Prop40
 90
        0
102
RTVSPost2010PropOp40
 70
     0
102
RTVSPost2010Prop41ColorIndex
 90
       18
102
RTVSPost2010Prop41ColorRGB
 90
        0
102
RTVSPost2010PropOp41
 70
     0
102
RTVSPost2010Prop42
 90
       50
102
RTVSPost2010PropOp42
 70
     0
102
RTVSPost2010Prop43
 90
        3
102
RTVSPost2010PropOp43
 70
     0
102
RTVSPost2010Prop44ColorIndex
 90
        5
102
RTVSPost2010Prop44ColorRGB
 90
      255
102
RTVSPost2010PropOp44
 70
     0
102
RTVSPost2010Prop45
280
     0
102
RTVSPost2010PropOp45
 70
     0
102
RTVSPost2010Prop46
 90
       50
102
RTVSPost2010PropOp46
 70
     0
102
RTVSPost2010Prop47
 90
       50
102
RTVSPost2010PropOp47
 70
     0
102
RTVSPost2010Prop48
 90
       50
102
RTVSPost2010PropOp48
 70
     0
102
RTVSPost2010Prop49
280
     0
102
RTVSPost2010PropOp49
 70
     0
102
RTVSPost2010Prop50
 90
       50
102
RTVSPost2010PropOp50
 70
     0
102
RTVSPost2010Prop51ColorIndex
 90
      256
102
RTVSPost2010Prop51ColorRGB
 90
-16777216
102
RTVSPost2010PropOp51
 70
     0
102
RTVSPost2010Prop52
140
1.0
102
RTVSPost2010PropOp52
 70
     0
102
RTVSPost2010Prop53
 90
        2
102
RTVSPost2010PropOp53
 70
     0
102
RTVSPost2010Prop54
  1
strokes_ogs.tif
102
RTVSPost2010PropOp54
 70
     0
102
RTVSPost2010Prop55
280
     0
102
RTVSPost2010PropOp55
 70
     0
102
RTVSPost2010Prop56
140
1.0
102
RTVSPost2010PropOp56
 70
     0
102
RTVSPost2010Prop57
140
1.0
102
RTVSPost2010PropOp57
 70
     0
  0
XRECORD
  5
400
102
{ACAD_REACTORS
330
3FF
102
}
330
3FF
100
AcDbXrecord
280
     1
102
RTVSPropertyOp0
 70
     1
102
RTVSPropertyOp1
 70
     1
102
RTVSPropertyOp2
 70
     1
102
RTVSPropertyOp3
 70
     1
102
RTVSPropertyOp4
 70
     1
102
RTVSPropertyOp5
 70
     1
102
RTVSPropertyOp6
 70
     1
102
RTVSPropertyOp7
 70
     1
102
RTVSPropertyOp8
 70
     1
102
RTVSPropertyOp9
 70
     1
102
RTVSPropertyOp10
 70
     1
102
RTVSPropertyOp11
 70
     1
102
RTVSPropertyOp12
 70
     1
102
RTVSPropertyOp13
 70
     1
102
RTVSPropertyOp14
 70
     1
102
RTVSPropertyOp15
 70
     1
102
RTVSPropertyOp16
 70
     1
102
RTVSPropertyOp17
 70
     1
102
RTVSPropertyOp18
 70
     1
102
RTVSPropertyOp19
 70
     1
102
RTVSPropertyOp20
 70
     1
102
RTVSPropertyOp21
 70
     1
102
RTVSPropertyOp22
 70
     1
102
RTVSPropertyOp23
 70
     1
102
RTVSPropertyOp24
 70
     1
102
RTVSPropertyOp25
 70
     1
102
RTVSPropertyOp26
 70
     1
102
RTVSPropertyOp27
 70
     1
102
RTVSPropertyOp28
 70
     1
102
RTVSPropertyOp29
 70
     1
102
RTVSPropertyOp30
 70
     1
102
RTVSPropertyOp31
 70
     1
102
RTVSPropertyOp32
 70
     1
102
RTVSPropertyOp33
 70
     1
102
RTVSPropertyOp34
 70
     1
102
RTVSPropertyOp35
 70
     1
102
RTVSPropertyOp36
 70
     1
102
RTVSPropertyOp37
 70
     1
102
RTVSPropertyOp38
 70
     1
102
RTVSPropertyOp39
 70
     1
102
RTVSPropertyOp40
 70
     1
102
RTVSPropertyOp41
 70
     1
102
RTVSPropertyOp42
 70
     1
102
RTVSPropertyOp43
 70
     1
102
RTVSPropertyOp44
 70
     1
102
RTVSPropertyOp45
 70
     1
102
RTVSPropertyOp46
 70
     1
102
RTVSPropertyOp47
 70
     1
102
RTVSPropertyOp48
 70
     1
102
RTVSPropertyOp49
 70
     1
102
RTVSPropertyOp50
 70
     1
102
RTVSPropertyOp51
 70
     0
102
RTVSPropertyOp52
 70
     0
102
RTVSPropertyOp53
 70
     1
102
RTVSPropertyOp54
 70
     1
102
RTVSPropertyOp55
 70
     1
102
RTVSPropertyOp56
 70
     1
102
RTVSPropertyOp57
 70
     1
102
RTVSPost2010Prop28
280
     0
102
RTVSPost2010PropOp28
 70
     1
102
RTVSPost2010Prop29
280
     1
102
RTVSPost2010PropOp29
 70
     1
102
RTVSPost2010Prop30
280
     1
102
RTVSPost2010PropOp30
 70
     1
102
RTVSPost2010Prop31
280
     0
102
RTVSPost2010PropOp31
 70
     1
102
RTVSPost2010Prop32
280
     0
102
RTVSPost2010PropOp32
 70
     1
102
RTVSPost2010Prop33
280
     0
102
RTVSPost2010PropOp33
 70
     1
102
RTVSPost2010Prop34
280
     0
102
RTVSPost2010PropOp34
 70
     1
102
RTVSPost2010Prop35
280
     0
102
RTVSPost2010PropOp35
 70
     1
102
RTVSPost2010Prop36
280
     0
102
RTVSPost2010PropOp36
 70
     1
102
RTVSPost2010Prop37
 90
       50
102
RTVSPost2010PropOp37
 70
     1
102
RTVSPost2010Prop38
140
0.0
102
RTVSPost2010PropOp38
 70
     1
102
RTVSPost2010Prop39
140
1.0
102
RTVSPost2010PropOp39
 70
     1
102
RTVSPost2010Prop40
 90
        0
102
RTVSPost2010PropOp40
 70
     1
102
RTVSPost2010Prop41ColorIndex
 90
       18
102
RTVSPost2010Prop41ColorRGB
 90
        0
102
RTVSPost2010PropOp41
 70
     1
102
RTVSPost2010Prop42
 90
       50
102
RTVSPost2010PropOp42
 70
     1
102
RTVSPost2010Prop43
 90
        3
102
RTVSPost2010PropOp43
 70
     1
102
RTVSPost2010Prop44ColorIndex
 90
        5
102
RTVSPost2010Prop44ColorRGB
 90
      255
102
RTVSPost2010PropOp44
 70
     1
102
RTVSPost2010Prop45
280
     0
102
RTVSPost2010PropOp45
 70
     1
102
RTVSPost2010Prop46
 90
       50
102
RTVSPost2010PropOp46
 70
     1
102
RTVSPost2010Prop47
 90
       50
102
RTVSPost2010PropOp47
 70
     1
102
RTVSPost2010Prop48
 90
       50
102
RTVSPost2010PropOp48
 70
     1
102
RTVSPost2010Prop49
280
     0
102
RTVSPost2010PropOp49
 70
     1
102
RTVSPost2010Prop50
 90
       50
102
RTVSPost2010PropOp50
 70
     1
102
RTVSPost2010Prop51ColorIndex
 90
      256
102
RTVSPost2010Prop51ColorRGB
 90
-16777216
102
RTVSPost2010PropOp51
 70
     0
102
RTVSPost2010Prop52
140
1.0
102
RTVSPost2010PropOp52
 70
     0
102
RTVSPost2010Prop53
 90
        2
102
RTVSPost2010PropOp53
 70
     1
102
RTVSPost2010Prop54
  1
strokes_ogs.tif
102
RTVSPost2010PropOp54
 70
     1
102
RTVSPost2010Prop55
280
     0
102
RTVSPost2010PropOp55
 70
     1
102
RTVSPost2010Prop56
140
1.0
102
RTVSPost2010PropOp56
 70
     1
102
RTVSPost2010Prop57
140
1.0
102
RTVSPost2010PropOp57
 70
     1
  0
XRECORD
  5
3E4
102
{ACAD_REACTORS
330
3E3
102
}
330
3E3
100
AcDbXrecord
280
     1
102
RTVSPropertyOp0
 70
     1
102
RTVSPropertyOp1
 70
     1
102
RTVSPropertyOp2
 70
     1
102
RTVSPropertyOp3
 70
     1
102
RTVSPropertyOp4
 70
     1
102
RTVSPropertyOp5
 70
     1
102
RTVSPropertyOp6
 70
     1
102
RTVSPropertyOp7
 70
     1
102
RTVSPropertyOp8
 70
     1
102
RTVSPropertyOp9
 70
     1
102
RTVSPropertyOp10
 70
     1
102
RTVSPropertyOp11
 70
     1
102
RTVSPropertyOp12
 70
     1
102
RTVSPropertyOp13
 70
     1
102
RTVSPropertyOp14
 70
     1
102
RTVSPropertyOp15
 70
     1
102
RTVSPropertyOp16
 70
     1
102
RTVSPropertyOp17
 70
     1
102
RTVSPropertyOp18
 70
     1
102
RTVSPropertyOp19
 70
     1
102
RTVSPropertyOp20
 70
     1
102
RTVSPropertyOp21
 70
     1
102
RTVSPropertyOp22
 70
     1
102
RTVSPropertyOp23
 70
     1
102
RTVSPropertyOp24
 70
     1
102
RTVSPropertyOp25
 70
     1
102
RTVSPropertyOp26
 70
     1
102
RTVSPropertyOp27
 70
     1
102
RTVSPropertyOp28
 70
     1
102
RTVSPropertyOp29
 70
     1
102
RTVSPropertyOp30
 70
     1
102
RTVSPropertyOp31
 70
     1
102
RTVSPropertyOp32
 70
     1
102
RTVSPropertyOp33
 70
     1
102
RTVSPropertyOp34
 70
     1
102
RTVSPropertyOp35
 70
     1
102
RTVSPropertyOp36
 70
     1
102
RTVSPropertyOp37
 70
     1
102
RTVSPropertyOp38
 70
     1
102
RTVSPropertyOp39
 70
     1
102
RTVSPropertyOp40
 70
     1
102
RTVSPropertyOp41
 70
     1
102
RTVSPropertyOp42
 70
     1
102
RTVSPropertyOp43
 70
     1
102
RTVSPropertyOp44
 70
     1
102
RTVSPropertyOp45
 70
     1
102
RTVSPropertyOp46
 70
     1
102
RTVSPropertyOp47
 70
     1
102
RTVSPropertyOp48
 70
     1
102
RTVSPropertyOp49
 70
     1
102
RTVSPropertyOp50
 70
     1
102
RTVSPropertyOp51
 70
     0
102
RTVSPropertyOp52
 70
     0
102
RTVSPropertyOp53
 70
     1
102
RTVSPropertyOp54
 70
     1
102
RTVSPropertyOp55
 70
     1
102
RTVSPropertyOp56
 70
     1
102
RTVSPropertyOp57
 70
     1
102
RTVSPost2010Prop28
280
     0
102
RTVSPost2010PropOp28
 70
     1
102
RTVSPost2010Prop29
280
     1
102
RTVSPost2010PropOp29
 70
     1
102
RTVSPost2010Prop30
280
     1
102
RTVSPost2010PropOp30
 70
     1
102
RTVSPost2010Prop31
280
     0
102
RTVSPost2010PropOp31
 70
     1
102
RTVSPost2010Prop32
280
     0
102
RTVSPost2010PropOp32
 70
     1
102
RTVSPost2010Prop33
280
     0
102
RTVSPost2010PropOp33
 70
     1
102
RTVSPost2010Prop34
280
     0
102
RTVSPost2010PropOp34
 70
     1
102
RTVSPost2010Prop35
280
     0
102
RTVSPost2010PropOp35
 70
     1
102
RTVSPost2010Prop36
280
     0
102
RTVSPost2010PropOp36
 70
     1
102
RTVSPost2010Prop37
 90
       50
102
RTVSPost2010PropOp37
 70
     1
102
RTVSPost2010Prop38
140
0.0
102
RTVSPost2010PropOp38
 70
     1
102
RTVSPost2010Prop39
140
1.0
102
RTVSPost2010PropOp39
 70
     1
102
RTVSPost2010Prop40
 90
        0
102
RTVSPost2010PropOp40
 70
     1
102
RTVSPost2010Prop41ColorIndex
 90
       18
102
RTVSPost2010Prop41ColorRGB
 90
        0
102
RTVSPost2010PropOp41
 70
     1
102
RTVSPost2010Prop42
 90
       50
102
RTVSPost2010PropOp42
 70
     1
102
RTVSPost2010Prop43
 90
        3
102
RTVSPost2010PropOp43
 70
     1
102
RTVSPost2010Prop44ColorIndex
 90
        5
102
RTVSPost2010Prop44ColorRGB
 90
      255
102
RTVSPost2010PropOp44
 70
     1
102
RTVSPost2010Prop45
280
     0
102
RTVSPost2010PropOp45
 70
     1
102
RTVSPost2010Prop46
 90
       50
102
RTVSPost2010PropOp46
 70
     1
102
RTVSPost2010Prop47
 90
       50
102
RTVSPost2010PropOp47
 70
     1
102
RTVSPost2010Prop48
 90
       50
102
RTVSPost2010PropOp48
 70
     1
102
RTVSPost2010Prop49
280
     0
102
RTVSPost2010PropOp49
 70
     1
102
RTVSPost2010Prop50
 90
       50
102
RTVSPost2010PropOp50
 70
     1
102
RTVSPost2010Prop51ColorIndex
 90
      256
102
RTVSPost2010Prop51ColorRGB
 90
-16777216
102
RTVSPost2010PropOp51
 70
     0
102
RTVSPost2010Prop52
140
1.0
102
RTVSPost2010PropOp52
 70
     0
102
RTVSPost2010Prop53
 90
        2
102
RTVSPost2010PropOp53
 70
     1
102
RTVSPost2010Prop54
  1
strokes_ogs.tif
102
RTVSPost2010PropOp54
 70
     1
102
RTVSPost2010Prop55
280
     0
102
RTVSPost2010PropOp55
 70
     1
102
RTVSPost2010Prop56
140
1.0
102
RTVSPost2010PropOp56
 70
     1
102
RTVSPost2010Prop57
140
1.0
102
RTVSPost2010PropOp57
 70
     1
  0
XRECORD
  5
3E6
102
{ACAD_REACTORS
330
3E5
102
}
330
3E5
100
AcDbXrecord
280
     1
102
RTVSPropertyOp0
 70
     1
102
RTVSPropertyOp1
 70
     1
102
RTVSPropertyOp2
 70
     1
102
RTVSPropertyOp3
 70
     1
102
RTVSPropertyOp4
 70
     1
102
RTVSPropertyOp5
 70
     1
102
RTVSPropertyOp6
 70
     1
102
RTVSPropertyOp7
 70
     1
102
RTVSPropertyOp8
 70
     1
102
RTVSPropertyOp9
 70
     1
102
RTVSPropertyOp10
 70
     1
102
RTVSPropertyOp11
 70
     1
102
RTVSPropertyOp12
 70
     1
102
RTVSPropertyOp13
 70
     1
102
RTVSPropertyOp14
 70
     1
102
RTVSPropertyOp15
 70
     1
102
RTVSPropertyOp16
 70
     1
102
RTVSPropertyOp17
 70
     1
102
RTVSPropertyOp18
 70
     1
102
RTVSPropertyOp19
 70
     1
102
RTVSPropertyOp20
 70
     1
102
RTVSPropertyOp21
 70
     1
102
RTVSPropertyOp22
 70
     1
102
RTVSPropertyOp23
 70
     1
102
RTVSPropertyOp24
 70
     1
102
RTVSPropertyOp25
 70
     1
102
RTVSPropertyOp26
 70
     1
102
RTVSPropertyOp27
 70
     1
102
RTVSPropertyOp28
 70
     1
102
RTVSPropertyOp29
 70
     1
102
RTVSPropertyOp30
 70
     1
102
RTVSPropertyOp31
 70
     1
102
RTVSPropertyOp32
 70
     1
102
RTVSPropertyOp33
 70
     1
102
RTVSPropertyOp34
 70
     1
102
RTVSPropertyOp35
 70
     1
102
RTVSPropertyOp36
 70
     1
102
RTVSPropertyOp37
 70
     1
102
RTVSPropertyOp38
 70
     1
102
RTVSPropertyOp39
 70
     1
102
RTVSPropertyOp40
 70
     1
102
RTVSPropertyOp41
 70
     1
102
RTVSPropertyOp42
 70
     1
102
RTVSPropertyOp43
 70
     1
102
RTVSPropertyOp44
 70
     1
102
RTVSPropertyOp45
 70
     1
102
RTVSPropertyOp46
 70
     1
102
RTVSPropertyOp47
 70
     1
102
RTVSPropertyOp48
 70
     1
102
RTVSPropertyOp49
 70
     1
102
RTVSPropertyOp50
 70
     1
102
RTVSPropertyOp51
 70
     0
102
RTVSPropertyOp52
 70
     0
102
RTVSPropertyOp53
 70
     1
102
RTVSPropertyOp54
 70
     1
102
RTVSPropertyOp55
 70
     1
102
RTVSPropertyOp56
 70
     1
102
RTVSPropertyOp57
 70
     1
102
RTVSPost2010Prop28
280
     0
102
RTVSPost2010PropOp28
 70
     1
102
RTVSPost2010Prop29
280
     1
102
RTVSPost2010PropOp29
 70
     1
102
RTVSPost2010Prop30
280
     1
102
RTVSPost2010PropOp30
 70
     1
102
RTVSPost2010Prop31
280
     0
102
RTVSPost2010PropOp31
 70
     1
102
RTVSPost2010Prop32
280
     0
102
RTVSPost2010PropOp32
 70
     1
102
RTVSPost2010Prop33
280
     0
102
RTVSPost2010PropOp33
 70
     1
102
RTVSPost2010Prop34
280
     0
102
RTVSPost2010PropOp34
 70
     1
102
RTVSPost2010Prop35
280
     0
102
RTVSPost2010PropOp35
 70
     1
102
RTVSPost2010Prop36
280
     0
102
RTVSPost2010PropOp36
 70
     1
102
RTVSPost2010Prop37
 90
       50
102
RTVSPost2010PropOp37
 70
     1
102
RTVSPost2010Prop38
140
0.0
102
RTVSPost2010PropOp38
 70
     1
102
RTVSPost2010Prop39
140
1.0
102
RTVSPost2010PropOp39
 70
     1
102
RTVSPost2010Prop40
 90
        0
102
RTVSPost2010PropOp40
 70
     1
102
RTVSPost2010Prop41ColorIndex
 90
       18
102
RTVSPost2010Prop41ColorRGB
 90
        0
102
RTVSPost2010PropOp41
 70
     1
102
RTVSPost2010Prop42
 90
       50
102
RTVSPost2010PropOp42
 70
     1
102
RTVSPost2010Prop43
 90
        3
102
RTVSPost2010PropOp43
 70
     1
102
RTVSPost2010Prop44ColorIndex
 90
        5
102
RTVSPost2010Prop44ColorRGB
 90
      255
102
RTVSPost2010PropOp44
 70
     1
102
RTVSPost2010Prop45
280
     0
102
RTVSPost2010PropOp45
 70
     1
102
RTVSPost2010Prop46
 90
       50
102
RTVSPost2010PropOp46
 70
     1
102
RTVSPost2010Prop47
 90
       50
102
RTVSPost2010PropOp47
 70
     1
102
RTVSPost2010Prop48
 90
       50
102
RTVSPost2010PropOp48
 70
     1
102
RTVSPost2010Prop49
280
     0
102
RTVSPost2010PropOp49
 70
     1
102
RTVSPost2010Prop50
 90
       50
102
RTVSPost2010PropOp50
 70
     1
102
RTVSPost2010Prop51ColorIndex
 90
      256
102
RTVSPost2010Prop51ColorRGB
 90
-16777216
102
RTVSPost2010PropOp51
 70
     0
102
RTVSPost2010Prop52
140
1.0
102
RTVSPost2010PropOp52
 70
     0
102
RTVSPost2010Prop53
 90
        2
102
RTVSPost2010PropOp53
 70
     1
102
RTVSPost2010Prop54
  1
strokes_ogs.tif
102
RTVSPost2010PropOp54
 70
     1
102
RTVSPost2010Prop55
280
     0
102
RTVSPost2010PropOp55
 70
     1
102
RTVSPost2010Prop56
140
1.0
102
RTVSPost2010PropOp56
 70
     1
102
RTVSPost2010Prop57
140
1.0
102
RTVSPost2010PropOp57
 70
     1
  0
XRECORD
  5
3E8
102
{ACAD_REACTORS
330
3E7
102
}
330
3E7
100
AcDbXrecord
280
     1
102
RTVSPropertyOp0
 70
     1
102
RTVSPropertyOp1
 70
     1
102
RTVSPropertyOp2
 70
     1
102
RTVSPropertyOp3
 70
     1
102
RTVSPropertyOp4
 70
     1
102
RTVSPropertyOp5
 70
     1
102
RTVSPropertyOp6
 70
     1
102
RTVSPropertyOp7
 70
     1
102
RTVSPropertyOp8
 70
     1
102
RTVSPropertyOp9
 70
     1
102
RTVSPropertyOp10
 70
     1
102
RTVSPropertyOp11
 70
     1
102
RTVSPropertyOp12
 70
     1
102
RTVSPropertyOp13
 70
     1
102
RTVSPropertyOp14
 70
     1
102
RTVSPropertyOp15
 70
     1
102
RTVSPropertyOp16
 70
     1
102
RTVSPropertyOp17
 70
     1
102
RTVSPropertyOp18
 70
     1
102
RTVSPropertyOp19
 70
     1
102
RTVSPropertyOp20
 70
     1
102
RTVSPropertyOp21
 70
     1
102
RTVSPropertyOp22
 70
     1
102
RTVSPropertyOp23
 70
     1
102
RTVSPropertyOp24
 70
     1
102
RTVSPropertyOp25
 70
     1
102
RTVSPropertyOp26
 70
     1
102
RTVSPropertyOp27
 70
     1
102
RTVSPropertyOp28
 70
     1
102
RTVSPropertyOp29
 70
     1
102
RTVSPropertyOp30
 70
     1
102
RTVSPropertyOp31
 70
     1
102
RTVSPropertyOp32
 70
     1
102
RTVSPropertyOp33
 70
     1
102
RTVSPropertyOp34
 70
     1
102
RTVSPropertyOp35
 70
     1
102
RTVSPropertyOp36
 70
     1
102
RTVSPropertyOp37
 70
     1
102
RTVSPropertyOp38
 70
     1
102
RTVSPropertyOp39
 70
     1
102
RTVSPropertyOp40
 70
     1
102
RTVSPropertyOp41
 70
     1
102
RTVSPropertyOp42
 70
     1
102
RTVSPropertyOp43
 70
     1
102
RTVSPropertyOp44
 70
     1
102
RTVSPropertyOp45
 70
     1
102
RTVSPropertyOp46
 70
     1
102
RTVSPropertyOp47
 70
     1
102
RTVSPropertyOp48
 70
     1
102
RTVSPropertyOp49
 70
     1
102
RTVSPropertyOp50
 70
     1
102
RTVSPropertyOp51
 70
     0
102
RTVSPropertyOp52
 70
     0
102
RTVSPropertyOp53
 70
     1
102
RTVSPropertyOp54
 70
     1
102
RTVSPropertyOp55
 70
     1
102
RTVSPropertyOp56
 70
     1
102
RTVSPropertyOp57
 70
     1
102
RTVSPost2010Prop28
280
     0
102
RTVSPost2010PropOp28
 70
     1
102
RTVSPost2010Prop29
280
     1
102
RTVSPost2010PropOp29
 70
     1
102
RTVSPost2010Prop30
280
     1
102
RTVSPost2010PropOp30
 70
     1
102
RTVSPost2010Prop31
280
     0
102
RTVSPost2010PropOp31
 70
     1
102
RTVSPost2010Prop32
280
     0
102
RTVSPost2010PropOp32
 70
     1
102
RTVSPost2010Prop33
280
     0
102
RTVSPost2010PropOp33
 70
     1
102
RTVSPost2010Prop34
280
     0
102
RTVSPost2010PropOp34
 70
     1
102
RTVSPost2010Prop35
280
     0
102
RTVSPost2010PropOp35
 70
     1
102
RTVSPost2010Prop36
280
     0
102
RTVSPost2010PropOp36
 70
     1
102
RTVSPost2010Prop37
 90
       50
102
RTVSPost2010PropOp37
 70
     1
102
RTVSPost2010Prop38
140
0.0
102
RTVSPost2010PropOp38
 70
     1
102
RTVSPost2010Prop39
140
1.0
102
RTVSPost2010PropOp39
 70
     1
102
RTVSPost2010Prop40
 90
        0
102
RTVSPost2010PropOp40
 70
     1
102
RTVSPost2010Prop41ColorIndex
 90
       18
102
RTVSPost2010Prop41ColorRGB
 90
        0
102
RTVSPost2010PropOp41
 70
     1
102
RTVSPost2010Prop42
 90
       50
102
RTVSPost2010PropOp42
 70
     1
102
RTVSPost2010Prop43
 90
        3
102
RTVSPost2010PropOp43
 70
     1
102
RTVSPost2010Prop44ColorIndex
 90
        5
102
RTVSPost2010Prop44ColorRGB
 90
      255
102
RTVSPost2010PropOp44
 70
     1
102
RTVSPost2010Prop45
280
     0
102
RTVSPost2010PropOp45
 70
     1
102
RTVSPost2010Prop46
 90
       50
102
RTVSPost2010PropOp46
 70
     1
102
RTVSPost2010Prop47
 90
       50
102
RTVSPost2010PropOp47
 70
     1
102
RTVSPost2010Prop48
 90
       50
102
RTVSPost2010PropOp48
 70
     1
102
RTVSPost2010Prop49
280
     0
102
RTVSPost2010PropOp49
 70
     1
102
RTVSPost2010Prop50
 90
       50
102
RTVSPost2010PropOp50
 70
     1
102
RTVSPost2010Prop51ColorIndex
 90
      256
102
RTVSPost2010Prop51ColorRGB
 90
-16777216
102
RTVSPost2010PropOp51
 70
     0
102
RTVSPost2010Prop52
140
1.0
102
RTVSPost2010PropOp52
 70
     0
102
RTVSPost2010Prop53
 90
        2
102
RTVSPost2010PropOp53
 70
     1
102
RTVSPost2010Prop54
  1
strokes_ogs.tif
102
RTVSPost2010PropOp54
 70
     1
102
RTVSPost2010Prop55
280
     0
102
RTVSPost2010PropOp55
 70
     1
102
RTVSPost2010Prop56
140
1.0
102
RTVSPost2010PropOp56
 70
     1
102
RTVSPost2010Prop57
140
1.0
102
RTVSPost2010PropOp57
 70
     1
  0
XRECORD
  5
3EA
102
{ACAD_REACTORS
330
3E9
102
}
330
3E9
100
AcDbXrecord
280
     1
102
RTVSPropertyOp0
 70
     1
102
RTVSPropertyOp1
 70
     1
102
RTVSPropertyOp2
 70
     1
102
RTVSPropertyOp3
 70
     1
102
RTVSPropertyOp4
 70
     1
102
RTVSPropertyOp5
 70
     1
102
RTVSPropertyOp6
 70
     1
102
RTVSPropertyOp7
 70
     1
102
RTVSPropertyOp8
 70
     1
102
RTVSPropertyOp9
 70
     1
102
RTVSPropertyOp10
 70
     1
102
RTVSPropertyOp11
 70
     1
102
RTVSPropertyOp12
 70
     1
102
RTVSPropertyOp13
 70
     1
102
RTVSPropertyOp14
 70
     1
102
RTVSPropertyOp15
 70
     1
102
RTVSPropertyOp16
 70
     1
102
RTVSPropertyOp17
 70
     1
102
RTVSPropertyOp18
 70
     1
102
RTVSPropertyOp19
 70
     1
102
RTVSPropertyOp20
 70
     1
102
RTVSPropertyOp21
 70
     1
102
RTVSPropertyOp22
 70
     1
102
RTVSPropertyOp23
 70
     1
102
RTVSPropertyOp24
 70
     1
102
RTVSPropertyOp25
 70
     1
102
RTVSPropertyOp26
 70
     1
102
RTVSPropertyOp27
 70
     1
102
RTVSPropertyOp28
 70
     1
102
RTVSPropertyOp29
 70
     1
102
RTVSPropertyOp30
 70
     1
102
RTVSPropertyOp31
 70
     1
102
RTVSPropertyOp32
 70
     1
102
RTVSPropertyOp33
 70
     1
102
RTVSPropertyOp34
 70
     1
102
RTVSPropertyOp35
 70
     1
102
RTVSPropertyOp36
 70
     1
102
RTVSPropertyOp37
 70
     1
102
RTVSPropertyOp38
 70
     1
102
RTVSPropertyOp39
 70
     1
102
RTVSPropertyOp40
 70
     1
102
RTVSPropertyOp41
 70
     1
102
RTVSPropertyOp42
 70
     1
102
RTVSPropertyOp43
 70
     1
102
RTVSPropertyOp44
 70
     1
102
RTVSPropertyOp45
 70
     1
102
RTVSPropertyOp46
 70
     1
102
RTVSPropertyOp47
 70
     1
102
RTVSPropertyOp48
 70
     1
102
RTVSPropertyOp49
 70
     1
102
RTVSPropertyOp50
 70
     1
102
RTVSPropertyOp51
 70
     0
102
RTVSPropertyOp52
 70
     0
102
RTVSPropertyOp53
 70
     1
102
RTVSPropertyOp54
 70
     1
102
RTVSPropertyOp55
 70
     1
102
RTVSPropertyOp56
 70
     1
102
RTVSPropertyOp57
 70
     1
102
RTVSPost2010Prop28
280
     0
102
RTVSPost2010PropOp28
 70
     1
102
RTVSPost2010Prop29
280
     1
102
RTVSPost2010PropOp29
 70
     1
102
RTVSPost2010Prop30
280
     1
102
RTVSPost2010PropOp30
 70
     1
102
RTVSPost2010Prop31
280
     0
102
RTVSPost2010PropOp31
 70
     1
102
RTVSPost2010Prop32
280
     0
102
RTVSPost2010PropOp32
 70
     1
102
RTVSPost2010Prop33
280
     0
102
RTVSPost2010PropOp33
 70
     1
102
RTVSPost2010Prop34
280
     0
102
RTVSPost2010PropOp34
 70
     1
102
RTVSPost2010Prop35
280
     0
102
RTVSPost2010PropOp35
 70
     1
102
RTVSPost2010Prop36
280
     0
102
RTVSPost2010PropOp36
 70
     1
102
RTVSPost2010Prop37
 90
       50
102
RTVSPost2010PropOp37
 70
     1
102
RTVSPost2010Prop38
140
0.0
102
RTVSPost2010PropOp38
 70
     1
102
RTVSPost2010Prop39
140
1.0
102
RTVSPost2010PropOp39
 70
     1
102
RTVSPost2010Prop40
 90
        0
102
RTVSPost2010PropOp40
 70
     1
102
RTVSPost2010Prop41ColorIndex
 90
       18
102
RTVSPost2010Prop41ColorRGB
 90
        0
102
RTVSPost2010PropOp41
 70
     1
102
RTVSPost2010Prop42
 90
       50
102
RTVSPost2010PropOp42
 70
     1
102
RTVSPost2010Prop43
 90
        3
102
RTVSPost2010PropOp43
 70
     1
102
RTVSPost2010Prop44ColorIndex
 90
        5
102
RTVSPost2010Prop44ColorRGB
 90
      255
102
RTVSPost2010PropOp44
 70
     1
102
RTVSPost2010Prop45
280
     0
102
RTVSPost2010PropOp45
 70
     1
102
RTVSPost2010Prop46
 90
       50
102
RTVSPost2010PropOp46
 70
     1
102
RTVSPost2010Prop47
 90
       50
102
RTVSPost2010PropOp47
 70
     1
102
RTVSPost2010Prop48
 90
       50
102
RTVSPost2010PropOp48
 70
     1
102
RTVSPost2010Prop49
280
     0
102
RTVSPost2010PropOp49
 70
     1
102
RTVSPost2010Prop50
 90
       50
102
RTVSPost2010PropOp50
 70
     1
102
RTVSPost2010Prop51ColorIndex
 90
      256
102
RTVSPost2010Prop51ColorRGB
 90
-16777216
102
RTVSPost2010PropOp51
 70
     0
102
RTVSPost2010Prop52
140
1.0
102
RTVSPost2010PropOp52
 70
     0
102
RTVSPost2010Prop53
 90
        2
102
RTVSPost2010PropOp53
 70
     1
102
RTVSPost2010Prop54
  1
strokes_ogs.tif
102
RTVSPost2010PropOp54
 70
     1
102
RTVSPost2010Prop55
280
     0
102
RTVSPost2010PropOp55
 70
     1
102
RTVSPost2010Prop56
140
1.0
102
RTVSPost2010PropOp56
 70
     1
102
RTVSPost2010Prop57
140
1.0
102
RTVSPost2010PropOp57
 70
     1
  0
XRECORD
  5
3F0
102
{ACAD_REACTORS
330
3EF
102
}
330
3EF
100
AcDbXrecord
280
     1
102
RTVSPropertyOp0
 70
     1
102
RTVSPropertyOp1
 70
     1
102
RTVSPropertyOp2
 70
     1
102
RTVSPropertyOp3
 70
     1
102
RTVSPropertyOp4
 70
     1
102
RTVSPropertyOp5
 70
     1
102
RTVSPropertyOp6
 70
     1
102
RTVSPropertyOp7
 70
     1
102
RTVSPropertyOp8
 70
     1
102
RTVSPropertyOp9
 70
     1
102
RTVSPropertyOp10
 70
     1
102
RTVSPropertyOp11
 70
     1
102
RTVSPropertyOp12
 70
     1
102
RTVSPropertyOp13
 70
     1
102
RTVSPropertyOp14
 70
     1
102
RTVSPropertyOp15
 70
     1
102
RTVSPropertyOp16
 70
     1
102
RTVSPropertyOp17
 70
     1
102
RTVSPropertyOp18
 70
     1
102
RTVSPropertyOp19
 70
     1
102
RTVSPropertyOp20
 70
     1
102
RTVSPropertyOp21
 70
     1
102
RTVSPropertyOp22
 70
     1
102
RTVSPropertyOp23
 70
     1
102
RTVSPropertyOp24
 70
     1
102
RTVSPropertyOp25
 70
     1
102
RTVSPropertyOp26
 70
     1
102
RTVSPropertyOp27
 70
     1
102
RTVSPropertyOp28
 70
     1
102
RTVSPropertyOp29
 70
     1
102
RTVSPropertyOp30
 70
     1
102
RTVSPropertyOp31
 70
     1
102
RTVSPropertyOp32
 70
     1
102
RTVSPropertyOp33
 70
     1
102
RTVSPropertyOp34
 70
     1
102
RTVSPropertyOp35
 70
     1
102
RTVSPropertyOp36
 70
     1
102
RTVSPropertyOp37
 70
     1
102
RTVSPropertyOp38
 70
     1
102
RTVSPropertyOp39
 70
     1
102
RTVSPropertyOp40
 70
     1
102
RTVSPropertyOp41
 70
     1
102
RTVSPropertyOp42
 70
     1
102
RTVSPropertyOp43
 70
     1
102
RTVSPropertyOp44
 70
     1
102
RTVSPropertyOp45
 70
     1
102
RTVSPropertyOp46
 70
     1
102
RTVSPropertyOp47
 70
     1
102
RTVSPropertyOp48
 70
     1
102
RTVSPropertyOp49
 70
     1
102
RTVSPropertyOp50
 70
     1
102
RTVSPropertyOp51
 70
     0
102
RTVSPropertyOp52
 70
     0
102
RTVSPropertyOp53
 70
     1
102
RTVSPropertyOp54
 70
     1
102
RTVSPropertyOp55
 70
     1
102
RTVSPropertyOp56
 70
     1
102
RTVSPropertyOp57
 70
     1
102
RTVSPost2010Prop28
280
     0
102
RTVSPost2010PropOp28
 70
     1
102
RTVSPost2010Prop29
280
     1
102
RTVSPost2010PropOp29
 70
     1
102
RTVSPost2010Prop30
280
     1
102
RTVSPost2010PropOp30
 70
     1
102
RTVSPost2010Prop31
280
     0
102
RTVSPost2010PropOp31
 70
     1
102
RTVSPost2010Prop32
280
     0
102
RTVSPost2010PropOp32
 70
     1
102
RTVSPost2010Prop33
280
     0
102
RTVSPost2010PropOp33
 70
     1
102
RTVSPost2010Prop34
280
     0
102
RTVSPost2010PropOp34
 70
     1
102
RTVSPost2010Prop35
280
     0
102
RTVSPost2010PropOp35
 70
     1
102
RTVSPost2010Prop36
280
     0
102
RTVSPost2010PropOp36
 70
     1
102
RTVSPost2010Prop37
 90
       50
102
RTVSPost2010PropOp37
 70
     1
102
RTVSPost2010Prop38
140
0.0
102
RTVSPost2010PropOp38
 70
     1
102
RTVSPost2010Prop39
140
1.0
102
RTVSPost2010PropOp39
 70
     1
102
RTVSPost2010Prop40
 90
        0
102
RTVSPost2010PropOp40
 70
     1
102
RTVSPost2010Prop41ColorIndex
 90
       18
102
RTVSPost2010Prop41ColorRGB
 90
        0
102
RTVSPost2010PropOp41
 70
     1
102
RTVSPost2010Prop42
 90
       50
102
RTVSPost2010PropOp42
 70
     1
102
RTVSPost2010Prop43
 90
        3
102
RTVSPost2010PropOp43
 70
     1
102
RTVSPost2010Prop44ColorIndex
 90
        5
102
RTVSPost2010Prop44ColorRGB
 90
      255
102
RTVSPost2010PropOp44
 70
     1
102
RTVSPost2010Prop45
280
     0
102
RTVSPost2010PropOp45
 70
     1
102
RTVSPost2010Prop46
 90
       50
102
RTVSPost2010PropOp46
 70
     1
102
RTVSPost2010Prop47
 90
       50
102
RTVSPost2010PropOp47
 70
     1
102
RTVSPost2010Prop48
 90
       50
102
RTVSPost2010PropOp48
 70
     1
102
RTVSPost2010Prop49
280
     0
102
RTVSPost2010PropOp49
 70
     1
102
RTVSPost2010Prop50
 90
       50
102
RTVSPost2010PropOp50
 70
     1
102
RTVSPost2010Prop51ColorIndex
 90
      256
102
RTVSPost2010Prop51ColorRGB
 90
-16777216
102
RTVSPost2010PropOp51
 70
     0
102
RTVSPost2010Prop52
140
1.0
102
RTVSPost2010PropOp52
 70
     0
102
RTVSPost2010Prop53
 90
        2
102
RTVSPost2010PropOp53
 70
     1
102
RTVSPost2010Prop54
  1
strokes_ogs.tif
102
RTVSPost2010PropOp54
 70
     1
102
RTVSPost2010Prop55
280
     0
102
RTVSPost2010PropOp55
 70
     1
102
RTVSPost2010Prop56
140
1.0
102
RTVSPost2010PropOp56
 70
     1
102
RTVSPost2010Prop57
140
1.0
102
RTVSPost2010PropOp57
 70
     1
  0
XRECORD
  5
404
102
{ACAD_REACTORS
330
403
102
}
330
403
100
AcDbXrecord
280
     1
102
RTVSPropertyOp0
 70
     0
102
RTVSPropertyOp1
 70
     0
102
RTVSPropertyOp2
 70
     0
102
RTVSPropertyOp3
 70
     0
102
RTVSPropertyOp4
 70
     0
102
RTVSPropertyOp5
 70
     0
102
RTVSPropertyOp6
 70
     0
102
RTVSPropertyOp7
 70
     0
102
RTVSPropertyOp8
 70
     0
102
RTVSPropertyOp9
 70
     0
102
RTVSPropertyOp10
 70
     0
102
RTVSPropertyOp11
 70
     0
102
RTVSPropertyOp12
 70
     0
102
RTVSPropertyOp13
 70
     0
102
RTVSPropertyOp14
 70
     2
102
RTVSPropertyOp15
 70
     0
102
RTVSPropertyOp16
 70
     0
102
RTVSPropertyOp17
 70
     0
102
RTVSPropertyOp18
 70
     0
102
RTVSPropertyOp19
 70
     0
102
RTVSPropertyOp20
 70
     0
102
RTVSPropertyOp21
 70
     0
102
RTVSPropertyOp22
 70
     0
102
RTVSPropertyOp23
 70
     0
102
RTVSPropertyOp24
 70
     0
102
RTVSPropertyOp25
 70
     0
102
RTVSPropertyOp26
 70
     0
102
RTVSPropertyOp27
 70
     0
102
RTVSPropertyOp28
 70
     0
102
RTVSPropertyOp29
 70
     0
102
RTVSPropertyOp30
 70
     0
102
RTVSPropertyOp31
 70
     0
102
RTVSPropertyOp32
 70
     0
102
RTVSPropertyOp33
 70
     0
102
RTVSPropertyOp34
 70
     0
102
RTVSPropertyOp35
 70
     0
102
RTVSPropertyOp36
 70
     0
102
RTVSPropertyOp37
 70
     0
102
RTVSPropertyOp38
 70
     0
102
RTVSPropertyOp39
 70
     0
102
RTVSPropertyOp40
 70
     0
102
RTVSPropertyOp41
 70
     0
102
RTVSPropertyOp42
 70
     0
102
RTVSPropertyOp43
 70
     0
102
RTVSPropertyOp44
 70
     0
102
RTVSPropertyOp45
 70
     0
102
RTVSPropertyOp46
 70
     0
102
RTVSPropertyOp47
 70
     0
102
RTVSPropertyOp48
 70
     0
102
RTVSPropertyOp49
 70
     0
102
RTVSPropertyOp50
 70
     0
102
RTVSPropertyOp51
 70
     0
102
RTVSPropertyOp52
 70
     0
102
RTVSPropertyOp53
 70
     0
102
RTVSPropertyOp54
 70
     0
102
RTVSPropertyOp55
 70
     0
102
RTVSPropertyOp56
 70
     0
102
RTVSPropertyOp57
 70
     0
102
RTVSPost2010Prop28
280
     0
102
RTVSPost2010PropOp28
 70
     0
102
RTVSPost2010Prop29
280
     1
102
RTVSPost2010PropOp29
 70
     0
102
RTVSPost2010Prop30
280
     1
102
RTVSPost2010PropOp30
 70
     0
102
RTVSPost2010Prop31
280
     0
102
RTVSPost2010PropOp31
 70
     0
102
RTVSPost2010Prop32
280
     0
102
RTVSPost2010PropOp32
 70
     0
102
RTVSPost2010Prop33
280
     0
102
RTVSPost2010PropOp33
 70
     0
102
RTVSPost2010Prop34
280
     0
102
RTVSPost2010PropOp34
 70
     0
102
RTVSPost2010Prop35
280
     0
102
RTVSPost2010PropOp35
 70
     0
102
RTVSPost2010Prop36
280
     0
102
RTVSPost2010PropOp36
 70
     0
102
RTVSPost2010Prop37
 90
       50
102
RTVSPost2010PropOp37
 70
     0
102
RTVSPost2010Prop38
140
0.0
102
RTVSPost2010PropOp38
 70
     0
102
RTVSPost2010Prop39
140
1.0
102
RTVSPost2010PropOp39
 70
     0
102
RTVSPost2010Prop40
 90
        0
102
RTVSPost2010PropOp40
 70
     0
102
RTVSPost2010Prop41ColorIndex
 90
       18
102
RTVSPost2010Prop41ColorRGB
 90
        0
102
RTVSPost2010PropOp41
 70
     0
102
RTVSPost2010Prop42
 90
       50
102
RTVSPost2010PropOp42
 70
     0
102
RTVSPost2010Prop43
 90
        3
102
RTVSPost2010PropOp43
 70
     0
102
RTVSPost2010Prop44ColorIndex
 90
        5
102
RTVSPost2010Prop44ColorRGB
 90
      255
102
RTVSPost2010PropOp44
 70
     0
102
RTVSPost2010Prop45
280
     0
102
RTVSPost2010PropOp45
 70
     0
102
RTVSPost2010Prop46
 90
       50
102
RTVSPost2010PropOp46
 70
     0
102
RTVSPost2010Prop47
 90
       50
102
RTVSPost2010PropOp47
 70
     0
102
RTVSPost2010Prop48
 90
       50
102
RTVSPost2010PropOp48
 70
     0
102
RTVSPost2010Prop49
280
     0
102
RTVSPost2010PropOp49
 70
     0
102
RTVSPost2010Prop50
 90
       50
102
RTVSPost2010PropOp50
 70
     0
102
RTVSPost2010Prop51ColorIndex
 90
      256
102
RTVSPost2010Prop51ColorRGB
 90
-16777216
102
RTVSPost2010PropOp51
 70
     0
102
RTVSPost2010Prop52
140
1.0
102
RTVSPost2010PropOp52
 70
     0
102
RTVSPost2010Prop53
 90
        2
102
RTVSPost2010PropOp53
 70
     0
102
RTVSPost2010Prop54
  1
strokes_ogs.tif
102
RTVSPost2010PropOp54
 70
     0
102
RTVSPost2010Prop55
280
     0
102
RTVSPost2010PropOp55
 70
     0
102
RTVSPost2010Prop56
140
1.0
102
RTVSPost2010PropOp56
 70
     0
102
RTVSPost2010Prop57
140
1.0
102
RTVSPost2010PropOp57
 70
     0
  0
XRECORD
  5
3FE
102
{ACAD_REACTORS
330
3FD
102
}
330
3FD
100
AcDbXrecord
280
     1
102
RTVSPropertyOp0
 70
     1
102
RTVSPropertyOp1
 70
     1
102
RTVSPropertyOp2
 70
     1
102
RTVSPropertyOp3
 70
     1
102
RTVSPropertyOp4
 70
     1
102
RTVSPropertyOp5
 70
     1
102
RTVSPropertyOp6
 70
     1
102
RTVSPropertyOp7
 70
     1
102
RTVSPropertyOp8
 70
     1
102
RTVSPropertyOp9
 70
     1
102
RTVSPropertyOp10
 70
     1
102
RTVSPropertyOp11
 70
     1
102
RTVSPropertyOp12
 70
     1
102
RTVSPropertyOp13
 70
     1
102
RTVSPropertyOp14
 70
     1
102
RTVSPropertyOp15
 70
     1
102
RTVSPropertyOp16
 70
     1
102
RTVSPropertyOp17
 70
     1
102
RTVSPropertyOp18
 70
     1
102
RTVSPropertyOp19
 70
     1
102
RTVSPropertyOp20
 70
     1
102
RTVSPropertyOp21
 70
     1
102
RTVSPropertyOp22
 70
     1
102
RTVSPropertyOp23
 70
     1
102
RTVSPropertyOp24
 70
     1
102
RTVSPropertyOp25
 70
     1
102
RTVSPropertyOp26
 70
     1
102
RTVSPropertyOp27
 70
     1
102
RTVSPropertyOp28
 70
     1
102
RTVSPropertyOp29
 70
     1
102
RTVSPropertyOp30
 70
     1
102
RTVSPropertyOp31
 70
     1
102
RTVSPropertyOp32
 70
     1
102
RTVSPropertyOp33
 70
     1
102
RTVSPropertyOp34
 70
     1
102
RTVSPropertyOp35
 70
     1
102
RTVSPropertyOp36
 70
     1
102
RTVSPropertyOp37
 70
     1
102
RTVSPropertyOp38
 70
     1
102
RTVSPropertyOp39
 70
     1
102
RTVSPropertyOp40
 70
     1
102
RTVSPropertyOp41
 70
     1
102
RTVSPropertyOp42
 70
     1
102
RTVSPropertyOp43
 70
     1
102
RTVSPropertyOp44
 70
     1
102
RTVSPropertyOp45
 70
     1
102
RTVSPropertyOp46
 70
     1
102
RTVSPropertyOp47
 70
     1
102
RTVSPropertyOp48
 70
     1
102
RTVSPropertyOp49
 70
     1
102
RTVSPropertyOp50
 70
     1
102
RTVSPropertyOp51
 70
     0
102
RTVSPropertyOp52
 70
     0
102
RTVSPropertyOp53
 70
     1
102
RTVSPropertyOp54
 70
     1
102
RTVSPropertyOp55
 70
     1
102
RTVSPropertyOp56
 70
     1
102
RTVSPropertyOp57
 70
     1
102
RTVSPost2010Prop28
280
     0
102
RTVSPost2010PropOp28
 70
     1
102
RTVSPost2010Prop29
280
     1
102
RTVSPost2010PropOp29
 70
     1
102
RTVSPost2010Prop30
280
     1
102
RTVSPost2010PropOp30
 70
     1
102
RTVSPost2010Prop31
280
     0
102
RTVSPost2010PropOp31
 70
     1
102
RTVSPost2010Prop32
280
     0
102
RTVSPost2010PropOp32
 70
     1
102
RTVSPost2010Prop33
280
     0
102
RTVSPost2010PropOp33
 70
     1
102
RTVSPost2010Prop34
280
     0
102
RTVSPost2010PropOp34
 70
     1
102
RTVSPost2010Prop35
280
     0
102
RTVSPost2010PropOp35
 70
     1
102
RTVSPost2010Prop36
280
     0
102
RTVSPost2010PropOp36
 70
     1
102
RTVSPost2010Prop37
 90
       50
102
RTVSPost2010PropOp37
 70
     1
102
RTVSPost2010Prop38
140
0.0
102
RTVSPost2010PropOp38
 70
     1
102
RTVSPost2010Prop39
140
1.0
102
RTVSPost2010PropOp39
 70
     1
102
RTVSPost2010Prop40
 90
        0
102
RTVSPost2010PropOp40
 70
     1
102
RTVSPost2010Prop41ColorIndex
 90
       18
102
RTVSPost2010Prop41ColorRGB
 90
        0
102
RTVSPost2010PropOp41
 70
     1
102
RTVSPost2010Prop42
 90
       50
102
RTVSPost2010PropOp42
 70
     1
102
RTVSPost2010Prop43
 90
        3
102
RTVSPost2010PropOp43
 70
     1
102
RTVSPost2010Prop44ColorIndex
 90
        5
102
RTVSPost2010Prop44ColorRGB
 90
      255
102
RTVSPost2010PropOp44
 70
     1
102
RTVSPost2010Prop45
280
     0
102
RTVSPost2010PropOp45
 70
     1
102
RTVSPost2010Prop46
 90
       50
102
RTVSPost2010PropOp46
 70
     1
102
RTVSPost2010Prop47
 90
       50
102
RTVSPost2010PropOp47
 70
     1
102
RTVSPost2010Prop48
 90
       50
102
RTVSPost2010PropOp48
 70
     1
102
RTVSPost2010Prop49
280
     0
102
RTVSPost2010PropOp49
 70
     1
102
RTVSPost2010Prop50
 90
       50
102
RTVSPost2010PropOp50
 70
     1
102
RTVSPost2010Prop51ColorIndex
 90
      256
102
RTVSPost2010Prop51ColorRGB
 90
-16777216
102
RTVSPost2010PropOp51
 70
     0
102
RTVSPost2010Prop52
140
1.0
102
RTVSPost2010PropOp52
 70
     0
102
RTVSPost2010Prop53
 90
        2
102
RTVSPost2010PropOp53
 70
     1
102
RTVSPost2010Prop54
  1
strokes_ogs.tif
102
RTVSPost2010PropOp54
 70
     1
102
RTVSPost2010Prop55
280
     0
102
RTVSPost2010PropOp55
 70
     1
102
RTVSPost2010Prop56
140
1.0
102
RTVSPost2010PropOp56
 70
     1
102
RTVSPost2010Prop57
140
1.0
102
RTVSPost2010PropOp57
 70
     1
  0
XRECORD
  5
406
102
{ACAD_REACTORS
330
405
102
}
330
405
100
AcDbXrecord
280
     1
102
RTVSPropertyOp0
 70
     0
102
RTVSPropertyOp1
 70
     0
102
RTVSPropertyOp2
 70
     0
102
RTVSPropertyOp3
 70
     0
102
RTVSPropertyOp4
 70
     0
102
RTVSPropertyOp5
 70
     0
102
RTVSPropertyOp6
 70
     0
102
RTVSPropertyOp7
 70
     0
102
RTVSPropertyOp8
 70
     0
102
RTVSPropertyOp9
 70
     0
102
RTVSPropertyOp10
 70
     0
102
RTVSPropertyOp11
 70
     0
102
RTVSPropertyOp12
 70
     0
102
RTVSPropertyOp13
 70
     0
102
RTVSPropertyOp14
 70
     2
102
RTVSPropertyOp15
 70
     0
102
RTVSPropertyOp16
 70
     0
102
RTVSPropertyOp17
 70
     0
102
RTVSPropertyOp18
 70
     0
102
RTVSPropertyOp19
 70
     0
102
RTVSPropertyOp20
 70
     0
102
RTVSPropertyOp21
 70
     0
102
RTVSPropertyOp22
 70
     0
102
RTVSPropertyOp23
 70
     0
102
RTVSPropertyOp24
 70
     0
102
RTVSPropertyOp25
 70
     0
102
RTVSPropertyOp26
 70
     0
102
RTVSPropertyOp27
 70
     0
102
RTVSPropertyOp28
 70
     0
102
RTVSPropertyOp29
 70
     0
102
RTVSPropertyOp30
 70
     0
102
RTVSPropertyOp31
 70
     0
102
RTVSPropertyOp32
 70
     0
102
RTVSPropertyOp33
 70
     0
102
RTVSPropertyOp34
 70
     0
102
RTVSPropertyOp35
 70
     0
102
RTVSPropertyOp36
 70
     0
102
RTVSPropertyOp37
 70
     0
102
RTVSPropertyOp38
 70
     0
102
RTVSPropertyOp39
 70
     0
102
RTVSPropertyOp40
 70
     0
102
RTVSPropertyOp41
 70
     0
102
RTVSPropertyOp42
 70
     0
102
RTVSPropertyOp43
 70
     0
102
RTVSPropertyOp44
 70
     0
102
RTVSPropertyOp45
 70
     0
102
RTVSPropertyOp46
 70
     0
102
RTVSPropertyOp47
 70
     0
102
RTVSPropertyOp48
 70
     0
102
RTVSPropertyOp49
 70
     0
102
RTVSPropertyOp50
 70
     0
102
RTVSPropertyOp51
 70
     0
102
RTVSPropertyOp52
 70
     0
102
RTVSPropertyOp53
 70
     0
102
RTVSPropertyOp54
 70
     0
102
RTVSPropertyOp55
 70
     0
102
RTVSPropertyOp56
 70
     0
102
RTVSPropertyOp57
 70
     0
102
RTVSPost2010Prop28
280
     0
102
RTVSPost2010PropOp28
 70
     0
102
RTVSPost2010Prop29
280
     1
102
RTVSPost2010PropOp29
 70
     0
102
RTVSPost2010Prop30
280
     1
102
RTVSPost2010PropOp30
 70
     0
102
RTVSPost2010Prop31
280
     0
102
RTVSPost2010PropOp31
 70
     0
102
RTVSPost2010Prop32
280
     0
102
RTVSPost2010PropOp32
 70
     0
102
RTVSPost2010Prop33
280
     0
102
RTVSPost2010PropOp33
 70
     0
102
RTVSPost2010Prop34
280
     0
102
RTVSPost2010PropOp34
 70
     0
102
RTVSPost2010Prop35
280
     0
102
RTVSPost2010PropOp35
 70
     0
102
RTVSPost2010Prop36
280
     0
102
RTVSPost2010PropOp36
 70
     0
102
RTVSPost2010Prop37
 90
       50
102
RTVSPost2010PropOp37
 70
     0
102
RTVSPost2010Prop38
140
0.0
102
RTVSPost2010PropOp38
 70
     0
102
RTVSPost2010Prop39
140
1.0
102
RTVSPost2010PropOp39
 70
     0
102
RTVSPost2010Prop40
 90
        0
102
RTVSPost2010PropOp40
 70
     0
102
RTVSPost2010Prop41ColorIndex
 90
       18
102
RTVSPost2010Prop41ColorRGB
 90
        0
102
RTVSPost2010PropOp41
 70
     0
102
RTVSPost2010Prop42
 90
       50
102
RTVSPost2010PropOp42
 70
     0
102
RTVSPost2010Prop43
 90
        3
102
RTVSPost2010PropOp43
 70
     0
102
RTVSPost2010Prop44ColorIndex
 90
        5
102
RTVSPost2010Prop44ColorRGB
 90
      255
102
RTVSPost2010PropOp44
 70
     0
102
RTVSPost2010Prop45
280
     0
102
RTVSPost2010PropOp45
 70
     0
102
RTVSPost2010Prop46
 90
       50
102
RTVSPost2010PropOp46
 70
     0
102
RTVSPost2010Prop47
 90
       50
102
RTVSPost2010PropOp47
 70
     0
102
RTVSPost2010Prop48
 90
       50
102
RTVSPost2010PropOp48
 70
     0
102
RTVSPost2010Prop49
280
     0
102
RTVSPost2010PropOp49
 70
     0
102
RTVSPost2010Prop50
 90
       50
102
RTVSPost2010PropOp50
 70
     0
102
RTVSPost2010Prop51ColorIndex
 90
      256
102
RTVSPost2010Prop51ColorRGB
 90
-16777216
102
RTVSPost2010PropOp51
 70
     0
102
RTVSPost2010Prop52
140
1.0
102
RTVSPost2010PropOp52
 70
     0
102
RTVSPost2010Prop53
 90
        2
102
RTVSPost2010PropOp53
 70
     0
102
RTVSPost2010Prop54
  1
strokes_ogs.tif
102
RTVSPost2010PropOp54
 70
     0
102
RTVSPost2010Prop55
280
     0
102
RTVSPost2010PropOp55
 70
     0
102
RTVSPost2010Prop56
140
1.0
102
RTVSPost2010PropOp56
 70
     0
102
RTVSPost2010Prop57
140
1.0
102
RTVSPost2010PropOp57
 70
     0
  0
XRECORD
  5
3F4
102
{ACAD_REACTORS
330
3F3
102
}
330
3F3
100
AcDbXrecord
280
     1
102
RTVSPropertyOp0
 70
     1
102
RTVSPropertyOp1
 70
     1
102
RTVSPropertyOp2
 70
     1
102
RTVSPropertyOp3
 70
     1
102
RTVSPropertyOp4
 70
     1
102
RTVSPropertyOp5
 70
     1
102
RTVSPropertyOp6
 70
     1
102
RTVSPropertyOp7
 70
     1
102
RTVSPropertyOp8
 70
     1
102
RTVSPropertyOp9
 70
     1
102
RTVSPropertyOp10
 70
     1
102
RTVSPropertyOp11
 70
     1
102
RTVSPropertyOp12
 70
     1
102
RTVSPropertyOp13
 70
     1
102
RTVSPropertyOp14
 70
     1
102
RTVSPropertyOp15
 70
     1
102
RTVSPropertyOp16
 70
     1
102
RTVSPropertyOp17
 70
     1
102
RTVSPropertyOp18
 70
     1
102
RTVSPropertyOp19
 70
     1
102
RTVSPropertyOp20
 70
     1
102
RTVSPropertyOp21
 70
     1
102
RTVSPropertyOp22
 70
     1
102
RTVSPropertyOp23
 70
     1
102
RTVSPropertyOp24
 70
     1
102
RTVSPropertyOp25
 70
     1
102
RTVSPropertyOp26
 70
     1
102
RTVSPropertyOp27
 70
     1
102
RTVSPropertyOp28
 70
     1
102
RTVSPropertyOp29
 70
     1
102
RTVSPropertyOp30
 70
     1
102
RTVSPropertyOp31
 70
     1
102
RTVSPropertyOp32
 70
     1
102
RTVSPropertyOp33
 70
     1
102
RTVSPropertyOp34
 70
     1
102
RTVSPropertyOp35
 70
     1
102
RTVSPropertyOp36
 70
     1
102
RTVSPropertyOp37
 70
     1
102
RTVSPropertyOp38
 70
     1
102
RTVSPropertyOp39
 70
     1
102
RTVSPropertyOp40
 70
     1
102
RTVSPropertyOp41
 70
     1
102
RTVSPropertyOp42
 70
     1
102
RTVSPropertyOp43
 70
     1
102
RTVSPropertyOp44
 70
     1
102
RTVSPropertyOp45
 70
     1
102
RTVSPropertyOp46
 70
     1
102
RTVSPropertyOp47
 70
     1
102
RTVSPropertyOp48
 70
     1
102
RTVSPropertyOp49
 70
     1
102
RTVSPropertyOp50
 70
     1
102
RTVSPropertyOp51
 70
     0
102
RTVSPropertyOp52
 70
     0
102
RTVSPropertyOp53
 70
     1
102
RTVSPropertyOp54
 70
     1
102
RTVSPropertyOp55
 70
     1
102
RTVSPropertyOp56
 70
     1
102
RTVSPropertyOp57
 70
     1
102
RTVSPost2010Prop28
280
     0
102
RTVSPost2010PropOp28
 70
     1
102
RTVSPost2010Prop29
280
     1
102
RTVSPost2010PropOp29
 70
     1
102
RTVSPost2010Prop30
280
     1
102
RTVSPost2010PropOp30
 70
     1
102
RTVSPost2010Prop31
280
     0
102
RTVSPost2010PropOp31
 70
     1
102
RTVSPost2010Prop32
280
     0
102
RTVSPost2010PropOp32
 70
     1
102
RTVSPost2010Prop33
280
     0
102
RTVSPost2010PropOp33
 70
     1
102
RTVSPost2010Prop34
280
     0
102
RTVSPost2010PropOp34
 70
     1
102
RTVSPost2010Prop35
280
     0
102
RTVSPost2010PropOp35
 70
     1
102
RTVSPost2010Prop36
280
     0
102
RTVSPost2010PropOp36
 70
     1
102
RTVSPost2010Prop37
 90
       50
102
RTVSPost2010PropOp37
 70
     1
102
RTVSPost2010Prop38
140
0.0
102
RTVSPost2010PropOp38
 70
     1
102
RTVSPost2010Prop39
140
1.0
102
RTVSPost2010PropOp39
 70
     1
102
RTVSPost2010Prop40
 90
        0
102
RTVSPost2010PropOp40
 70
     1
102
RTVSPost2010Prop41ColorIndex
 90
       18
102
RTVSPost2010Prop41ColorRGB
 90
        0
102
RTVSPost2010PropOp41
 70
     1
102
RTVSPost2010Prop42
 90
       50
102
RTVSPost2010PropOp42
 70
     1
102
RTVSPost2010Prop43
 90
        3
102
RTVSPost2010PropOp43
 70
     1
102
RTVSPost2010Prop44ColorIndex
 90
        5
102
RTVSPost2010Prop44ColorRGB
 90
      255
102
RTVSPost2010PropOp44
 70
     1
102
RTVSPost2010Prop45
280
     0
102
RTVSPost2010PropOp45
 70
     1
102
RTVSPost2010Prop46
 90
       50
102
RTVSPost2010PropOp46
 70
     1
102
RTVSPost2010Prop47
 90
       50
102
RTVSPost2010PropOp47
 70
     1
102
RTVSPost2010Prop48
 90
       50
102
RTVSPost2010PropOp48
 70
     1
102
RTVSPost2010Prop49
280
     0
102
RTVSPost2010PropOp49
 70
     1
102
RTVSPost2010Prop50
 90
       50
102
RTVSPost2010PropOp50
 70
     1
102
RTVSPost2010Prop51ColorIndex
 90
      256
102
RTVSPost2010Prop51ColorRGB
 90
-16777216
102
RTVSPost2010PropOp51
 70
     0
102
RTVSPost2010Prop52
140
1.0
102
RTVSPost2010PropOp52
 70
     0
102
RTVSPost2010Prop53
 90
        2
102
RTVSPost2010PropOp53
 70
     1
102
RTVSPost2010Prop54
  1
strokes_ogs.tif
102
RTVSPost2010PropOp54
 70
     1
102
RTVSPost2010Prop55
280
     0
102
RTVSPost2010PropOp55
 70
     1
102
RTVSPost2010Prop56
140
1.0
102
RTVSPost2010PropOp56
 70
     1
102
RTVSPost2010Prop57
140
1.0
102
RTVSPost2010PropOp57
 70
     1
  0
XRECORD
  5
412
102
{ACAD_REACTORS
330
411
102
}
330
411
100
AcDbXrecord
280
     1
102
RTVSPropertyOp0
 70
     1
102
RTVSPropertyOp1
 70
     1
102
RTVSPropertyOp2
 70
     1
102
RTVSPropertyOp3
 70
     1
102
RTVSPropertyOp4
 70
     1
102
RTVSPropertyOp5
 70
     1
102
RTVSPropertyOp6
 70
     1
102
RTVSPropertyOp7
 70
     1
102
RTVSPropertyOp8
 70
     1
102
RTVSPropertyOp9
 70
     1
102
RTVSPropertyOp10
 70
     1
102
RTVSPropertyOp11
 70
     1
102
RTVSPropertyOp12
 70
     1
102
RTVSPropertyOp13
 70
     1
102
RTVSPropertyOp14
 70
     1
102
RTVSPropertyOp15
 70
     1
102
RTVSPropertyOp16
 70
     1
102
RTVSPropertyOp17
 70
     1
102
RTVSPropertyOp18
 70
     1
102
RTVSPropertyOp19
 70
     1
102
RTVSPropertyOp20
 70
     1
102
RTVSPropertyOp21
 70
     1
102
RTVSPropertyOp22
 70
     1
102
RTVSPropertyOp23
 70
     1
102
RTVSPropertyOp24
 70
     1
102
RTVSPropertyOp25
 70
     1
102
RTVSPropertyOp26
 70
     1
102
RTVSPropertyOp27
 70
     1
102
RTVSPropertyOp28
 70
     1
102
RTVSPropertyOp29
 70
     1
102
RTVSPropertyOp30
 70
     1
102
RTVSPropertyOp31
 70
     1
102
RTVSPropertyOp32
 70
     1
102
RTVSPropertyOp33
 70
     1
102
RTVSPropertyOp34
 70
     1
102
RTVSPropertyOp35
 70
     1
102
RTVSPropertyOp36
 70
     1
102
RTVSPropertyOp37
 70
     1
102
RTVSPropertyOp38
 70
     1
102
RTVSPropertyOp39
 70
     1
102
RTVSPropertyOp40
 70
     1
102
RTVSPropertyOp41
 70
     1
102
RTVSPropertyOp42
 70
     1
102
RTVSPropertyOp43
 70
     1
102
RTVSPropertyOp44
 70
     1
102
RTVSPropertyOp45
 70
     1
102
RTVSPropertyOp46
 70
     1
102
RTVSPropertyOp47
 70
     1
102
RTVSPropertyOp48
 70
     1
102
RTVSPropertyOp49
 70
     1
102
RTVSPropertyOp50
 70
     1
102
RTVSPropertyOp51
 70
     0
102
RTVSPropertyOp52
 70
     0
102
RTVSPropertyOp53
 70
     1
102
RTVSPropertyOp54
 70
     1
102
RTVSPropertyOp55
 70
     1
102
RTVSPropertyOp56
 70
     1
102
RTVSPropertyOp57
 70
     1
102
RTVSPost2010Prop28
280
     0
102
RTVSPost2010PropOp28
 70
     1
102
RTVSPost2010Prop29
280
     1
102
RTVSPost2010PropOp29
 70
     1
102
RTVSPost2010Prop30
280
     1
102
RTVSPost2010PropOp30
 70
     1
102
RTVSPost2010Prop31
280
     0
102
RTVSPost2010PropOp31
 70
     1
102
RTVSPost2010Prop32
280
     0
102
RTVSPost2010PropOp32
 70
     1
102
RTVSPost2010Prop33
280
     0
102
RTVSPost2010PropOp33
 70
     1
102
RTVSPost2010Prop34
280
     0
102
RTVSPost2010PropOp34
 70
     1
102
RTVSPost2010Prop35
280
     0
102
RTVSPost2010PropOp35
 70
     1
102
RTVSPost2010Prop36
280
     0
102
RTVSPost2010PropOp36
 70
     1
102
RTVSPost2010Prop37
 90
       50
102
RTVSPost2010PropOp37
 70
     1
102
RTVSPost2010Prop38
140
0.0
102
RTVSPost2010PropOp38
 70
     1
102
RTVSPost2010Prop39
140
1.0
102
RTVSPost2010PropOp39
 70
     1
102
RTVSPost2010Prop40
 90
        0
102
RTVSPost2010PropOp40
 70
     1
102
RTVSPost2010Prop41ColorIndex
 90
       18
102
RTVSPost2010Prop41ColorRGB
 90
        0
102
RTVSPost2010PropOp41
 70
     1
102
RTVSPost2010Prop42
 90
       50
102
RTVSPost2010PropOp42
 70
     1
102
RTVSPost2010Prop43
 90
        3
102
RTVSPost2010PropOp43
 70
     1
102
RTVSPost2010Prop44ColorIndex
 90
        5
102
RTVSPost2010Prop44ColorRGB
 90
      255
102
RTVSPost2010PropOp44
 70
     1
102
RTVSPost2010Prop45
280
     0
102
RTVSPost2010PropOp45
 70
     1
102
RTVSPost2010Prop46
 90
       50
102
RTVSPost2010PropOp46
 70
     1
102
RTVSPost2010Prop47
 90
       50
102
RTVSPost2010PropOp47
 70
     1
102
RTVSPost2010Prop48
 90
       50
102
RTVSPost2010PropOp48
 70
     1
102
RTVSPost2010Prop49
280
     0
102
RTVSPost2010PropOp49
 70
     1
102
RTVSPost2010Prop50
 90
       50
102
RTVSPost2010PropOp50
 70
     1
102
RTVSPost2010Prop51ColorIndex
 90
      256
102
RTVSPost2010Prop51ColorRGB
 90
-16777216
102
RTVSPost2010PropOp51
 70
     0
102
RTVSPost2010Prop52
140
1.0
102
RTVSPost2010PropOp52
 70
     0
102
RTVSPost2010Prop53
 90
        2
102
RTVSPost2010PropOp53
 70
     1
102
RTVSPost2010Prop54
  1
strokes_ogs.tif
102
RTVSPost2010PropOp54
 70
     1
102
RTVSPost2010Prop55
280
     0
102
RTVSPost2010PropOp55
 70
     1
102
RTVSPost2010Prop56
140
1.0
102
RTVSPost2010PropOp56
 70
     1
102
RTVSPost2010Prop57
140
1.0
102
RTVSPost2010PropOp57
 70
     1
  0
XRECORD
  5
410
102
{ACAD_REACTORS
330
40F
102
}
330
40F
100
AcDbXrecord
280
     1
102
RTVSPropertyOp0
 70
     1
102
RTVSPropertyOp1
 70
     1
102
RTVSPropertyOp2
 70
     1
102
RTVSPropertyOp3
 70
     1
102
RTVSPropertyOp4
 70
     1
102
RTVSPropertyOp5
 70
     1
102
RTVSPropertyOp6
 70
     1
102
RTVSPropertyOp7
 70
     1
102
RTVSPropertyOp8
 70
     1
102
RTVSPropertyOp9
 70
     1
102
RTVSPropertyOp10
 70
     1
102
RTVSPropertyOp11
 70
     1
102
RTVSPropertyOp12
 70
     1
102
RTVSPropertyOp13
 70
     1
102
RTVSPropertyOp14
 70
     1
102
RTVSPropertyOp15
 70
     1
102
RTVSPropertyOp16
 70
     1
102
RTVSPropertyOp17
 70
     1
102
RTVSPropertyOp18
 70
     1
102
RTVSPropertyOp19
 70
     1
102
RTVSPropertyOp20
 70
     1
102
RTVSPropertyOp21
 70
     1
102
RTVSPropertyOp22
 70
     1
102
RTVSPropertyOp23
 70
     1
102
RTVSPropertyOp24
 70
     1
102
RTVSPropertyOp25
 70
     1
102
RTVSPropertyOp26
 70
     1
102
RTVSPropertyOp27
 70
     1
102
RTVSPropertyOp28
 70
     1
102
RTVSPropertyOp29
 70
     1
102
RTVSPropertyOp30
 70
     1
102
RTVSPropertyOp31
 70
     1
102
RTVSPropertyOp32
 70
     1
102
RTVSPropertyOp33
 70
     1
102
RTVSPropertyOp34
 70
     1
102
RTVSPropertyOp35
 70
     1
102
RTVSPropertyOp36
 70
     1
102
RTVSPropertyOp37
 70
     1
102
RTVSPropertyOp38
 70
     1
102
RTVSPropertyOp39
 70
     1
102
RTVSPropertyOp40
 70
     1
102
RTVSPropertyOp41
 70
     1
102
RTVSPropertyOp42
 70
     1
102
RTVSPropertyOp43
 70
     1
102
RTVSPropertyOp44
 70
     1
102
RTVSPropertyOp45
 70
     1
102
RTVSPropertyOp46
 70
     1
102
RTVSPropertyOp47
 70
     1
102
RTVSPropertyOp48
 70
     1
102
RTVSPropertyOp49
 70
     1
102
RTVSPropertyOp50
 70
     1
102
RTVSPropertyOp51
 70
     0
102
RTVSPropertyOp52
 70
     0
102
RTVSPropertyOp53
 70
     1
102
RTVSPropertyOp54
 70
     1
102
RTVSPropertyOp55
 70
     1
102
RTVSPropertyOp56
 70
     1
102
RTVSPropertyOp57
 70
     1
102
RTVSPost2010Prop28
280
     0
102
RTVSPost2010PropOp28
 70
     1
102
RTVSPost2010Prop29
280
     1
102
RTVSPost2010PropOp29
 70
     1
102
RTVSPost2010Prop30
280
     1
102
RTVSPost2010PropOp30
 70
     1
102
RTVSPost2010Prop31
280
     0
102
RTVSPost2010PropOp31
 70
     1
102
RTVSPost2010Prop32
280
     0
102
RTVSPost2010PropOp32
 70
     1
102
RTVSPost2010Prop33
280
     0
102
RTVSPost2010PropOp33
 70
     1
102
RTVSPost2010Prop34
280
     0
102
RTVSPost2010PropOp34
 70
     1
102
RTVSPost2010Prop35
280
     0
102
RTVSPost2010PropOp35
 70
     1
102
RTVSPost2010Prop36
280
     0
102
RTVSPost2010PropOp36
 70
     1
102
RTVSPost2010Prop37
 90
       50
102
RTVSPost2010PropOp37
 70
     1
102
RTVSPost2010Prop38
140
0.0
102
RTVSPost2010PropOp38
 70
     1
102
RTVSPost2010Prop39
140
1.0
102
RTVSPost2010PropOp39
 70
     1
102
RTVSPost2010Prop40
 90
        0
102
RTVSPost2010PropOp40
 70
     1
102
RTVSPost2010Prop41ColorIndex
 90
       18
102
RTVSPost2010Prop41ColorRGB
 90
        0
102
RTVSPost2010PropOp41
 70
     1
102
RTVSPost2010Prop42
 90
       50
102
RTVSPost2010PropOp42
 70
     1
102
RTVSPost2010Prop43
 90
        3
102
RTVSPost2010PropOp43
 70
     1
102
RTVSPost2010Prop44ColorIndex
 90
        5
102
RTVSPost2010Prop44ColorRGB
 90
      255
102
RTVSPost2010PropOp44
 70
     1
102
RTVSPost2010Prop45
280
     0
102
RTVSPost2010PropOp45
 70
     1
102
RTVSPost2010Prop46
 90
       50
102
RTVSPost2010PropOp46
 70
     1
102
RTVSPost2010Prop47
 90
       50
102
RTVSPost2010PropOp47
 70
     1
102
RTVSPost2010Prop48
 90
       50
102
RTVSPost2010PropOp48
 70
     1
102
RTVSPost2010Prop49
280
     0
102
RTVSPost2010PropOp49
 70
     1
102
RTVSPost2010Prop50
 90
       50
102
RTVSPost2010PropOp50
 70
     1
102
RTVSPost2010Prop51ColorIndex
 90
      256
102
RTVSPost2010Prop51ColorRGB
 90
-16777216
102
RTVSPost2010PropOp51
 70
     0
102
RTVSPost2010Prop52
140
1.0
102
RTVSPost2010PropOp52
 70
     0
102
RTVSPost2010Prop53
 90
        2
102
RTVSPost2010PropOp53
 70
     1
102
RTVSPost2010Prop54
  1
strokes_ogs.tif
102
RTVSPost2010PropOp54
 70
     1
102
RTVSPost2010Prop55
280
     0
102
RTVSPost2010PropOp55
 70
     1
102
RTVSPost2010Prop56
140
1.0
102
RTVSPost2010PropOp56
 70
     1
102
RTVSPost2010Prop57
140
1.0
102
RTVSPost2010PropOp57
 70
     1
  0
XRECORD
  5
40A
102
{ACAD_REACTORS
330
409
102
}
330
409
100
AcDbXrecord
280
     1
102
RTVSPropertyOp0
 70
     1
102
RTVSPropertyOp1
 70
     1
102
RTVSPropertyOp2
 70
     1
102
RTVSPropertyOp3
 70
     1
102
RTVSPropertyOp4
 70
     1
102
RTVSPropertyOp5
 70
     1
102
RTVSPropertyOp6
 70
     1
102
RTVSPropertyOp7
 70
     1
102
RTVSPropertyOp8
 70
     1
102
RTVSPropertyOp9
 70
     1
102
RTVSPropertyOp10
 70
     1
102
RTVSPropertyOp11
 70
     1
102
RTVSPropertyOp12
 70
     1
102
RTVSPropertyOp13
 70
     1
102
RTVSPropertyOp14
 70
     1
102
RTVSPropertyOp15
 70
     1
102
RTVSPropertyOp16
 70
     1
102
RTVSPropertyOp17
 70
     1
102
RTVSPropertyOp18
 70
     1
102
RTVSPropertyOp19
 70
     1
102
RTVSPropertyOp20
 70
     1
102
RTVSPropertyOp21
 70
     1
102
RTVSPropertyOp22
 70
     1
102
RTVSPropertyOp23
 70
     1
102
RTVSPropertyOp24
 70
     1
102
RTVSPropertyOp25
 70
     1
102
RTVSPropertyOp26
 70
     1
102
RTVSPropertyOp27
 70
     1
102
RTVSPropertyOp28
 70
     1
102
RTVSPropertyOp29
 70
     1
102
RTVSPropertyOp30
 70
     1
102
RTVSPropertyOp31
 70
     1
102
RTVSPropertyOp32
 70
     1
102
RTVSPropertyOp33
 70
     1
102
RTVSPropertyOp34
 70
     1
102
RTVSPropertyOp35
 70
     1
102
RTVSPropertyOp36
 70
     1
102
RTVSPropertyOp37
 70
     1
102
RTVSPropertyOp38
 70
     1
102
RTVSPropertyOp39
 70
     1
102
RTVSPropertyOp40
 70
     1
102
RTVSPropertyOp41
 70
     1
102
RTVSPropertyOp42
 70
     1
102
RTVSPropertyOp43
 70
     1
102
RTVSPropertyOp44
 70
     1
102
RTVSPropertyOp45
 70
     1
102
RTVSPropertyOp46
 70
     1
102
RTVSPropertyOp47
 70
     1
102
RTVSPropertyOp48
 70
     1
102
RTVSPropertyOp49
 70
     1
102
RTVSPropertyOp50
 70
     1
102
RTVSPropertyOp51
 70
     0
102
RTVSPropertyOp52
 70
     0
102
RTVSPropertyOp53
 70
     1
102
RTVSPropertyOp54
 70
     1
102
RTVSPropertyOp55
 70
     1
102
RTVSPropertyOp56
 70
     1
102
RTVSPropertyOp57
 70
     1
102
RTVSPost2010Prop28
280
     0
102
RTVSPost2010PropOp28
 70
     1
102
RTVSPost2010Prop29
280
     1
102
RTVSPost2010PropOp29
 70
     1
102
RTVSPost2010Prop30
280
     1
102
RTVSPost2010PropOp30
 70
     1
102
RTVSPost2010Prop31
280
     0
102
RTVSPost2010PropOp31
 70
     1
102
RTVSPost2010Prop32
280
     0
102
RTVSPost2010PropOp32
 70
     1
102
RTVSPost2010Prop33
280
     0
102
RTVSPost2010PropOp33
 70
     1
102
RTVSPost2010Prop34
280
     0
102
RTVSPost2010PropOp34
 70
     1
102
RTVSPost2010Prop35
280
     0
102
RTVSPost2010PropOp35
 70
     1
102
RTVSPost2010Prop36
280
     0
102
RTVSPost2010PropOp36
 70
     1
102
RTVSPost2010Prop37
 90
       50
102
RTVSPost2010PropOp37
 70
     1
102
RTVSPost2010Prop38
140
0.0
102
RTVSPost2010PropOp38
 70
     1
102
RTVSPost2010Prop39
140
1.0
102
RTVSPost2010PropOp39
 70
     1
102
RTVSPost2010Prop40
 90
        0
102
RTVSPost2010PropOp40
 70
     1
102
RTVSPost2010Prop41ColorIndex
 90
       18
102
RTVSPost2010Prop41ColorRGB
 90
        0
102
RTVSPost2010PropOp41
 70
     1
102
RTVSPost2010Prop42
 90
       50
102
RTVSPost2010PropOp42
 70
     1
102
RTVSPost2010Prop43
 90
        3
102
RTVSPost2010PropOp43
 70
     1
102
RTVSPost2010Prop44ColorIndex
 90
        5
102
RTVSPost2010Prop44ColorRGB
 90
      255
102
RTVSPost2010PropOp44
 70
     1
102
RTVSPost2010Prop45
280
     0
102
RTVSPost2010PropOp45
 70
     1
102
RTVSPost2010Prop46
 90
       50
102
RTVSPost2010PropOp46
 70
     1
102
RTVSPost2010Prop47
 90
       50
102
RTVSPost2010PropOp47
 70
     1
102
RTVSPost2010Prop48
 90
       50
102
RTVSPost2010PropOp48
 70
     1
102
RTVSPost2010Prop49
280
     0
102
RTVSPost2010PropOp49
 70
     1
102
RTVSPost2010Prop50
 90
       50
102
RTVSPost2010PropOp50
 70
     1
102
RTVSPost2010Prop51ColorIndex
 90
      256
102
RTVSPost2010Prop51ColorRGB
 90
-16777216
102
RTVSPost2010PropOp51
 70
     0
102
RTVSPost2010Prop52
140
1.0
102
RTVSPost2010PropOp52
 70
     0
102
RTVSPost2010Prop53
 90
        2
102
RTVSPost2010PropOp53
 70
     1
102
RTVSPost2010Prop54
  1
strokes_ogs.tif
102
RTVSPost2010PropOp54
 70
     1
102
RTVSPost2010Prop55
280
     0
102
RTVSPost2010PropOp55
 70
     1
102
RTVSPost2010Prop56
140
1.0
102
RTVSPost2010PropOp56
 70
     1
102
RTVSPost2010Prop57
140
1.0
102
RTVSPost2010PropOp57
 70
     1
  0
XRECORD
  5
40C
102
{ACAD_REACTORS
330
40B
102
}
330
40B
100
AcDbXrecord
280
     1
102
RTVSPropertyOp0
 70
     1
102
RTVSPropertyOp1
 70
     1
102
RTVSPropertyOp2
 70
     1
102
RTVSPropertyOp3
 70
     1
102
RTVSPropertyOp4
 70
     1
102
RTVSPropertyOp5
 70
     1
102
RTVSPropertyOp6
 70
     1
102
RTVSPropertyOp7
 70
     1
102
RTVSPropertyOp8
 70
     1
102
RTVSPropertyOp9
 70
     1
102
RTVSPropertyOp10
 70
     1
102
RTVSPropertyOp11
 70
     1
102
RTVSPropertyOp12
 70
     1
102
RTVSPropertyOp13
 70
     1
102
RTVSPropertyOp14
 70
     1
102
RTVSPropertyOp15
 70
     1
102
RTVSPropertyOp16
 70
     1
102
RTVSPropertyOp17
 70
     1
102
RTVSPropertyOp18
 70
     1
102
RTVSPropertyOp19
 70
     1
102
RTVSPropertyOp20
 70
     1
102
RTVSPropertyOp21
 70
     1
102
RTVSPropertyOp22
 70
     1
102
RTVSPropertyOp23
 70
     1
102
RTVSPropertyOp24
 70
     1
102
RTVSPropertyOp25
 70
     1
102
RTVSPropertyOp26
 70
     1
102
RTVSPropertyOp27
 70
     1
102
RTVSPropertyOp28
 70
     1
102
RTVSPropertyOp29
 70
     1
102
RTVSPropertyOp30
 70
     1
102
RTVSPropertyOp31
 70
     1
102
RTVSPropertyOp32
 70
     1
102
RTVSPropertyOp33
 70
     1
102
RTVSPropertyOp34
 70
     1
102
RTVSPropertyOp35
 70
     1
102
RTVSPropertyOp36
 70
     1
102
RTVSPropertyOp37
 70
     1
102
RTVSPropertyOp38
 70
     1
102
RTVSPropertyOp39
 70
     1
102
RTVSPropertyOp40
 70
     1
102
RTVSPropertyOp41
 70
     1
102
RTVSPropertyOp42
 70
     1
102
RTVSPropertyOp43
 70
     1
102
RTVSPropertyOp44
 70
     1
102
RTVSPropertyOp45
 70
     1
102
RTVSPropertyOp46
 70
     1
102
RTVSPropertyOp47
 70
     1
102
RTVSPropertyOp48
 70
     1
102
RTVSPropertyOp49
 70
     1
102
RTVSPropertyOp50
 70
     1
102
RTVSPropertyOp51
 70
     0
102
RTVSPropertyOp52
 70
     0
102
RTVSPropertyOp53
 70
     1
102
RTVSPropertyOp54
 70
     1
102
RTVSPropertyOp55
 70
     1
102
RTVSPropertyOp56
 70
     1
102
RTVSPropertyOp57
 70
     1
102
RTVSPost2010Prop28
280
     0
102
RTVSPost2010PropOp28
 70
     1
102
RTVSPost2010Prop29
280
     1
102
RTVSPost2010PropOp29
 70
     1
102
RTVSPost2010Prop30
280
     1
102
RTVSPost2010PropOp30
 70
     1
102
RTVSPost2010Prop31
280
     0
102
RTVSPost2010PropOp31
 70
     1
102
RTVSPost2010Prop32
280
     0
102
RTVSPost2010PropOp32
 70
     1
102
RTVSPost2010Prop33
280
     0
102
RTVSPost2010PropOp33
 70
     1
102
RTVSPost2010Prop34
280
     0
102
RTVSPost2010PropOp34
 70
     1
102
RTVSPost2010Prop35
280
     0
102
RTVSPost2010PropOp35
 70
     1
102
RTVSPost2010Prop36
280
     0
102
RTVSPost2010PropOp36
 70
     1
102
RTVSPost2010Prop37
 90
       50
102
RTVSPost2010PropOp37
 70
     1
102
RTVSPost2010Prop38
140
0.0
102
RTVSPost2010PropOp38
 70
     1
102
RTVSPost2010Prop39
140
1.0
102
RTVSPost2010PropOp39
 70
     1
102
RTVSPost2010Prop40
 90
        0
102
RTVSPost2010PropOp40
 70
     1
102
RTVSPost2010Prop41ColorIndex
 90
       18
102
RTVSPost2010Prop41ColorRGB
 90
        0
102
RTVSPost2010PropOp41
 70
     1
102
RTVSPost2010Prop42
 90
       50
102
RTVSPost2010PropOp42
 70
     1
102
RTVSPost2010Prop43
 90
        3
102
RTVSPost2010PropOp43
 70
     1
102
RTVSPost2010Prop44ColorIndex
 90
        5
102
RTVSPost2010Prop44ColorRGB
 90
      255
102
RTVSPost2010PropOp44
 70
     1
102
RTVSPost2010Prop45
280
     0
102
RTVSPost2010PropOp45
 70
     1
102
RTVSPost2010Prop46
 90
       50
102
RTVSPost2010PropOp46
 70
     1
102
RTVSPost2010Prop47
 90
       50
102
RTVSPost2010PropOp47
 70
     1
102
RTVSPost2010Prop48
 90
       50
102
RTVSPost2010PropOp48
 70
     1
102
RTVSPost2010Prop49
280
     0
102
RTVSPost2010PropOp49
 70
     1
102
RTVSPost2010Prop50
 90
       50
102
RTVSPost2010PropOp50
 70
     1
102
RTVSPost2010Prop51ColorIndex
 90
      256
102
RTVSPost2010Prop51ColorRGB
 90
-16777216
102
RTVSPost2010PropOp51
 70
     0
102
RTVSPost2010Prop52
140
1.0
102
RTVSPost2010PropOp52
 70
     0
102
RTVSPost2010Prop53
 90
        2
102
RTVSPost2010PropOp53
 70
     1
102
RTVSPost2010Prop54
  1
strokes_ogs.tif
102
RTVSPost2010PropOp54
 70
     1
102
RTVSPost2010Prop55
280
     0
102
RTVSPost2010PropOp55
 70
     1
102
RTVSPost2010Prop56
140
1.0
102
RTVSPost2010PropOp56
 70
     1
102
RTVSPost2010Prop57
140
1.0
102
RTVSPost2010PropOp57
 70
     1
  0
XRECORD
  5
3FC
102
{ACAD_REACTORS
330
3FB
102
}
330
3FB
100
AcDbXrecord
280
     1
102
RTVSPropertyOp0
 70
     1
102
RTVSPropertyOp1
 70
     1
102
RTVSPropertyOp2
 70
     1
102
RTVSPropertyOp3
 70
     1
102
RTVSPropertyOp4
 70
     1
102
RTVSPropertyOp5
 70
     1
102
RTVSPropertyOp6
 70
     1
102
RTVSPropertyOp7
 70
     1
102
RTVSPropertyOp8
 70
     1
102
RTVSPropertyOp9
 70
     1
102
RTVSPropertyOp10
 70
     1
102
RTVSPropertyOp11
 70
     1
102
RTVSPropertyOp12
 70
     1
102
RTVSPropertyOp13
 70
     1
102
RTVSPropertyOp14
 70
     1
102
RTVSPropertyOp15
 70
     1
102
RTVSPropertyOp16
 70
     1
102
RTVSPropertyOp17
 70
     1
102
RTVSPropertyOp18
 70
     1
102
RTVSPropertyOp19
 70
     1
102
RTVSPropertyOp20
 70
     1
102
RTVSPropertyOp21
 70
     1
102
RTVSPropertyOp22
 70
     1
102
RTVSPropertyOp23
 70
     1
102
RTVSPropertyOp24
 70
     1
102
RTVSPropertyOp25
 70
     1
102
RTVSPropertyOp26
 70
     1
102
RTVSPropertyOp27
 70
     1
102
RTVSPropertyOp28
 70
     1
102
RTVSPropertyOp29
 70
     1
102
RTVSPropertyOp30
 70
     1
102
RTVSPropertyOp31
 70
     1
102
RTVSPropertyOp32
 70
     1
102
RTVSPropertyOp33
 70
     1
102
RTVSPropertyOp34
 70
     1
102
RTVSPropertyOp35
 70
     1
102
RTVSPropertyOp36
 70
     1
102
RTVSPropertyOp37
 70
     1
102
RTVSPropertyOp38
 70
     1
102
RTVSPropertyOp39
 70
     1
102
RTVSPropertyOp40
 70
     1
102
RTVSPropertyOp41
 70
     1
102
RTVSPropertyOp42
 70
     1
102
RTVSPropertyOp43
 70
     1
102
RTVSPropertyOp44
 70
     1
102
RTVSPropertyOp45
 70
     1
102
RTVSPropertyOp46
 70
     1
102
RTVSPropertyOp47
 70
     1
102
RTVSPropertyOp48
 70
     1
102
RTVSPropertyOp49
 70
     1
102
RTVSPropertyOp50
 70
     1
102
RTVSPropertyOp51
 70
     0
102
RTVSPropertyOp52
 70
     0
102
RTVSPropertyOp53
 70
     1
102
RTVSPropertyOp54
 70
     1
102
RTVSPropertyOp55
 70
     1
102
RTVSPropertyOp56
 70
     1
102
RTVSPropertyOp57
 70
     1
102
RTVSPost2010Prop28
280
     0
102
RTVSPost2010PropOp28
 70
     1
102
RTVSPost2010Prop29
280
     1
102
RTVSPost2010PropOp29
 70
     1
102
RTVSPost2010Prop30
280
     1
102
RTVSPost2010PropOp30
 70
     1
102
RTVSPost2010Prop31
280
     0
102
RTVSPost2010PropOp31
 70
     1
102
RTVSPost2010Prop32
280
     0
102
RTVSPost2010PropOp32
 70
     1
102
RTVSPost2010Prop33
280
     0
102
RTVSPost2010PropOp33
 70
     1
102
RTVSPost2010Prop34
280
     0
102
RTVSPost2010PropOp34
 70
     1
102
RTVSPost2010Prop35
280
     0
102
RTVSPost2010PropOp35
 70
     1
102
RTVSPost2010Prop36
280
     0
102
RTVSPost2010PropOp36
 70
     1
102
RTVSPost2010Prop37
 90
       50
102
RTVSPost2010PropOp37
 70
     1
102
RTVSPost2010Prop38
140
0.0
102
RTVSPost2010PropOp38
 70
     1
102
RTVSPost2010Prop39
140
1.0
102
RTVSPost2010PropOp39
 70
     1
102
RTVSPost2010Prop40
 90
        0
102
RTVSPost2010PropOp40
 70
     1
102
RTVSPost2010Prop41ColorIndex
 90
       18
102
RTVSPost2010Prop41ColorRGB
 90
        0
102
RTVSPost2010PropOp41
 70
     1
102
RTVSPost2010Prop42
 90
       50
102
RTVSPost2010PropOp42
 70
     1
102
RTVSPost2010Prop43
 90
        3
102
RTVSPost2010PropOp43
 70
     1
102
RTVSPost2010Prop44ColorIndex
 90
        5
102
RTVSPost2010Prop44ColorRGB
 90
      255
102
RTVSPost2010PropOp44
 70
     1
102
RTVSPost2010Prop45
280
     0
102
RTVSPost2010PropOp45
 70
     1
102
RTVSPost2010Prop46
 90
       50
102
RTVSPost2010PropOp46
 70
     1
102
RTVSPost2010Prop47
 90
       50
102
RTVSPost2010PropOp47
 70
     1
102
RTVSPost2010Prop48
 90
       50
102
RTVSPost2010PropOp48
 70
     1
102
RTVSPost2010Prop49
280
     0
102
RTVSPost2010PropOp49
 70
     1
102
RTVSPost2010Prop50
 90
       50
102
RTVSPost2010PropOp50
 70
     1
102
RTVSPost2010Prop51ColorIndex
 90
      256
102
RTVSPost2010Prop51ColorRGB
 90
-16777216
102
RTVSPost2010PropOp51
 70
     0
102
RTVSPost2010Prop52
140
1.0
102
RTVSPost2010PropOp52
 70
     0
102
RTVSPost2010Prop53
 90
        2
102
RTVSPost2010PropOp53
 70
     1
102
RTVSPost2010Prop54
  1
strokes_ogs.tif
102
RTVSPost2010PropOp54
 70
     1
102
RTVSPost2010Prop55
280
     0
102
RTVSPost2010PropOp55
 70
     1
102
RTVSPost2010Prop56
140
1.0
102
RTVSPost2010PropOp56
 70
     1
102
RTVSPost2010Prop57
140
1.0
102
RTVSPost2010PropOp57
 70
     1
  0
XRECORD
  5
3EE
102
{ACAD_REACTORS
330
3ED
102
}
330
3ED
100
AcDbXrecord
280
     1
102
RTVSPropertyOp0
 70
     1
102
RTVSPropertyOp1
 70
     1
102
RTVSPropertyOp2
 70
     1
102
RTVSPropertyOp3
 70
     1
102
RTVSPropertyOp4
 70
     1
102
RTVSPropertyOp5
 70
     1
102
RTVSPropertyOp6
 70
     1
102
RTVSPropertyOp7
 70
     1
102
RTVSPropertyOp8
 70
     1
102
RTVSPropertyOp9
 70
     1
102
RTVSPropertyOp10
 70
     1
102
RTVSPropertyOp11
 70
     1
102
RTVSPropertyOp12
 70
     1
102
RTVSPropertyOp13
 70
     1
102
RTVSPropertyOp14
 70
     1
102
RTVSPropertyOp15
 70
     1
102
RTVSPropertyOp16
 70
     1
102
RTVSPropertyOp17
 70
     1
102
RTVSPropertyOp18
 70
     1
102
RTVSPropertyOp19
 70
     1
102
RTVSPropertyOp20
 70
     1
102
RTVSPropertyOp21
 70
     1
102
RTVSPropertyOp22
 70
     1
102
RTVSPropertyOp23
 70
     1
102
RTVSPropertyOp24
 70
     1
102
RTVSPropertyOp25
 70
     1
102
RTVSPropertyOp26
 70
     1
102
RTVSPropertyOp27
 70
     1
102
RTVSPropertyOp28
 70
     1
102
RTVSPropertyOp29
 70
     1
102
RTVSPropertyOp30
 70
     1
102
RTVSPropertyOp31
 70
     1
102
RTVSPropertyOp32
 70
     1
102
RTVSPropertyOp33
 70
     1
102
RTVSPropertyOp34
 70
     1
102
RTVSPropertyOp35
 70
     1
102
RTVSPropertyOp36
 70
     1
102
RTVSPropertyOp37
 70
     1
102
RTVSPropertyOp38
 70
     1
102
RTVSPropertyOp39
 70
     1
102
RTVSPropertyOp40
 70
     1
102
RTVSPropertyOp41
 70
     1
102
RTVSPropertyOp42
 70
     1
102
RTVSPropertyOp43
 70
     1
102
RTVSPropertyOp44
 70
     1
102
RTVSPropertyOp45
 70
     1
102
RTVSPropertyOp46
 70
     1
102
RTVSPropertyOp47
 70
     1
102
RTVSPropertyOp48
 70
     1
102
RTVSPropertyOp49
 70
     1
102
RTVSPropertyOp50
 70
     1
102
RTVSPropertyOp51
 70
     0
102
RTVSPropertyOp52
 70
     0
102
RTVSPropertyOp53
 70
     1
102
RTVSPropertyOp54
 70
     1
102
RTVSPropertyOp55
 70
     1
102
RTVSPropertyOp56
 70
     1
102
RTVSPropertyOp57
 70
     1
102
RTVSPost2010Prop28
280
     0
102
RTVSPost2010PropOp28
 70
     1
102
RTVSPost2010Prop29
280
     1
102
RTVSPost2010PropOp29
 70
     1
102
RTVSPost2010Prop30
280
     1
102
RTVSPost2010PropOp30
 70
     1
102
RTVSPost2010Prop31
280
     0
102
RTVSPost2010PropOp31
 70
     1
102
RTVSPost2010Prop32
280
     0
102
RTVSPost2010PropOp32
 70
     1
102
RTVSPost2010Prop33
280
     0
102
RTVSPost2010PropOp33
 70
     1
102
RTVSPost2010Prop34
280
     0
102
RTVSPost2010PropOp34
 70
     1
102
RTVSPost2010Prop35
280
     0
102
RTVSPost2010PropOp35
 70
     1
102
RTVSPost2010Prop36
280
     0
102
RTVSPost2010PropOp36
 70
     1
102
RTVSPost2010Prop37
 90
       50
102
RTVSPost2010PropOp37
 70
     1
102
RTVSPost2010Prop38
140
0.0
102
RTVSPost2010PropOp38
 70
     1
102
RTVSPost2010Prop39
140
1.0
102
RTVSPost2010PropOp39
 70
     1
102
RTVSPost2010Prop40
 90
        0
102
RTVSPost2010PropOp40
 70
     1
102
RTVSPost2010Prop41ColorIndex
 90
       18
102
RTVSPost2010Prop41ColorRGB
 90
        0
102
RTVSPost2010PropOp41
 70
     1
102
RTVSPost2010Prop42
 90
       50
102
RTVSPost2010PropOp42
 70
     1
102
RTVSPost2010Prop43
 90
        3
102
RTVSPost2010PropOp43
 70
     1
102
RTVSPost2010Prop44ColorIndex
 90
        5
102
RTVSPost2010Prop44ColorRGB
 90
      255
102
RTVSPost2010PropOp44
 70
     1
102
RTVSPost2010Prop45
280
     0
102
RTVSPost2010PropOp45
 70
     1
102
RTVSPost2010Prop46
 90
       50
102
RTVSPost2010PropOp46
 70
     1
102
RTVSPost2010Prop47
 90
       50
102
RTVSPost2010PropOp47
 70
     1
102
RTVSPost2010Prop48
 90
       50
102
RTVSPost2010PropOp48
 70
     1
102
RTVSPost2010Prop49
280
     0
102
RTVSPost2010PropOp49
 70
     1
102
RTVSPost2010Prop50
 90
       50
102
RTVSPost2010PropOp50
 70
     1
102
RTVSPost2010Prop51ColorIndex
 90
      256
102
RTVSPost2010Prop51ColorRGB
 90
-16777216
102
RTVSPost2010PropOp51
 70
     0
102
RTVSPost2010Prop52
140
1.0
102
RTVSPost2010PropOp52
 70
     0
102
RTVSPost2010Prop53
 90
        2
102
RTVSPost2010PropOp53
 70
     1
102
RTVSPost2010Prop54
  1
strokes_ogs.tif
102
RTVSPost2010PropOp54
 70
     1
102
RTVSPost2010Prop55
280
     0
102
RTVSPost2010PropOp55
 70
     1
102
RTVSPost2010Prop56
140
1.0
102
RTVSPost2010PropOp56
 70
     1
102
RTVSPost2010Prop57
140
1.0
102
RTVSPost2010PropOp57
 70
     1
  0
XRECORD
  5
40E
102
{ACAD_REACTORS
330
40D
102
}
330
40D
100
AcDbXrecord
280
     1
102
RTVSPropertyOp0
 70
     1
102
RTVSPropertyOp1
 70
     1
102
RTVSPropertyOp2
 70
     1
102
RTVSPropertyOp3
 70
     1
102
RTVSPropertyOp4
 70
     1
102
RTVSPropertyOp5
 70
     1
102
RTVSPropertyOp6
 70
     1
102
RTVSPropertyOp7
 70
     1
102
RTVSPropertyOp8
 70
     1
102
RTVSPropertyOp9
 70
     1
102
RTVSPropertyOp10
 70
     1
102
RTVSPropertyOp11
 70
     1
102
RTVSPropertyOp12
 70
     1
102
RTVSPropertyOp13
 70
     1
102
RTVSPropertyOp14
 70
     1
102
RTVSPropertyOp15
 70
     1
102
RTVSPropertyOp16
 70
     1
102
RTVSPropertyOp17
 70
     1
102
RTVSPropertyOp18
 70
     1
102
RTVSPropertyOp19
 70
     1
102
RTVSPropertyOp20
 70
     1
102
RTVSPropertyOp21
 70
     1
102
RTVSPropertyOp22
 70
     1
102
RTVSPropertyOp23
 70
     1
102
RTVSPropertyOp24
 70
     1
102
RTVSPropertyOp25
 70
     1
102
RTVSPropertyOp26
 70
     1
102
RTVSPropertyOp27
 70
     1
102
RTVSPropertyOp28
 70
     1
102
RTVSPropertyOp29
 70
     1
102
RTVSPropertyOp30
 70
     1
102
RTVSPropertyOp31
 70
     1
102
RTVSPropertyOp32
 70
     1
102
RTVSPropertyOp33
 70
     1
102
RTVSPropertyOp34
 70
     1
102
RTVSPropertyOp35
 70
     1
102
RTVSPropertyOp36
 70
     1
102
RTVSPropertyOp37
 70
     1
102
RTVSPropertyOp38
 70
     1
102
RTVSPropertyOp39
 70
     1
102
RTVSPropertyOp40
 70
     1
102
RTVSPropertyOp41
 70
     1
102
RTVSPropertyOp42
 70
     1
102
RTVSPropertyOp43
 70
     1
102
RTVSPropertyOp44
 70
     1
102
RTVSPropertyOp45
 70
     1
102
RTVSPropertyOp46
 70
     1
102
RTVSPropertyOp47
 70
     1
102
RTVSPropertyOp48
 70
     1
102
RTVSPropertyOp49
 70
     1
102
RTVSPropertyOp50
 70
     1
102
RTVSPropertyOp51
 70
     0
102
RTVSPropertyOp52
 70
     0
102
RTVSPropertyOp53
 70
     1
102
RTVSPropertyOp54
 70
     1
102
RTVSPropertyOp55
 70
     1
102
RTVSPropertyOp56
 70
     1
102
RTVSPropertyOp57
 70
     1
102
RTVSPost2010Prop28
280
     0
102
RTVSPost2010PropOp28
 70
     1
102
RTVSPost2010Prop29
280
     1
102
RTVSPost2010PropOp29
 70
     1
102
RTVSPost2010Prop30
280
     1
102
RTVSPost2010PropOp30
 70
     1
102
RTVSPost2010Prop31
280
     0
102
RTVSPost2010PropOp31
 70
     1
102
RTVSPost2010Prop32
280
     0
102
RTVSPost2010PropOp32
 70
     1
102
RTVSPost2010Prop33
280
     0
102
RTVSPost2010PropOp33
 70
     1
102
RTVSPost2010Prop34
280
     0
102
RTVSPost2010PropOp34
 70
     1
102
RTVSPost2010Prop35
280
     0
102
RTVSPost2010PropOp35
 70
     1
102
RTVSPost2010Prop36
280
     0
102
RTVSPost2010PropOp36
 70
     1
102
RTVSPost2010Prop37
 90
       50
102
RTVSPost2010PropOp37
 70
     1
102
RTVSPost2010Prop38
140
0.0
102
RTVSPost2010PropOp38
 70
     1
102
RTVSPost2010Prop39
140
1.0
102
RTVSPost2010PropOp39
 70
     1
102
RTVSPost2010Prop40
 90
        0
102
RTVSPost2010PropOp40
 70
     1
102
RTVSPost2010Prop41ColorIndex
 90
       18
102
RTVSPost2010Prop41ColorRGB
 90
        0
102
RTVSPost2010PropOp41
 70
     1
102
RTVSPost2010Prop42
 90
       50
102
RTVSPost2010PropOp42
 70
     1
102
RTVSPost2010Prop43
 90
        3
102
RTVSPost2010PropOp43
 70
     1
102
RTVSPost2010Prop44ColorIndex
 90
        5
102
RTVSPost2010Prop44ColorRGB
 90
      255
102
RTVSPost2010PropOp44
 70
     1
102
RTVSPost2010Prop45
280
     0
102
RTVSPost2010PropOp45
 70
     1
102
RTVSPost2010Prop46
 90
       50
102
RTVSPost2010PropOp46
 70
     1
102
RTVSPost2010Prop47
 90
       50
102
RTVSPost2010PropOp47
 70
     1
102
RTVSPost2010Prop48
 90
       50
102
RTVSPost2010PropOp48
 70
     1
102
RTVSPost2010Prop49
280
     0
102
RTVSPost2010PropOp49
 70
     1
102
RTVSPost2010Prop50
 90
       50
102
RTVSPost2010PropOp50
 70
     1
102
RTVSPost2010Prop51ColorIndex
 90
      256
102
RTVSPost2010Prop51ColorRGB
 90
-16777216
102
RTVSPost2010PropOp51
 70
     0
102
RTVSPost2010Prop52
140
1.0
102
RTVSPost2010PropOp52
 70
     0
102
RTVSPost2010Prop53
 90
        2
102
RTVSPost2010PropOp53
 70
     1
102
RTVSPost2010Prop54
  1
strokes_ogs.tif
102
RTVSPost2010PropOp54
 70
     1
102
RTVSPost2010Prop55
280
     0
102
RTVSPost2010PropOp55
 70
     1
102
RTVSPost2010Prop56
140
1.0
102
RTVSPost2010PropOp56
 70
     1
102
RTVSPost2010Prop57
140
1.0
102
RTVSPost2010PropOp57
 70
     1
  0
ENDSEC
  0
SECTION
  2
THUMBNAILIMAGE
 90
   263208
310
28000000000200000002000001000800000000000000000000000000000000000000000000000000FFFFFF000000FF0000FFFF0000FF0000FFFF0000FF000000FF00FF000000000080808000C0C0C0000000FF007F7FFF000000A5005252A50000007F003F3F7F0000004C0026264C000000260013132600003FFF007F9FFF
310
000029A5005267A500001F7F003F4F7F0000134C00262F4C000009260013172600007FFF007FBFFF000052A500527CA500003F7F003F5F7F0000264C0026394C0000132600131C260000BFFF007FDFFF00007CA5005291A500005F7F003F6F7F0000394C0026424C00001C26001321260000FFFF007FFFFF0000A5A50052A5
310
A500007F7F003F7F7F00004C4C00264C4C00002626001326260000FFBF007FFFDF0000A57C0052A59100007F5F003F7F6F00004C3900264C420000261C001326210000FF7F007FFFBF0000A5520052A57C00007F3F003F7F5F00004C2600264C39000026130013261C0000FF3F007FFF9F0000A5290052A56700007F1F003F
310
7F4F00004C1300264C2F00002609001326170000FF00007FFF7F0000A5000052A55200007F00003F7F3F00004C0000264C260000260000132613003FFF00009FFF7F0029A5000067A552001F7F00004F7F3F00134C00002F4C260009260000172613007FFF0000BFFF7F0052A500007CA552003F7F00005F7F3F00264C0000
310
394C2600132600001C261300BFFF0000DFFF7F007CA5000091A552005F7F00006F7F3F00394C0000424C26001C26000021261300FFFF0000FFFF7F00A5A50000A5A552007F7F00007F7F3F004C4C00004C4C26002626000026261300FFBF0000FFDF7F00A57C0000A59152007F5F00007F6F3F004C3900004C422600261C00
310
0026211300FF7F0000FFBF7F00A5520000A57C52007F3F00007F5F3F004C2600004C39260026130000261C1300FF3F0000FF9F7F00A5290000A56752007F1F00007F4F3F004C1300004C2F26002609000026171300FF000000FF7F7F00A5000000A55252007F0000007F3F3F004C0000004C2626002600000026131300FF00
310
3F00FF7F9F00A5002900A55267007F001F007F3F4F004C0013004C262F002600090026131700FF007F00FF7FBF00A5005200A5527C007F003F007F3F5F004C0026004C2639002600130026131C00FF00BF00FF7FDF00A5007C00A55291007F005F007F3F6F004C0039004C26420026001C0026132100FF00FF00FF7FFF00A5
310
00A500A552A5007F007F007F3F7F004C004C004C264C002600260026132600BF00FF00DF7FFF007C00A5009152A5005F007F006F3F7F0039004C0042264C001C002600211326007F00FF00BF7FFF005200A5007C52A5003F007F005F3F7F0026004C0039264C00130026001C1326003F00FF009F7FFF002900A5006752A500
310
1F007F004F3F7F0013004C002F264C000900260017132600000000002D2D2D005B5B5B0089898900B7B7B700B3B3B30000000000000000000000000000000000000000000000000000000000000000000000000000000000000000000000000000000000000000000000000000000000000000000000000000000000000000
310
00000000000000000000000000000000000000000000000000000000000000000000000000000000000000000000000000000000000000000000000000000000000000000000000000000000000000000000000000000000000000000000000000000000000000000000000000000000000000000000000000000000000000
310
00000000000000000000000000000000000000000000000000000000000000000000000000000000000000000000000000000000000000000000000000000000000000000000000000000000000000000000000000000000000000000000000000000000000000000000000000000000000000000000000000000000000000
310
00000000000000000000000000000000000000000000000000000000000000000000000000000000000000000000000000000000000000000000000000000000000000000000000000000000000000000000000000000000000000000000000000000000000000000000000000000000000000000000000000000000000000
310
00000000000000000000000000000000000000000000000000000000000000000000000000000000000000000000000000000000000000000000000000000000000000000000000000000000000000000000000000000000000000000000000000000000000000000000000000000000000000000000000000000000000000
310
00000000000000000000000000000000000000000000000000000000000000000000000000000000000000000000000000000000000000000000000000000000000000000000000000000000000000000000000000000000000000000000000000000000000000000000000000000000000000000000000000000000000000
310
00000000000000000000000000000000000000000000000000000000000000000000000000000000000000000000000000000000000000000000000000000000000000000000000000000000000000000000000000000000000000000000000000000000000000000000000000000000000000000000000000000000000000
310
00000000000000000000000000000000000000000000000000000000000000000000000000000000000000000000000000000000000000000000000000000000000000000000000000000000000000000000000000000000000000000000000000000000000000000000000000000000000000000000000000000000000000
310
00000000000000000000000000000000000000000000000000000000000000000000000000000000000000000000000000000000000000000000000000000000000000000000000000000000000000000000000000000000000000000000000000000000000000000000000000000000000000000000000000000000000000
310
00000000000000000000000000000000000000000000000000000000000000000000000000000000000000000000000000000000000000000000000000000000000000000000000000000000000000000000000000000000000000000000000000000000000000000000000000000000000000000000000000000000000000
310
00000000000000000000000000000000000000000000000000000000000000000000000000000000000000000000000000000000000000000000000000000000000000000000000000000000000000000000000000000000000000000000000000000000000000000000000000000000000000000000000000000000000000
310
00000000000000000000000000000000000000000000000000000000000000000000000000000000000000000000000000000000000000000000000000000000000000000000000000000000000000000000000000000000000000000000000000000000000000000000000000000000000000000000000000000000000000
310
00000000000000000000000000000000000000000000000000000000000000000000000000000000000000000000000000000000000000000000000000000000000000000000000000000000000000000000000000000000000000000000000000000000000000000000000000000000000000000000000000000000000000
310
00000000000000000000000000000000000000000000000000000000000000000000000000000000000000000000000000000000000000000000000000000000000000000000000000000000000000000000000000000000000000000000000000000000000000000000000000000000000000000000000000000000000000
310
00000000000000000000000000000000000000000000000000000000000000000000000000000000000000000000000000000000000000000000000000000000000000000000000000000000000000000000000000000000000000000000000000000000000000000000000000000000000000000000000000000000000000
310
00000000000000000000000000000000000000000000000000000000000000000000000000000000000000000000000000000000000000000000000000000000000000000000000000000000000000000000000000000000000000000000000000000000000000000000000000000000000000000000000000000000000000
310
00000000000000000000000000000000000000000000000000000000000000000000000000000000000000000000000000000000000000000000000000000000000000000000000000000000000000000000000000000000000000000000000000000000000000000000000000000000000000000000000000000000000000
310
00000000000000000000000000000000000000000000000000000000000000000000000000000000000000000000000000000000000000000000000000000000000000000000000000000000000000000000000000000000000000000000000000000000000000000000000000000000000000000000000000000000000000
310
00000000000000000000000000000000000000000000000000000000000000000000000000000000000000000000000000000000000000000000000000000000000000000000000000000000000000000000000000000000000000000000000000000000000000000000000000000000000000000000000000000000000000
310
00000000000000000000000000000000000000000000000000000000000000000000000000000000000000000000000000000000000000000000000000000000000000000000000000000000000000000000000000000000000000000000000000000000000000000000000000000000000000000000000000000000000000
310
00000000000000000000000000000000000000000000000000000000000000000000000000000000000000000000000000000000000000000000000000000000000000000000000000000000000000000000000000000000000000000000000000000000000000000000000000000000000000000000000000000000000000
310
00000000000000000000000000000000000000000000000000000000000000000000000000000000000000000000000000000000000000000000000000000000000000000000000000000000000000000000000000000000000000000000000000000000000000000000000000000000000000000000000000000000000000
310
00000000000000000000000000000000000000000000000000000000000000000000000000000000000000000000000000000000000000000000000000000000000000000000000000000000000000000000000000000000000000000000000000000000000000000000000000000000000000000000000000000000000000
310
00000000000000000000000000000000000000000000000000000000000000000000000000000000000000000000000000000000000000000000000000000000000000000000000000000000000000000000000000000000000000000000000000000000000000000000000000000000000000000000000000000000000000
310
00000000000000000000000000000000000000000000000000000000000000000000000000000000000000000000000000000000000000000000000000000000000000000000000000000000000000000000000000000000000000000000000000000000000000000000000000000000000000000000000000000000000000
310
00000000000000000000000000000000000000000000000000000000000000000000000000000000000000000000000000000000000000000000000000000000000000000000000000000000000000000000000000000000000000000000000000000000000000000000000000000000000000000000000000000000000000
310
00000000000000000000000000000000000000000000000000000000000000000000000000000000000000000000000000000000000000000000000000000000000000000000000000000000000000000000000000000000000000000000000000000000000000000000000000000000000000000000000000000000000000
310
00000000000000000000000000000000000000000000000000000000000000000000000000000000000000000000000000000000000000000000000000000000000000000000000000000000000000000000000000000000000000000000000000000000000000000000000000000000000000000000000000000000000000
310
00000000000000000000000000000000000000000000000000000000000000000000000000000000000000000000000000000000000000000000000000000000000000000000000000000000000000000000000000000000000000000000000000000000000000000000000000000000000000000000000000000000000000
310
00000000000000000000000000000000000000000000000000000000000000000000000000000000000000000000000000000000000000000000000000000000000000000000000000000000000000000000000000000000000000000000000000000000000000000000000000000000000000000000000000000000000000
310
00000000000000000000000000000000000000000000000000000000000000000000000000000000000000000000000000000000000000000000000000000000000000000000000000000000000000000000000000000000000000000000000000000000000000000000000000000000000000000000000000000000000000
310
00000000000000000000000000000000000000000000000000000000000000000000000000000000000000000000000000000000000000000000000000000000000000000000000000000000000000000000000000000000000000000000000000000000000000000000000000000000000000000000000000000000000000
310
00000000000000000000000000000000000000000000000000000000000000000000000000000000000000000000000000000000000000000000000000000000000000000000000000000000000000000000000000000000000000000000000000000000000000000000000000000000000000000000000000000000000000
310
00000000000000000000000000000000000000000000000000000000000000000000000000000000000000000000000000000000000000000000000000000000000000000000000000000000000000000000000000000000000000000000000000000000000000000000000000000000000000000000000000000000000000
310
00000000000000000000000000000000000000000000000000000000000000000000000000000000000000000000000000000000000000000000000000000000000000000000000000000000000000000000000000000000000000000000000000000000000000000000000000000000000000000000000000000000000000
310
00000000000000000000000000000000000000000000000000000000000000000000000000000000000000000000000000000000000000000000000000000000000000000000000000000000000000000000000000000000000000000000000000000000000000000000000000000000000000000000000000000000000000
310
00000000000000000000000000000000000000000000000000000000000000000000000000000000000000000000000000000000000000000000000000000000000000000000000000000000000000000000000000000000000000000000000000000000000000000000000000000000000000000000000000000000000000
310
00000000000000000000000000000000000000000000000000000000000000000000000000000000000000000000000000000000000000000000000000000000000000000000000000000000000000000000000000000000000000000000000000000000000000000000000000000000000000000000000000000000000000
310
00000000000000000000000000000000000000000000000000000000000000000000000000000000000000000000000000000000000000000000000000000000000000000000000000000000000000000000000000000000000000000000000000000000000000000000000000000000000000000000000000000000000000
310
00000000000000000000000000000000000000000000000000000000000000000000000000000000000000000000000000000000000000000000000000000000000000000000000000000000000000000000000000000000000000000000000000000000000000000000000000000000000000000000000000000000000000
310
00000000000000000000000000000000000000000000000000000000000000000000000000000000000000000000000000000000000000000000000000000000000000000000000000000000000000000000000000000000000000000000000000000000000000000000000000000000000000000000000000000000000000
310
00000000000000000000000000000000000000000000000000000000000000000000000000000000000000000000000000000000000000000000000000000000000000000000000000000000000000000000000000000000000000000000000000000000000000000000000000000000000000000000000000000000000000
310
00000000000000000000000000000000000000000000000000000000000000000000000000000000000000000000000000000000000000000000000000000000000000000000000000000000000000000000000000000000000000000000000000000000000000000000000000000000000000000000000000000000000000
310
00000000000000000000000000000000000000000000000000000000000000000000000000000000000000000000000000000000000000000000000000000000000000000000000000000000000000000000000000000000000000000000000000000000000000000000000000000000000000000000000000000000000000
310
00000000000000000000000000000000000000000000000000000000000000000000000000000000000000000000000000000000000000000000000000000000000000000000000000000000000000000000000000000000000000000000000000000000000000000000000000000000000000000000000000000000000000
310
00000000000000000000000000000000000000000000000000000000000000000000000000000000000000000000000000000000000000000000000000000000000000000000000000000000000000000000000000000000000000000000000000000000000000000000000000000000000000000000000000000000000000
310
00000000000000000000000000000000000000000000000000000000000000000000000000000000000000000000000000000000000000000000000000000000000000000000000000000000000000000000000000000000000000000000000000000000000000000000000000000000000000000000000000000000000000
310
00000000000000000000000000000000000000000000000000000000000000000000000000000000000000000000000000000000000000000000000000000000000000000000000000000000000000000000000000000000000000000000000000000000000000000000000000000000000000000000000000000000000000
310
00000000000000000000000000000000000000000000000000000000000000000000000000000000000000000000000000000000000000000000000000000000000000000000000000000000000000000000000000000000000000000000000000000000000000000000000000000000000000000000000000000000000000
310
00000000000000000000000000000000000000000000000000000000000000000000000000000000000000000000000000000000000000000000000000000000000000000000000000000000000000000000000000000000000000000000000000000000000000000000000000000000000000000000000000000000000000
310
00000000000000000000000000000000000000000000000000000000000000000000000000000000000000000000000000000000000000000000000000000000000000000000000000000000000000000000000000000000000000000000000000000000000000000000000000000000000000000000000000000000000000
310
00000000000000000000000000000000000000000000000000000000000000000000000000000000000000000000000000000000000000000000000000000000000000000000000000000000000000000000000000000000000000000000000000000000000000000000000000000000000000000000000000000000000000
310
00000000000000000000000000000000000000000000000000000000000000000000000000000000000000000000000000000000000000000000000000000000000000000000000000000000000000000000000000000000000000000000000000000000000000000000000000000000000000000000000000000000000000
310
00000000000000000000000000000000000000000000000000000000000000000000000000000000000000000000000000000000000000000000000000000000000000000000000000000000000000000000000000000000000000000000000000000000000000000000000000000000000000000000000000000000000000
310
00000000000000000000000000000000000000000000000000000000000000000000000000000000000000000000000000000000000000000000000000000000000000000000000000000000000000000000000000000000000000000000000000000000000000000000000000000000000000000000000000000000000000
310
00000000000000000000000000000000000000000000000000000000000000000000000000000000000000000000000000000000000000000000000000000000000000000000000000000000000000000000000000000000000000000000000000000000000000000000000000000000000000000000000000000000000000
310
00000000000000000000000000000000000000000000000000000000000000000000000000000000000000000000000000000000000000000000000000000000000000000000000000000000000000000000000000000000000000000000000000000000000000000000000000000000000000000000000000000000000000
310
00000000000000000000000000000000000000000000000000000000000000000000000000000000000000000000000000000000000000000000000000000000000000000000000000000000000000000000000000000000000000000000000000000000000000000000000000000000000000000000000000000000000000
310
00000000000000000000000000000000000000000000000000000000000000000000000000000000000000000000000000000000000000000000000000000000000000000000000000000000000000000000000000000000000000000000000000000000000000000000000000000000000000000000000000000000000000
310
00000000000000000000000000000000000000000000000000000000000000000000000000000000000000000000000000000000000000000000000000000000000000000000000000000000000000000000000000000000000000000000000000000000000000000000000000000000000000000000000000000000000000
310
00000000000000000000000000000000000000000000000000000000000000000000000000000000000000000000000000000000000000000000000000000000000000000000000000000000000000000000000000000000000000000000000000000000000000000000000000000000000000000000000000000000000000
310
00000000000000000000000000000000000000000000000000000000000000000000000000000000000000000000000000000000000000000000000000000000000000000000000000000000000000000000000000000000000000000000000000000000000000000000000000000000000000000000000000000000000000
310
00000000000000000000000000000000000000000000000000000000000000000000000000000000000000000000000000000000000000000000000000000000000000000000000000000000000000000000000000000000000000000000000000000000000000000000000000000000000000000000000000000000000000
310
00000000000000000000000000000000000000000000000000000000000000000000000000000000000000000000000000000000000000000000000000000000000000000000000000000000000000000000000000000000000000000000000000000000000000000000000000000000000000000000000000000000000000
310
00000000000000000000000000000000000000000000000000000000000000000000000000000000000000000000000000000000000000000000000000000000000000000000000000000000000000000000000000000000000000000000000000000000000000000000000000000000000000000000000000000000000000
310
00000000000000000000000000000000000000000000000000000000000000000000000000000000000000000000000000000000000000000000000000000000000000000000000000000000000000000000000000000000000000000000000000000000000000000000000000000000000000000000000000000000000000
310
00000000000000000000000000000000000000000000000000000000000000000000000000000000000000000000000000000000000000000000000000000000000000000000000000000000000000000000000000000000000000000000000000000000000000000000000000000000000000000000000000000000000000
310
00000000000000000000000000000000000000000000000000000000000000000000000000000000000000000000000000000000000000000000000000000000000000000000000000000000000000000000000000000000000000000000000000000000000000000000000000000000000000000000000000000000000000
310
00000000000000000000000000000000000000000000000000000000000000000000000000000000000000000000000000000000000000000000000000000000000000000000000000000000000000000000000000000000000000000000000000000000000000000000000000000000000000000000000000000000000000
310
00000000000000000000000000000000000000000000000000000000000000000000000000000000000000000000000000000000000000000000000000000000000000000000000000000000000000000000000000000000000000000000000000000000000000000000000000000000000000000000000000000000000000
310
00000000000000000000000000000000000000000000000000000000000000000000000000000000000000000000000000000000000000000000000000000000000000000000000000000000000000000000000000000000000000000000000000000000000000000000000000000000000000000000000000000000000000
310
00000000000000000000000000000000000000000000000000000000000000000000000000000000000000000000000000000000000000000000000000000000000000000000000000000000000000000000000000000000000000000000000000000000000000000000000000000000000000000000000000000000000000
310
00000000000000000000000000000000000000000000000000000000000000000000000000000000000000000000000000000000000000000000000000000000000000000000000000000000000000000000000000000000000000000000000000000000000000000000000000000000000000000000000000000000000000
310
00000000000000000000000000000000000000000000000000000000000000000000000000000000000000000000000000000000000000000000000000000000000000000000000000000000000000000000000000000000000000000000000000000000000000000000000000000000000000000000000000000000000000
310
00000000000000000000000000000000000000000000000000000000000000000000000000000000000000000000000000000000000000000000000000000000000000000000000000000000000000000000000000000000000000000000000000000000000000000000000000000000000000000000000000000000000000
310
00000000000000000000000000000000000000000000000000000000000000000000000000000000000000000000000000000000000000000000000000000000000000000000000000000000000000000000000000000000000000000000000000000000000000000000000000000000000000000000000000000000000000
310
00000000000000000000000000000000000000000000000000000000000000000000000000000000000000000000000000000000000000000000000000000000000000000000000000000000000000000000000000000000000000000000000000000000000000000000000000000000000000000000000000000000000000
310
00000000000000000000000000000000000000000000000000000000000000000000000000000000000000000000000000000000000000000000000000000000000000000000000000000000000000000000000000000000000000000000000000000000000000000000000000000000000000000000000000000000000000
310
00000000000000000000000000000000000000000000000000000000000000000000000000000000000000000000000000000000000000000000000000000000000000000000000000000000000000000000000000000000000000000000000000000000000000000000000000000000000000000000000000000000000000
310
00000000000000000000000000000000000000000000000000000000000000000000000000000000000000000000000000000000000000000000000000000000000000000000000000000000000000000000000000000000000000000000000000000000000000000000000000000000000000000000000000000000000000
310
00000000000000000000000000000000000000000000000000000000000000000000000000000000000000000000000000000000000000000000000000000000000000000000000000000000000000000000000000000000000000000000000000000000000000000000000000000000000000000000000000000000000000
310
00000000000000000000000000000000000000000000000000000000000000000000000000000000000000000000000000000000000000000000000000000000000000000000000000000000000000000000000000000000000000000000000000000000000000000000000000000000000000000000000000000000000000
310
00000000000000000000000000000000000000000000000000000000000000000000000000000000000000000000000000000000000000000000000000000000000000000000000000000000000000000000000000000000000000000000000000000000000000000000000000000000000000000000000000000000000000
310
00000000000000000000000000000000000000000000000000000000000000000000000000000000000000000000000000000000000000000000000000000000000000000000000000000000000000000000000000000000000000000000000000000000000000000000000000000000000000000000000000000000000000
310
00000000000000000000000000000000000000000000000000000000000000000000000000000000000000000000000000000000000000000000000000000000000000000000000000000000000000000000000000000000000000000000000000000000000000000000000000000000000000000000000000000000000000
310
00000000000000000000000000000000000000000000000000000000000000000000000000000000000000000000000000000000000000000000000000000000000000000000000000000000000000000000000000000000000000000000000000000000000000000000000000000000000000000000000000000000000000
310
00000000000000000000000000000000000000000000000000000000000000000000000000000000000000000000000000000000000000000000000000000000000000000000000000000000000000000000000000000000000000000000000000000000000000000000000000000000000000000000000000000000000000
310
00000000000000000000000000000000000000000000000000000000000000000000000000000000000000000000000000000000000000000000000000000000000000000000000000000000000000000000000000000000000000000000000000000000000000000000000000000000000000000000000000000000000000
310
00000000000000000000000000000000000000000000000000000000000000000000000000000000000000000000000000000000000000000000000000000000000000000000000000000000000000000000000000000000000000000000000000000000000000000000000000000000000000000000000000000000000000
310
00000000000000000000000000000000000000000000000000000000000000000000000000000000000000000000000000000000000000000000000000000000000000000000000000000000000000000000000000000000000000000000000000000000000000000000000000000000000000000000000000000000000000
310
00000000000000000000000000000000000000000000000000000000000000000000000000000000000000000000000000000000000000000000000000000000000000000000000000000000000000000000000000000000000000000000000000000000000000000000000000000000000000000000000000000000000000
310
00000000000000000000000000000000000000000000000000000000000000000000000000000000000000000000000000000000000000000000000000000000000000000000000000000000000000000000000000000000000000000000000000000000000000000000000000000000000000000000000000000000000000
310
00000000000000000000000000000000000000000000000000000000000000000000000000000000000000000000000000000000000000000000000000000000000000000000000000000000000000000000000000000000000000000000000000000000000000000000000000000000000000000000000000000000000000
310
00000000000000000000000000000000000000000000000000000000000000000000000000000000000000000000000000000000000000000000000000000000000000000000000000000000000000000000000000000000000000000000000000000000000000000000000000000000000000000000000000000000000000
310
00000000000000000000000000000000000000000000000000000000000000000000000000000000000000000000000000000000000000000000000000000000000000000000000000000000000000000000000000000000000000000000000000000000000000000000000000000000000000000000000000000000000000
310
00000000000000000000000000000000000000000000000000000000000000000000000000000000000000000000000000000000000000000000000000000000000000000000000000000000000000000000000000000000000000000000000000000000000000000000000000000000000000000000000000000000000000
310
00000000000000000000000000000000000000000000000000000000000000000000000000000000000000000000000000000000000000000000000000000000000000000000000000000000000000000000000000000000000000000000000000000000000000000000000000000000000000000000000000000000000000
310
00000000000000000000000000000000000000000000000000000000000000000000000000000000000000000000000000000000000000000000000000000000000000000000000000000000000000000000000000000000000000000000000000000000000000000000000000000000000000000000000000000000000000
310
00000000000000000000000000000000000000000000000000000000000000000000000000000000000000000000000000000000000000000000000000000000000000000000000000000000000000000000000000000000000000000000000000000000000000000000000000000000000000000000000000000000000000
310
00000000000000000000000000000000000000000000000000000000000000000000000000000000000000000000000000000000000000000000000000000000000000000000000000000000000000000000000000000000000000000000000000000000000000000000000000000000000000000000000000000000000000
310
00000000000000000000000000000000000000000000000000000000000000000000000000000000000000000000000000000000000000000000000000000000000000000000000000000000000000000000000000000000000000000000000000000000000000000000000000000000000000000000000000000000000000
310
00000000000000000000000000000000000000000000000000000000000000000000000000000000000000000000000000000000000000000000000000000000000000000000000000000000000000000000000000000000000000000000000000000000000000000000000000000000000000000000000000000000000000
310
00000000000000000000000000000000000000000000000000000000000000000000000000000000000000000000000000000000000000000000000000000000000000000000000000000000000000000000000000000000000000000000000000000000000000000000000000000000000000000000000000000000000000
310
00000000000000000000000000000000000000000000000000000000000000000000000000000000000000000000000000000000000000000000000000000000000000000000000000000000000000000000000000000000000000000000000000000000000000000000000000000000000000000000000000000000000000
310
00000000000000000000000000000000000000000000000000000000000000000000000000000000000000000000000000000000000000000000000000000000000000000000000000000000000000000000000000000000000000000000000000000000000000000000000000000000000000000000000000000000000000
310
00000000000000000000000000000000000000000000000000000000000000000000000000000000000000000000000000000000000000000000000000000000000000000000000000000000000000000000000000000000000000000000000000000000000000000000000000000000000000000000000000000000000000
310
00000000000000000000000000000000000000000000000000000000000000000000000000000000000000000000000000000000000000000000000000000000000000000000000000000000000000000000000000000000000000000000000000000000000000000000000000000000000000000000000000000000000000
310
00000000000000000000000000000000000000000000000000000000000000000000000000000000000000000000000000000000000000000000000000000000000000000000000000000000000000000000000000000000000000000000000000000000000000000000000000000000000000000000000000000000000000
310
00000000000000000000000000000000000000000000000000000000000000000000000000000000000000000000000000000000000000000000000000000000000000000000000000000000000000000000000000000000000000000000000000000000000000000000000000000000000000000000000000000000000000
310
00000000000000000000000000000000000000000000000000000000000000000000000000000000000000000000000000000000000000000000000000000000000000000000000000000000000000000000000000000000000000000000000000000000000000000000000000000000000000000000000000000000000000
310
00000000000000000000000000000000000000000000000000000000000000000000000000000000000000000000000000000000000000000000000000000000000000000000000000000000000000000000000000000000000000000000000000000000000000000000000000000000000000000000000000000000000000
310
00000000000000000000000000000000000000000000000000000000000000000000000000000000000000000000000000000000000000000000000000000000000000000000000000000000000000000000000000000000000000000000000000000000000000000000000000000000000000000000000000000000000000
310
00000000000000000000000000000000000000000000000000000000000000000000000000000000000000000000000000000000000000000000000000000000000000000000000000000000000000000000000000000000000000000000000000000000000000000000000000000000000000000000000000000000000000
310
00000000000000000000000000000000000000000000000000000000000000000000000000000000000000000000000000000000000000000000000000000000000000000000000000000000000000000000000000000000000000000000000000000000000000000000000000000000000000000000000000000000000000
310
00000000000000000000000000000000000000000000000000000000000000000000000000000000000000000000000000000000000000000000000000000000000000000000000000000000000000000000000000000000000000000000000000000000000000000000000000000000000000000000000000000000000000
310
00000000000000000000000000000000000000000000000000000000000000000000000000000000000000000000000000000000000000000000000000000000000000000000000000000000000000000000000000000000000000000000000000000000000000000000000000000000000000000000000000000000000000
310
00000000000000000000000000000000000000000000000000000000000000000000000000000000000000000000000000000000000000000000000000000000000000000000000000000000000000000000000000000000000000000000000000000000000000000000000000000000000000000000000000000000000000
310
00000000000000000000000000000000000000000000000000000000000000000000000000000000000000000000000000000000000000000000000000000000000000000000000000000000000000000000000000000000000000000000000000000000000000000000000000000000000000000000000000000000000000
310
00000000000000000000000000000000000000000000000000000000000000000000000000000000000000000000000000000000000000000000000000000000000000000000000000000000000000000000000000000000000000000000000000000000000000000000000000000000000000000000000000000000000000
310
00000000000000000000000000000000000000000000000000000000000000000000000000000000000000000000000000000000000000000000000000000000000000000000000000000000000000000000000000000000000000000000000000000000000000000000000000000000000000000000000000000000000000
310
00000000000000000000000000000000000000000000000000000000000000000000000000000000000000000000000000000000000000000000000000000000000000000000000000000000000000000000000000000000000000000000000000000000000000000000000000000000000000000000000000000000000000
310
00000000000000000000000000000000000000000000000000000000000000000000000000000000000000000000000000000000000000000000000000000000000000000000000000000000000000000000000000000000000000000000000000000000000000000000000000000000000000000000000000000000000000
310
00000000000000000000000000000000000000000000000000000000000000000000000000000000000000000000000000000000000000000000000000000000000000000000000000000000000000000000000000000000000000000000000000000000000000000000000000000000000000000000000000000000000000
310
00000000000000000000000000000000000000000000000000000000000000000000000000000000000000000000000000000000000000000000000000000000000000000000000000000000000000000000000000000000000000000000000000000000000000000000000000000000000000000000000000000000000000
310
00000000000000000000000000000000000000000000000000000000000000000000000000000000000000000000000000000000000000000000000000000000000000000000000000000000000000000000000000000000000000000000000000000000000000000000000000000000000000000000000000000000000000
310
00000000000000000000000000000000000000000000000000000000000000000000000000000000000000000000000000000000000000000000000000000000000000000000000000000000000000000000000000000000000000000000000000000000000000000000000000000000000000000000000000000000000000
310
00000000000000000000000000000000000000000000000000000000000000000000000000000000000000000000000000000000000000000000000000000000000000000000000000000000000000000000000000000000000000000000000000000000000000000000000000000000000000000000000000000000000000
310
00000000000000000000000000000000000000000000000000000000000000000000000000000000000000000000000000000000000000000000000000000000000000000000000000000000000000000000000000000000000000000000000000000000000000000000000000000000000000000000000000000000000000
310
00000000000000000000000000000000000000000000000000000000000000000000000000000000000000000000000000000000000000000000000000000000000000000000000000000000000000000000000000000000000000000000000000000000000000000000000000000000000000000000000000000000000000
310
00000000000000000000000000000000000000000000000000000000000000000000000000000000000000000000000000000000000000000000000000000000000000000000000000000000000000000000000000000000000000000000000000000000000000000000000000000000000000000000000000000000000000
310
00000000000000000000000000000000000000000000000000000000000000000000000000000000000000000000000000000000000000000000000000000000000000000000000000000000000000000000000000000000000000000000000000000000000000000000000000000000000000000000000000000000000000
310
00000000000000000000000000000000000000000000000000000000000000000000000000000000000000000000000000000000000000000000000000000000000000000000000000000000000000000000000000000000000000000000000000000000000000000000000000000000000000000000000000000000000000
310
00000000000000000000000000000000000000000000000000000000000000000000000000000000000000000000000000000000000000000000000000000000000000000000000000000000000000000000000000000000000000000000000000000000000000000000000000000000000000000000000000000000000000
310
00000000000000000000000000000000000000000000000000000000000000000000000000000000000000000000000000000000000000000000000000000000000000000000000000000000000000000000000000000000000000000000000000000000000000000000000000000000000000000000000000000000000000
310
00000000000000000000000000000000000000000000000000000000000000000000000000000000000000000000000000000000000000000000000000000000000000000000000000000000000000000000000000000000000000000000000000000000000000000000000000000000000000000000000000000000000000
310
00000000000000000000000000000000000000000000000000000000000000000000000000000000000000000000000000000000000000000000000000000000000000000000000000000000000000000000000000000000000000000000000000000000000000000000000000000000000000000000000000000000000000
310
00000000000000000000000000000000000000000000000000000000000000000000000000000000000000000000000000000000000000000000000000000000000000000000000000000000000000000000000000000000000000000000000000000000000000000000000000000000000000000000000000000000000000
310
00000000000000000000000000000000000000000000000000000000000000000000000000000000000000000000000000000000000000000000000000000000000000000000000000000000000000000000000000000000000000000000000000000000000000000000000000000000000000000000000000000000000000
310
00000000000000000000000000000000000000000000000000000000000000000000000000000000000000000000000000000000000000000000000000000000000000000000000000000000000000000000000000000000000000000000000000000000000000000000000000000000000000000000000000000000000000
310
00000000000000000000000000000000000000000000000000000000000000000000000000000000000000000000000000000000000000000000000000000000000000000000000000000000000000000000000000000000000000000000000000000000000000000000000000000000000000000000000000000000000000
310
00000000000000000000000000000000000000000000000000000000000000000000000000000000000000000000000000000000000000000000000000000000000000000000000000000000000000000000000000000000000000000000000000000000000000000000000000000000000000000000000000000000000000
310
00000000000000000000000000000000000000000000000000000000000000000000000000000000000000000000000000000000000000000000000000000000000000000000000000000000000000000000000000000000000000000000000000000000000000000000000000000000000000000000000000000000000000
310
00000000000000000000000000000000000000000000000000000000000000000000000000000000000000000000000000000000000000000000000000000000000000000000000000000000000000000000000000000000000000000000000000000000000000000000000000000000000000000000000000000000000000
310
00000000000000000000000000000000000000000000000000000000000000000000000000000000000000000000000000000000000000000000000000000000000000000000000000000000000000000000000000000000000000000000000000000000000000000000000000000000000000000000000000000000000000
310
00000000000000000000000000000000000000000000000000000000000000000000000000000000000000000000000000000000000000000000000000000000000000000000000000000000000000000000000000000000000000000000000000000000000000000000000000000000000000000000000000000000000000
310
00000000000000000000000000000000000000000000000000000000000000000000000000000000000000000000000000000000000000000000000000000000000000000000000000000000000000000000000000000000000000000000000000000000000000000000000000000000000000000000000000000000000000
310
00000000000000000000000000000000000000000000000000000000000000000000000000000000000000000000000000000000000000000000000000000000000000000000000000000000000000000000000000000000000000000000000000000000000000000000000000000000000000000000000000000000000000
310
00000000000000000000000000000000000000000000000000000000000000000000000000000000000000000000000000000000000000000000000000000000000000000000000000000000000000000000000000000000000000000000000000000000000000000000000000000000000000000000000000000000000000
310
00000000000000000000000000000000000000000000000000000000000000000000000000000000000000000000000000000000000000000000000000000000000000000000000000000000000000000000000000000000000000000000000000000000000000000000000000000000000000000000000000000000000000
310
00000000000000000000000000000000000000000000000000000000000000000000000000000000000000000000000000000000000000000000000000000000000000000000000000000000000000000000000000000000000000000000000000000000000000000000000000000000000000000000000000000000000000
310
00000000000000000000000000000000000000000000000000000000000000000000000000000000000000000000000000000000000000000000000000000000000000000000000000000000000000000000000000000000000000000000000000000000000000000000000000000000000000000000000000000000000000
310
00000000000000000000000000000000000000000000000000000000000000000000000000000000000000000000000000000000000000000000000000000000000000000000000000000000000000000000000000000000000000000000000000000000000000000000000000000000000000000000000000000000000000
310
00000000000000000000000000000000000000000000000000000000000000000000000000000000000000000000000000000000000000000000000000000000000000000000000000000000000000000000000000000000000000000000000000000000000000000000000000000000000000000000000000000000000000
310
00000000000000000000000000000000000000000000000000000000000000000000000000000000000000000000000000000000000000000000000000000000000000000000000000000000000000000000000000000000000000000000000000000000000000000000000000000000000000000000000000000000000000
310
00000000000000000000000000000000000000000000000000000000000000000000000000000000000000000000000000000000000000000000000000000000000000000000000000000000000000000000000000000000000000000000000000000000000000000000000000000000000000000000000000000000000000
310
00000000000000000000000000000000000000000000000000000000000000000000000000000000000000000000000000000000000000000000000000000000000000000000000000000000000000000000000000000000000000000000000000000000000000000000000000000000000000000000000000000000000000
310
00000000000000000000000000000000000000000000000000000000000000000000000000000000000000000000000000000000000000000000000000000000000000000000000000000000000000000000000000000000000000000000000000000000000000000000000000000000000000000000000000000000000000
310
00000000000000000000000000000000000000000000000000000000000000000000000000000000000000000000000000000000000000000000000000000000000000000000000000000000000000000000000000000000000000000000000000000000000000000000000000000000000000000000000000000000000000
310
00000000000000000000000000000000000000000000000000000000000000000000000000000000000000000000000000000000000000000000000000000000000000000000000000000000000000000000000000000000000000000000000000000000000000000000000000000000000000000000000000000000000000
310
00000000000000000000000000000000000000000000000000000000000000000000000000000000000000000000000000000000000000000000000000000000000000000000000000000000000000000000000000000000000000000000000000000000000000000000000000000000000000000000000000000000000000
310
00000000000000000000000000000000000000000000000000000000000000000000000000000000000000000000000000000000000000000000000000000000000000000000000000000000000000000000000000000000000000000000000000000000000000000000000000000000000000000000000000000000000000
310
00000000000000000000000000000000000000000000000000000000000000000000000000000000000000000000000000000000000000000000000000000000000000000000000000000000000000000000000000000000000000000000000000000000000000000000000000000000000000000000000000000000000000
310
00000000000000000000000000000000000000000000000000000000000000000000000000000000000000000000000000000000000000000000000000000000000000000000000000000000000000000000000000000000000000000000000000000000000000000000000000000000000000000000000000000000000000
310
00000000000000000000000000000000000000000000000000000000000000000000000000000000000000000000000000000000000000000000000000000000000000000000000000000000000000000000000000000000000000000000000000000000000000000000000000000000000000000000000000000000000000
310
00000000000000000000000000000000000000000000000000000000000000000000000000000000000000000000000000000000000000000000000000000000000000000000000000000000000000000000000000000000000000000000000000000000000000000000000000000000000000000000000000000000000000
310
00000000000000000000000000000000000000000000000000000000000000000000000000000000000000000000000000000000000000000000000000000000000000000000000000000000000000000000000000000000000000000000000000000000000000000000000000000000000000000000000000000000000000
310
00000000000000000000000000000000000000000000000000000000000000000000000000000000000000000000000000000000000000000000000000000000000000000000000000000000000000000000000000000000000000000000000000000000000000000000000000000000000000000000000000000000000000
310
00000000000000000000000000000000000000000000000000000000000000000000000000000000000000000000000000000000000000000000000000000000000000000000000000000000000000000000000000000000000000000000000000000000000000000000000000000000000000000000000000000000000000
310
00000000000000000000000000000000000000000000000000000000000000000000000000000000000000000000000000000000000000000000000000000000000000000000000000000000000000000000000000000000000000000000000000000000000000000000000000000000000000000000000000000000000000
310
00000000000000000000000000000000000000000000000000000000000000000000000000000000000000000000000000000000000000000000000000000000000000000000000000000000000000000000000000000000000000000000000000000000000000000000000000000000000000000000000000000000000000
310
00000000000000000000000000000000000000000000000000000000000000000000000000000000000000000000000000000000000000000000000000000000000000000000000000000000000000000000000000000000000000000000000000000000000000000000000000000000000000000000000000000000000000
310
00000000000000000000000000000000000000000000000000000000000000000000000000000000000000000000000000000000000000000000000000000000000000000000000000000000000000000000000000000000000000000000000000000000000000000000000000000000000000000000000000000000000000
310
00000000000000000000000000000000000000000000000000000000000000000000000000000000000000000000000000000000000000000000000000000000000000000000000000000000000000000000000000000000000000000000000000000000000000000000000000000000000000000000000000000000000000
310
00000000000000000000000000000000000000000000000000000000000000000000000000000000000000000000000000000000000000000000000000000000000000000000000000000000000000000000000000000000000000000000000000000000000000000000000000000000000000000000000000000000000000
310
00000000000000000000000000000000000000000000000000000000000000000000000000000000000000000000000000000000000000000000000000000000000000000000000000000000000000000000000000000000000000000000000000000000000000000000000000000000000000000000000000000000000000
310
00000000000000000000000000000000000000000000000000000000000000000000000000000000000000000000000000000000000000000000000000000000000000000000000000000000000000000000000000000000000000000000000000000000000000000000000000000000000000000000000000000000000000
310
00000000000000000000000000000000000000000000000000000000000000000000000000000000000000000000000000000000000000000000000000000000000000000000000000000000000000000000000000000000000000000000000000000000000000000000000000000000000000000000000000000000000000
310
00000000000000000000000000000000000000000000000000000000000000000000000000000000000000000000000000000000000000000000000000000000000000000000000000000000000000000000000000000000000000000000000000000000000000000000000000000000000000000000000000000000000000
310
00000000000000000000000000000000000000000000000000000000000000000000000000000000000000000000000000000000000000000000000000000000000000000000000000000000000000000000000000000000000000000000000000000000000000000000000000000000000000000000000000000000000000
310
00000000000000000000000000000000000000000000000000000000000000000000000000000000000000000000000000000000000000000000000000000000000000000000000000000000000000000000000000000000000000000000000000000000000000000000000000000000000000000000000000000000000000
310
00000000000000000000000000000000000000000000000000000000000000000000000000000000000000000000000000000000000000000000000000000000000000000000000000000000000000000000000000000000000000000000000000000000000000000000000000000000000000000000000000000000000000
310
00000000000000000000000000000000000000000000000000000000000000000000000000000000000000000000000000000000000000000000000000000000000000000000000000000000000000000000000000000000000000000000000000000000000000000000000000000000000000000000000000000000000000
310
00000000000000000000000000000000000000000000000000000000000000000000000000000000000000000000000000000000000000000000000000000000000000000000000000000000000000000000000000000000000000000000000000000000000000000000000000000000000000000000000000000000000000
310
00000000000000000000000000000000000000000000000000000000000000000000000000000000000000000000000000000000000000000000000000000000000000000000000000000000000000000000000000000000000000000000000000000000000000000000000000000000000000000000000000000000000000
310
00000000000000000000000000000000000000000000000000000000000000000000000000000000000000000000000000000000000000000000000000000000000000000000000000000000000000000000000000000000000000000000000000000000000000000000000000000000000000000000000000000000000000
310
00000000000000000000000000000000000000000000000000000000000000000000000000000000000000000000000000000000000000000000000000000000000000000000000000000000000000000000000000000000000000000000000000000000000000000000000000000000000000000000000000000000000000
310
00000000000000000000000000000000000000000000000000000000000000000000000000000000000000000000000000000000000000000000000000000000000000000000000000000000000000000000000000000000000000000000000000000000000000000000000000000000000000000000000000000000000000
310
00000000000000000000000000000000000000000000000000000000000000000000000000000000000000000000000000000000000000000000000000000000000000000000000000000000000000000000000000000000000000000000000000000000000000000000000000000000000000000000000000000000000000
310
00000000000000000000000000000000000000000000000000000000000000000000000000000000000000000000000000000000000000000000000000000000000000000000000000000000000000000000000000000000000000000000000000000000000000000000000000000000000000000000000000000000000000
310
00000000000000000000000000000000000000000000000000000000000000000000000000000000000000000000000000000000000000000000000000000000000000000000000000000000000000000000000000000000000000000000000000000000000000000000000000000000000000000000000000000000000000
310
00000000000000000000000000000000000000000000000000000000000000000000000000000000000000000000000000000000000000000000000000000000000000000000000000000000000000000000000000000000000000000000000000000000000000000000000000000000000000000000000000000000000000
310
00000000000000000000000000000000000000000000000000000000000000000000000000000000000000000000000000000000000000000000000000000000000000000000000000000000000000000000000000000000000000000000000000000000000000000000000000000000000000000000000000000000000000
310
00000000000000000000000000000000000000000000000000000000000000000000000000000000000000000000000000000000000000000000000000000000000000000000000000000000000000000000000000000000000000000000000000000000000000000000000000000000000000000000000000000000000000
310
00000000000000000000000000000000000000000000000000000000000000000000000000000000000000000000000000000000000000000000000000000000000000000000000000000000000000000000000000000000000000000000000000000000000000000000000000000000000000000000000000000000000000
310
00000000000000000000000000000000000000000000000000000000000000000000000000000000000000000000000000000000000000000000000000000000000000000000000000000000000000000000000000000000000000000000000000000000000000000000000000000000000000000000000000000000000000
310
00000000000000000000000000000000000000000000000000000000000000000000000000000000000000000000000000000000000000000000000000000000000000000000000000000000000000000000000000000000000000000000000000000000000000000000000000000000000000000000000000000000000000
310
00000000000000000000000000000000000000000000000000000000000000000000000000000000000000000000000000000000000000000000000000000000000000000000000000000000000000000000000000000000000000000000000000000000000000000000000000000000000000000000000000000000000000
310
00000000000000000000000000000000000000000000000000000000000000000000000000000000000000000000000000000000000000000000000000000000000000000000000000000000000000000000000000000000000000000000000000000000000000000000000000000000000000000000000000000000000000
310
00000000000000000000000000000000000000000000000000000000000000000000000000000000000000000000000000000000000000000000000000000000000000000000000000000000000000000000000000000000000000000000000000000000000000000000000000000000000000000000000000000000000000
310
00000000000000000000000000000000000000000000000000000000000000000000000000000000000000000000000000000000000000000000000000000000000000000000000000000000000000000000000000000000000000000000000000000000000000000000000000000000000000000000000000000000000000
310
00000000000000000000000000000000000000000000000000000000000000000000000000000000000000000000000000000000000000000000000000000000000000000000000000000000000000000000000000000000000000000000000000000000000000000000000000000000000000000000000000000000000000
310
00000000000000000000000000000000000000000000000000000000000000000000000000000000000000000000000000000000000000000000000000000000000000000000000000000000000000000000000000000000000000000000000000000000000000000000000000000000000000000000000000000000000000
310
00000000000000000000000000000000000000000000000000000000000000000000000000000000000000000000000000000000000000000000000000000000000000000000000000000000000000000000000000000000000000000000000000000000000000000000000000000000000000000000000000000000000000
310
00000000000000000000000000000000000000000000000000000000000000000000000000000000000000000000000000000000000000000000000000000000000000000000000000000000000000000000000000000000000000000000000000000000000000000000000000000000000000000000000000000000000000
310
00000000000000000000000000000000000000000000000000000000000000000000000000000000000000000000000000000000000000000000000000000000000000000000000000000000000000000000000000000000000000000000000000000000000000000000000000000000000000000000000000000000000000
310
00000000000000000000000000000000000000000000000000000000000000000000000000000000000000000000000000000000000000000000000000000000000000000000000000000000000000000000000000000000000000000000000000000000000000000000000000000000000000000000000000000000000000
310
00000000000000000000000000000000000000000000000000000000000000000000000000000000000000000000000000000000000000000000000000000000000000000000000000000000000000000000000000000000000000000000000000000000000000000000000000000000000000000000000000000000000000
310
00000000000000000000000000000000000000000000000000000000000000000000000000000000000000000000000000000000000000000000000000000000000000000000000000000000000000000000000000000000000000000000000000000000000000000000000000000000000000000000000000000000000000
310
00000000000000000000000000000000000000000000000000000000000000000000000000000000000000000000000000000000000000000000000000000000000000000000000000000000000000000000000000000000000000000000000000000000000000000000000000000000000000000000000000000000000000
310
00000000000000000000000000000000000000000000000000000000000000000000000000000000000000000000000000000000000000000000000000000000000000000000000000000000000000000000000000000000000000000000000000000000000000000000000000000000000000000000000000000000000000
310
00000000000000000000000000000000000000000000000000000000000000000000000000000000000000000000000000000000000000000000000000000000000000000000000000000000000000000000000000000000000000000000000000000000000000000000000000000000000000000000000000000000000000
310
00000000000000000000000000000000000000000000000000000000000000000000000000000000000000000000000000000000000000000000000000000000000000000000000000000000000000000000000000000000000000000000000000000000000000000000000000000000000000000000000000000000000000
310
00000000000000000000000000000000000000000000000000000000000000000000000000000000000000000000000000000000000000000000000000000000000000000000000000000000000000000000000000000000000000000000000000000000000000000000000000000000000000000000000000000000000000
310
00000000000000000000000000000000000000000000000000000000000000000000000000000000000000000000000000000000000000000000000000000000000000000000000000000000000000000000000000000000000000000000000000000000000000000000000000000000000000000000000000000000000000
310
00000000000000000000000000000000000000000000000000000000000000000000000000000000000000000000000000000000000000000000000000000000000000000000000000000000000000000000000000000000000000000000000000000000000000000000000000000000000000000000000000000000000000
310
00000000000000000000000000000000000000000000000000000000000000000000000000000000000000000000000000000000000000000000000000000000000000000000000000000000000000000000000000000000000000000000000000000000000000000000000000000000000000000000000000000000000000
310
00000000000000000000000000000000000000000000000000000000000000000000000000000000000000000000000000000000000000000000000000000000000000000000000000000000000000000000000000000000000000000000000000000000000000000000000000000000000000000000000000000000000000
310
00000000000000000000000000000000000000000000000000000000000000000000000000000000000000000000000000000000000000000000000000000000000000000000000000000000000000000000000000000000000000000000000000000000000000000000000000000000000000000000000000000000000000
310
00000000000000000000000000000000000000000000000000000000000000000000000000000000000000000000000000000000000000000000000000000000000000000000000000000000000000000000000000000000000000000000000000000000000000000000000000000000000000000000000000000000000000
310
00000000000000000000000000000000000000000000000000000000000000000000000000000000000000000000000000000000000000000000000000000000000000000000000000000000000000000000000000000000000000000000000000000000000000000000000000000000000000000000000000000000000000
310
00000000000000000000000000000000000000000000000000000000000000000000000000000000000000000000000000000000000000000000000000000000000000000000000000000000000000000000000000000000000000000000000000000000000000000000000000000000000000000000000000000000000000
310
00000000000000000000000000000000000000000000000000000000000000000000000000000000000000000000000000000000000000000000000000000000000000000000000000000000000000000000000000000000000000000000000000000000000000000000000000000000000000000000000000000000000000
310
00000000000000000000000000000000000000000000000000000000000000000000000000000000000000000000000000000000000000000000000000000000000000000000000000000000000000000000000000000000000000000000000000000000000000000000000000000000000000000000000000000000000000
310
00000000000000000000000000000000000000000000000000000000000000000000000000000000000000000000000000000000000000000000000000000000000000000000000000000000000000000000000000000000000000000000000000000000000000000000000000000000000000000000000000000000000000
310
00000000000000000000000000000000000000000000000000000000000000000000000000000000000000000000000000000000000000000000000000000000000000000000000000000000000000000000000000000000000000000000000000000000000000000000000000000000000000000000000000000000000000
310
00000000000000000000000000000000000000000000000000000000000000000000000000000000000000000000000000000000000000000000000000000000000000000000000000000000000000000000000000000000000000000000000000000000000000000000000000000000000000000000000000000000000000
310
00000000000000000000000000000000000000000000000000000000000000000000000000000000000000000000000000000000000000000000000000000000000000000000000000000000000000000000000000000000000000000000000000000000000000000000000000000000000000000000000000000000000000
310
00000000000000000000000000000000000000000000000000000000000000000000000000000000000000000000000000000000000000000000000000000000000000000000000000000000000000000000000000000000000000000000000000000000000000000000000000000000000000000000000000000000000000
310
00000000000000000000000000000000000000000000000000000000000000000000000000000000000000000000000000000000000000000000000000000000000000000000000000000000000000000000000000000000000000000000000000000000000000000000000000000000000000000000000000000000000000
310
00000000000000000000000000000000000000000000000000000000000000000000000000000000000000000000000000000000000000000000000000000000000000000000000000000000000000000000000000000000000000000000000000000000000000000000000000000000000000000000000000000000000000
310
00000000000000000000000000000000000000000000000000000000000000000000000000000000000000000000000000000000000000000000000000000000000000000000000000000000000000000000000000000000000000000000000000000000000000000000000000000000000000000000000000000000000000
310
00000000000000000000000000000000000000000000000000000000000000000000000000000000000000000000000000000000000000000000000000000000000000000000000000000000000000000000000000000000000000000000000000000000000000000000000000000000000000000000000000000000000000
310
00000000000000000000000000000000000000000000000000000000000000000000000000000000000000000000000000000000000000000000000000000000000000000000000000000000000000000000000000000000000000000000000000000000000000000000000000000000000000000000000000000000000000
310
00000000000000000000000000000000000000000000000000000000000000000000000000000000000000000000000000000000000000000000000000000000000000000000000000000000000000000000000000000000000000000000000000000000000000000000000000000000000000000000000000000000000000
310
00000000000000000000000000000000000000000000000000000000000000000000000000000000000000000000000000000000000000000000000000000000000000000000000000000000000000000000000000000000000000000000000000000000000000000000000000000000000000000000000000000000000000
310
00000000000000000000000000000000000000000000000000000000000000000000000000000000000000000000000000000000000000000000000000000000000000000000000000000000000000000000000000000000000000000000000000000000000000000000000000000000000000000000000000000000000000
310
00000000000000000000000000000000000000000000000000000000000000000000000000000000000000000000000000000000000000000000000000000000000000000000000000000000000000000000000000000000000000000000000000000000000000000000000000000000000000000000000000000000000000
310
00000000000000000000000000000000000000000000000000000000000000000000000000000000000000000000000000000000000000000000000000000000000000000000000000000000000000000000000000000000000000000000000000000000000000000000000000000000000000000000000000000000000000
310
00000000000000000000000000000000000000000000000000000000000000000000000000000000000000000000000000000000000000000000000000000000000000000000000000000000000000000000000000000000000000000000000000000000000000000000000000000000000000000000000000000000000000
310
00000000000000000000000000000000000000000000000000000000000000000000000000000000000000000000000000000000000000000000000000000000000000000000000000000000000000000000000000000000000000000000000000000000000000000000000000000000000000000000000000000000000000
310
00000000000000000000000000000000000000000000000000000000000000000000000000000000000000000000000000000000000000000000000000000000000000000000000000000000000000000000000000000000000000000000000000000000000000000000000000000000000000000000000000000000000000
310
00000000000000000000000000000000000000000000000000000000000000000000000000000000000000000000000000000000000000000000000000000000000000000000000000000000000000000000000000000000000000000000000000000000000000000000000000000000000000000000000000000000000000
310
00000000000000000000000000000000000000000000000000000000000000000000000000000000000000000000000000000000000000000000000000000000000000000000000000000000000000000000000000000000000000000000000000000000000000000000000000000000000000000000000000000000000000
310
00000000000000000000000000000000000000000000000000000000000000000000000000000000000000000000000000000000000000000000000000000000000000000000000000000000000000000000000000000000000000000000000000000000000000000000000000000000000000000000000000000000000000
310
00000000000000000000000000000000000000000000000000000000000000000000000000000000000000000000000000000000000000000000000000000000000000000000000000000000000000000000000000000000000000000000000000000000000000000000000000000000000000000000000000000000000000
310
00000000000000000000000000000000000000000000000000000000000000000000000000000000000000000000000000000000000000000000000000000000000000000000000000000000000000000000000000000000000000000000000000000000000000000000000000000000000000000000000000000000000000
310
00000000000000000000000000000000000000000000000000000000000000000000000000000000000000000000000000000000000000000000000000000000000000000000000000000000000000000000000000000000000000000000000000000000000000000000000000000000000000000000000000000000000000
310
00000000000000000000000000000000000000000000000000000000000000000000000000000000000000000000000000000000000000000000000000000000000000000000000000000000000000000000000000000000000000000000000000000000000000000000000000000000000000000000000000000000000000
310
00000000000000000000000000000000000000000000000000000000000000000000000000000000000000000000000000000000000000000000000000000000000000000000000000000000000000000000000000000000000000000000000000000000000000000000000000000000000000000000000000000000000000
310
00000000000000000000000000000000000000000000000000000000000000000000000000000000000000000000000000000000000000000000000000000000000000000000000000000000000000000000000000000000000000000000000000000000000000000000000000000000000000000000000000000000000000
310
00000000000000000000000000000000000000000000000000000000000000000000000000000000000000000000000000000000000000000000000000000000000000000000000000000000000000000000000000000000000000000000000000000000000000000000000000000000000000000000000000000000000000
310
00000000000000000000000000000000000000000000000000000000000000000000000000000000000000000000000000000000000000000000000000000000000000000000000000000000000000000000000000000000000000000000000000000000000000000000000000000000000000000000000000000000000000
310
00000000000000000000000000000000000000000000000000000000000000000000000000000000000000000000000000000000000000000000000000000000000000000000000000000000000000000000000000000000000000000000000000000000000000000000000000000000000000000000000000000000000000
310
00000000000000000000000000000000000000000000000000000000000000000000000000000000000000000000000000000000000000000000000000000000000000000000000000000000000000000000000000000000000000000000000000000000000000000000000000000000000000000000000000000000000000
310
00000000000000000000000000000000000000000000000000000000000000000000000000000000000000000000000000000000000000000000000000000000000000000000000000000000000000000000000000000000000000000000000000000000000000000000000000000000000000000000000000000000000000
310
00000000000000000000000000000000000000000000000000000000000000000000000000000000000000000000000000000000000000000000000000000000000000000000000000000000000000000000000000000000000000000000000000000000000000000000000000000000000000000000000000000000000000
310
00000000000000000000000000000000000000000000000000000000000000000000000000000000000000000000000000000000000000000000000000000000000000000000000000000000000000000000000000000000000000000000000000000000000000000000000000000000000000000000000000000000000000
310
00000000000000000000000000000000000000000000000000000000000000000000000000000000000000000000000000000000000000000000000000000000000000000000000000000000000000000000000000000000000000000000000000000000000000000000000000000000000000000000000000000000000000
310
00000000000000000000000000000000000000000000000000000000000000000000000000000000000000000000000000000000000000000000000000000000000000000000000000000000000000000000000000000000000000000000000000000000000000000000000000000000000000000000000000000000000000
310
00000000000000000000000000000000000000000000000000000000000000000000000000000000000000000000000000000000000000000000000000000000000000000000000000000000000000000000000000000000000000000000000000000000000000000000000000000000000000000000000000000000000000
310
00000000000000000000000000000000000000000000000000000000000000000000000000000000000000000000000000000000000000000000000000000000000000000000000000000000000000000000000000000000000000000000000000000000000000000000000000000000000000000000000000000000000000
310
00000000000000000000000000000000000000000000000000000000000000000000000000000000000000000000000000000000000000000000000000000000000000000000000000000000000000000000000000000000000000000000000000000000000000000000000000000000000000000000000000000000000000
310
00000000000000000000000000000000000000000000000000000000000000000000000000000000000000000000000000000000000000000000000000000000000000000000000000000000000000000000000000000000000000000000000000000000000000000000000000000000000000000000000000000000000000
310
00000000000000000000000000000000000000000000000000000000000000000000000000000000000000000000000000000000000000000000000000000000000000000000000000000000000000000000000000000000000000000000000000000000000000000000000000000000000000000000000000000000000000
310
00000000000000000000000000000000000000000000000000000000000000000000000000000000000000000000000000000000000000000000000000000000000000000000000000000000000000000000000000000000000000000000000000000000000000000000000000000000000000000000000000000000000000
310
00000000000000000000000000000000000000000000000000000000000000000000000000000000000000000000000000000000000000000000000000000000000000000000000000000000000000000000000000000000000000000000000000000000000000000000000000000000000000000000000000000000000000
310
00000000000000000000000000000000000000000000000000000000000000000000000000000000000000000000000000000000000000000000000000000000000000000000000000000000000000000000000000000000000000000000000000000000000000000000000000000000000000000000000000000000000000
310
00000000000000000000000000000000000000000000000000000000000000000000000000000000000000000000000000000000000000000000000000000000000000000000000000000000000000000000000000000000000000000000000000000000000000000000000000000000000000000000000000000000000000
310
00000000000000000000000000000000000000000000000000000000000000000000000000000000000000000000000000000000000000000000000000000000000000000000000000000000000000000000000000000000000000000000000000000000000000000000000000000000000000000000000000000000000000
310
00000000000000000000000000000000000000000000000000000000000000000000000000000000000000000000000000000000000000000000000000000000000000000000000000000000000000000000000000000000000000000000000000000000000000000000000000000000000000000000000000000000000000
310
00000000000000000000000000000000000000000000000000000000000000000000000000000000000000000000000000000000000000000000000000000000000000000000000000000000000000000000000000000000000000000000000000000000000000000000000000000000000000000000000000000000000000
310
00000000000000000000000000000000000000000000000000000000000000000000000000000000000000000000000000000000000000000000000000000000000000000000000000000000000000000000000000000000000000000000000000000000000000000000000000000000000000000000000000000000000000
310
00000000000000000000000000000000000000000000000000000000000000000000000000000000000000000000000000000000000000000000000000000000000000000000000000000000000000000000000000000000000000000000000000000000000000000000000000000000000000000000000000000000000000
310
00000000000000000000000000000000000000000000000000000000000000000000000000000000000000000000000000000000000000000000000000000000000000000000000000000000000000000000000000000000000000000000000000000000000000000000000000000000000000000000000000000000000000
310
00000000000000000000000000000000000000000000000000000000000000000000000000000000000000000000000000000000000000000000000000000000000000000000000000000000000000000000000000000000000000000000000000000000000000000000000000000000000000000000000000000000000000
310
00000000000000000000000000000000000000000000000000000000000000000000000000000000000000000000000000000000000000000000000000000000000000000000000000000000000000000000000000000000000000000000000000000000000000000000000000000000000000000000000000000000000000
310
00000000000000000000000000000000000000000000000000000000000000000000000000000000000000000000000000000000000000000000000000000000000000000000000000000000000000000000000000000000000000000000000000000000000000000000000000000000000000000000000000000000000000
310
00000000000000000000000000000000000000000000000000000000000000000000000000000000000000000000000000000000000000000000000000000000000000000000000000000000000000000000000000000000000000000000000000000000000000000000000000000000000000000000000000000000000000
310
00000000000000000000000000000000000000000000000000000000000000000000000000000000000000000000000000000000000000000000000000000000000000000000000000000000000000000000000000000000000000000000000000000000000000000000000000000000000000000000000000000000000000
310
00000000000000000000000000000000000000000000000000000000000000000000000000000000000000000000000000000000000000000000000000000000000000000000000000000000000000000000000000000000000000000000000000000000000000000000000000000000000000000000000000000000000000
310
00000000000000000000000000000000000000000000000000000000000000000000000000000000000000000000000000000000000000000000000000000000000000000000000000000000000000000000000000000000000000000000000000000000000000000000000000000000000000000000000000000000000000
310
00000000000000000000000000000000000000000000000000000000000000000000000000000000000000000000000000000000000000000000000000000000000000000000000000000000000000000000000000000000000000000000000000000000000000000000000000000000000000000000000000000000000000
310
00000000000000000000000000000000000000000000000000000000000000000000000000000000000000000000000000000000000000000000000000000000000000000000000000000000000000000000000000000000000000000000000000000000000000000000000000000000000000000000000000000000000000
310
00000000000000000000000000000000000000000000000000000000000000000000000000000000000000000000000000000000000000000000000000000000000000000000000000000000000000000000000000000000000000000000000000000000000000000000000000000000000000000000000000000000000000
310
00000000000000000000000000000000000000000000000000000000000000000000000000000000000000000000000000000000000000000000000000000000000000000000000000000000000000000000000000000000000000000000000000000000000000000000000000000000000000000000000000000000000000
310
00000000000000000000000000000000000000000000000000000000000000000000000000000000000000000000000000000000000000000000000000000000000000000000000000000000000000000000000000000000000000000000000000000000000000000000000000000000000000000000000000000000000000
310
00000000000000000000000000000000000000000000000000000000000000000000000000000000000000000000000000000000000000000000000000000000000000000000000000000000000000000000000000000000000000000000000000000000000000000000000000000000000000000000000000000000000000
310
00000000000000000000000000000000000000000000000000000000000000000000000000000000000000000000000000000000000000000000000000000000000000000000000000000000000000000000000000000000000000000000000000000000000000000000000000000000000000000000000000000000000000
310
00000000000000000000000000000000000000000000000000000000000000000000000000000000000000000000000000000000000000000000000000000000000000000000000000000000000000000000000000000000000000000000000000000000000000000000000000000000000000000000000000000000000000
310
00000000000000000000000000000000000000000000000000000000000000000000000000000000000000000000000000000000000000000000000000000000000000000000000000000000000000000000000000000000000000000000000000000000000000000000000000000000000000000000000000000000000000
310
00000000000000000000000000000000000000000000000000000000000000000000000000000000000000000000000000000000000000000000000000000000000000000000000000000000000000000000000000000000000000000000000000000000000000000000000000000000000000000000000000000000000000
310
00000000000000000000000000000000000000000000000000000000000000000000000000000000000000000000000000000000000000000000000000000000000000000000000000000000000000000000000000000000000000000000000000000000000000000000000000000000000000000000000000000000000000
310
00000000000000000000000000000000000000000000000000000000000000000000000000000000000000000000000000000000000000000000000000000000000000000000000000000000000000000000000000000000000000000000000000000000000000000000000000000000000000000000000000000000000000
310
00000000000000000000000000000000000000000000000000000000000000000000000000000000000000000000000000000000000000000000000000000000000000000000000000000000000000000000000000000000000000000000000000000000000000000000000000000000000000000000000000000000000000
310
00000000000000000000000000000000000000000000000000000000000000000000000000000000000000000000000000000000000000000000000000000000000000000000000000000000000000000000000000000000000000000000000000000000000000000000000000000000000000000000000000000000000000
310
00000000000000000000000000000000000000000000000000000000000000000000000000000000000000000000000000000000000000000000000000000000000000000000000000000000000000000000000000000000000000000000000000000000000000000000000000000000000000000000000000000000000000
310
00000000000000000000000000000000000000000000000000000000000000000000000000000000000000000000000000000000000000000000000000000000000000000000000000000000000000000000000000000000000000000000000000000000000000000000000000000000000000000000000000000000000000
310
00000000000000000000000000000000000000000000000000000000000000000000000000000000000000000000000000000000000000000000000000000000000000000000000000000000000000000000000000000000000000000000000000000000000000000000000000000000000000000000000000000000000000
310
00000000000000000000000000000000000000000000000000000000000000000000000000000000000000000000000000000000000000000000000000000000000000000000000000000000000000000000000000000000000000000000000000000000000000000000000000000000000000000000000000000000000000
310
00000000000000000000000000000000000000000000000000000000000000000000000000000000000000000000000000000000000000000000000000000000000000000000000000000000000000000000000000000000000000000000000000000000000000000000000000000000000000000000000000000000000000
310
00000000000000000000000000000000000000000000000000000000000000000000000000000000000000000000000000000000000000000000000000000000000000000000000000000000000000000000000000000000000000000000000000000000000000000000000000000000000000000000000000000000000000
310
00000000000000000000000000000000000000000000000000000000000000000000000000000000000000000000000000000000000000000000000000000000000000000000000000000000000000000000000000000000000000000000000000000000000000000000000000000000000000000000000000000000000000
310
00000000000000000000000000000000000000000000000000000000000000000000000000000000000000000000000000000000000000000000000000000000000000000000000000000000000000000000000000000000000000000000000000000000000000000000000000000000000000000000000000000000000000
310
00000000000000000000000000000000000000000000000000000000000000000000000000000000000000000000000000000000000000000000000000000000000000000000000000000000000000000000000000000000000000000000000000000000000000000000000000000000000000000000000000000000000000
310
00000000000000000000000000000000000000000000000000000000000000000000000000000000000000000000000000000000000000000000000000000000000000000000000000000000000000000000000000000000000000000000000000000000000000000000000000000000000000000000000000000000000000
310
00000000000000000000000000000000000000000000000000000000000000000000000000000000000000000000000000000000000000000000000000000000000000000000000000000000000000000000000000000000000000000000000000000000000000000000000000000000000000000000000000000000000000
310
00000000000000000000000000000000000000000000000000000000000000000000000000000000000000000000000000000000000000000000000000000000000000000000000000000000000000000000000000000000000000000000000000000000000000000000000000000000000000000000000000000000000000
310
00000000000000000000000000000000000000000000000000000000000000000000000000000000000000000000000000000000000000000000000000000000000000000000000000000000000000000000000000000000000000000000000000000000000000000000000000000000000000000000000000000000000000
310
00000000000000000000000000000000000000000000000000000000000000000000000000000000000000000000000000000000000000000000000000000000000000000000000000000000000000000000000000000000000000000000000000000000000000000000000000000000000000000000000000000000000000
310
00000000000000000000000000000000000000000000000000000000000000000000000000000000000000000000000000000000000000000000000000000000000000000000000000000000000000000000000000000000000000000000000000000000000000000000000000000000000000000000000000000000000000
310
00000000000000000000000000000000000000000000000000000000000000000000000000000000000000000000000000000000000000000000000000000000000000000000000000000000000000000000000000000000000000000000000000000000000000000000000000000000000000000000000000000000000000
310
00000000000000000000000000000000000000000000000000000000000000000000000000000000000000000000000000000000000000000000000000000000000000000000000000000000000000000000000000000000000000000000000000000000000000000000000000000000000000000000000000000000000000
310
00000000000000000000000000000000000000000000000000000000000000000000000000000000000000000000000000000000000000000000000000000000000000000000000000000000000000000000000000000000000000000000000000000000000000000000000000000000000000000000000000000000000000
310
00000000000000000000000000000000000000000000000000000000000000000000000000000000000000000000000000000000000000000000000000000000000000000000000000000000000000000000000000000000000000000000000000000000000000000000000000000000000000000000000000000000000000
310
00000000000000000000000000000000000000000000000000000000000000000000000000000000000000000000000000000000000000000000000000000000000000000000000000000000000000000000000000000000000000000000000000000000000000000000000000000000000000000000000000000000000000
310
00000000000000000000000000000000000000000000000000000000000000000000000000000000000000000000000000000000000000000000000000000000000000000000000000000000000000000000000000000000000000000000000000000000000000000000000000000000000000000000000000000000000000
310
00000000000000000000000000000000000000000000000000000000000000000000000000000000000000000000000000000000000000000000000000000000000000000000000000000000000000000000000000000000000000000000000000000000000000000000000000000000000000000000000000000000000000
310
00000000000000000000000000000000000000000000000000000000000000000000000000000000000000000000000000000000000000000000000000000000000000000000000000000000000000000000000000000000000000000000000000000000000000000000000000000000000000000000000000000000000000
310
00000000000000000000000000000000000000000000000000000000000000000000000000000000000000000000000000000000000000000000000000000000000000000000000000000000000000000000000000000000000000000000000000000000000000000000000000000000000000000000000000000000000000
310
00000000000000000000000000000000000000000000000000000000000000000000000000000000000000000000000000000000000000000000000000000000000000000000000000000000000000000000000000000000000000000000000000000000000000000000000000000000000000000000000000000000000000
310
00000000000000000000000000000000000000000000000000000000000000000000000000000000000000000000000000000000000000000000000000000000000000000000000000000000000000000000000000000000000000000000000000000000000000000000000000000000000000000000000000000000000000
310
00000000000000000000000000000000000000000000000000000000000000000000000000000000000000000000000000000000000000000000000000000000000000000000000000000000000000000000000000000000000000000000000000000000000000000000000000000000000000000000000000000000000000
310
00000000000000000000000000000000000000000000000000000000000000000000000000000000000000000000000000000000000000000000000000000000000000000000000000000000000000000000000000000000000000000000000000000000000000000000000000000000000000000000000000000000000000
310
00000000000000000000000000000000000000000000000000000000000000000000000000000000000000000000000000000000000000000000000000000000000000000000000000000000000000000000000000000000000000000000000000000000000000000000000000000000000000000000000000000000000000
310
00000000000000000000000000000000000000000000000000000000000000000000000000000000000000000000000000000000000000000000000000000000000000000000000000000000000000000000000000000000000000000000000000000000000000000000000000000000000000000000000000000000000000
310
00000000000000000000000000000000000000000000000000000000000000000000000000000000000000000000000000000000000000000000000000000000000000000000000000000000000000000000000000000000000000000000000000000000000000000000000000000000000000000000000000000000000000
310
00000000000000000000000000000000000000000000000000000000000000000000000000000000000000000000000000000000000000000000000000000000000000000000000000000000000000000000000000000000000000000000000000000000000000000000000000000000000000000000000000000000000000
310
00000000000000000000000000000000000000000000000000000000000000000000000000000000000000000000000000000000000000000000000000000000000000000000000000000000000000000000000000000000000000000000000000000000000000000000000000000000000000000000000000000000000000
310
00000000000000000000000000000000000000000000000000000000000000000000000000000000000000000000000000000000000000000000000000000000000000000000000000000000000000000000000000000000000000000000000000000000000000000000000000000000000000000000000000000000000000
310
00000000000000000000000000000000000000000000000000000000000000000000000000000000000000000000000000000000000000000000000000000000000000000000000000000000000000000000000000000000000000000000000000000000000000000000000000000000000000000000000000000000000000
310
00000000000000000000000000000000000000000000000000000000000000000000000000000000000000000000000000000000000000000000000000000000000000000000000000000000000000000000000000000000000000000000000000000000000000000000000000000000000000000000000000000000000000
310
00000000000000000000000000000000000000000000000000000000000000000000000000000000000000000000000000000000000000000000000000000000000000000000000000000000000000000000000000000000000000000000000000000000000000000000000000000000000000000000000000000000000000
310
00000000000000000000000000000000000000000000000000000000000000000000000000000000000000000000000000000000000000000000000000000000000000000000000000000000000000000000000000000000000000000000000000000000000000000000000000000000000000000000000000000000000000
310
00000000000000000000000000000000000000000000000000000000000000000000000000000000000000000000000000000000000000000000000000000000000000000000000000000000000000000000000000000000000000000000000000000000000000000000000000000000000000000000000000000000000000
310
00000000000000000000000000000000000000000000000000000000000000000000000000000000000000000000000000000000000000000000000000000000000000000000000000000000000000000000000000000000000000000000000000000000000000000000000000000000000000000000000000000000000000
310
00000000000000000000000000000000000000000000000000000000000000000000000000000000000000000000000000000000000000000000000000000000000000000000000000000000000000000000000000000000000000000000000000000000000000000000000000000000000000000000000000000000000000
310
00000000000000000000000000000000000000000000000000000000000000000000000000000000000000000000000000000000000000000000000000000000000000000000000000000000000000000000000000000000000000000000000000000000000000000000000000000000000000000000000000000000000000
310
00000000000000000000000000000000000000000000000000000000000000000000000000000000000000000000000000000000000000000000000000000000000000000000000000000000000000000000000000000000000000000000000000000000000000000000000000000000000000000000000000000000000000
310
00000000000000000000000000000000000000000000000000000000000000000000000000000000000000000000000000000000000000000000000000000000000000000000000000000000000000000000000000000000000000000000000000000000000000000000000000000000000000000000000000000000000000
310
00000000000000000000000000000000000000000000000000000000000000000000000000000000000000000000000000000000000000000000000000000000000000000000000000000000000000000000000000000000000000000000000000000000000000000000000000000000000000000000000000000000000000
310
00000000000000000000000000000000000000000000000000000000000000000000000000000000000000000000000000000000000000000000000000000000000000000000000000000000000000000000000000000000000000000000000000000000000000000000000000000000000000000000000000000000000000
310
00000000000000000000000000000000000000000000000000000000000000000000000000000000000000000000000000000000000000000000000000000000000000000000000000000000000000000000000000000000000000000000000000000000000000000000000000000000000000000000000000000000000000
310
00000000000000000000000000000000000000000000000000000000000000000000000000000000000000000000000000000000000000000000000000000000000000000000000000000000000000000000000000000000000000000000000000000000000000000000000000000000000000000000000000000000000000
310
00000000000000000000000000000000000000000000000000000000000000000000000000000000000000000000000000000000000000000000000000000000000000000000000000000000000000000000000000000000000000000000000000000000000000000000000000000000000000000000000000000000000000
310
00000000000000000000000000000000000000000000000000000000000000000000000000000000000000000000000000000000000000000000000000000000000000000000000000000000000000000000000000000000000000000000000000000000000000000000000000000000000000000000000000000000000000
310
00000000000000000000000000000000000000000000000000000000000000000000000000000000000000000000000000000000000000000000000000000000000000000000000000000000000000000000000000000000000000000000000000000000000000000000000000000000000000000000000000000000000000
310
00000000000000000000000000000000000000000000000000000000000000000000000000000000000000000000000000000000000000000000000000000000000000000000000000000000000000000000000000000000000000000000000000000000000000000000000000000000000000000000000000000000000000
310
00000000000000000000000000000000000000000000000000000000000000000000000000000000000000000000000000000000000000000000000000000000000000000000000000000000000000000000000000000000000000000000000000000000000000000000000000000000000000000000000000000000000000
310
00000000000000000000000000000000000000000000000000000000000000000000000000000000000000000000000000000000000000000000000000000000000000000000000000000000000000000000000000000000000000000000000000000000000000000000000000000000000000000000000000000000000000
310
00000000000000000000000000000000000000000000000000000000000000000000000000000000000000000000000000000000000000000000000000000000000000000000000000000000000000000000000000000000000000000000000000000000000000000000000000000000000000000000000000000000000000
310
00000000000000000000000000000000000000000000000000000000000000000000000000000000000000000000000000000000000000000000000000000000000000000000000000000000000000000000000000000000000000000000000000000000000000000000000000000000000000000000000000000000000000
310
00000000000000000000000000000000000000000000000000000000000000000000000000000000000000000000000000000000000000000000000000000000000000000000000000000000000000000000000000000000000000000000000000000000000000000000000000000000000000000000000000000000000000
310
00000000000000000000000000000000000000000000000000000000000000000000000000000000000000000000000000000000000000000000000000000000000000000000000000000000000000000000000000000000000000000000000000000000000000000000000000000000000000000000000000000000000000
310
00000000000000000000000000000000000000000000000000000000000000000000000000000000000000000000000000000000000000000000000000000000000000000000000000000000000000000000000000000000000000000000000000000000000000000000000000000000000000000000000000000000000000
310
00000000000000000000000000000000000000000000000000000000000000000000000000000000000000000000000000000000000000000000000000000000000000000000000000000000000000000000000000000000000000000000000000000000000000000000000000000000000000000000000000000000000000
310
00000000000000000000000000000000000000000000000000000000000000000000000000000000000000000000000000000000000000000000000000000000000000000000000000000000000000000000000000000000000000000000000000000000000000000000000000000000000000000000000000000000000000
310
00000000000000000000000000000000000000000000000000000000000000000000000000000000000000000000000000000000000000000000000000000000000000000000000000000000000000000000000000000000000000000000000000000000000000000000000000000000000000000000000000000000000000
310
00000000000000000000000000000000000000000000000000000000000000000000000000000000000000000000000000000000000000000000000000000000000000000000000000000000000000000000000000000000000000000000000000000000000000000000000000000000000000000000000000000000000000
310
00000000000000000000000000000000000000000000000000000000000000000000000000000000000000000000000000000000000000000000000000000000000000000000000000000000000000000000000000000000000000000000000000000000000000000000000000000000000000000000000000000000000000
310
00000000000000000000000000000000000000000000000000000000000000000000000000000000000000000000000000000000000000000000000000000000000000000000000000000000000000000000000000000000000000000000000000000000000000000000000000000000000000000000000000000000000000
310
00000000000000000000000000000000000000000000000000000000000000000000000000000000000000000000000000000000000000000000000000000000000000000000000000000000000000000000000000000000000000000000000000000000000000000000000000000000000000000000000000000000000000
310
00000000000000000000000000000000000000000000000000000000000000000000000000000000000000000000000000000000000000000000000000000000000000000000000000000000000000000000000000000000000000000000000000000000000000000000000000000000000000000000000000000000000000
310
00000000000000000000000000000000000000000000000000000000000000000000000000000000000000000000000000000000000000000000000000000000000000000000000000000000000000000000000000000000000000000000000000000000000000000000000000000000000000000000000000000000000000
310
00000000000000000000000000000000000000000000000000000000000000000000000000000000000000000000000000000000000000000000000000000000000000000000000000000000000000000000000000000000000000000000000000000000000000000000000000000000000000000000000000000000000000
310
00000000000000000000000000000000000000000000000000000000000000000000000000000000000000000000000000000000000000000000000000000000000000000000000000000000000000000000000000000000000000000000000000000000000000000000000000000000000000000000000000000000000000
310
00000000000000000000000000000000000000000000000000000000000000000000000000000000000000000000000000000000000000000000000000000000000000000000000000000000000000000000000000000000000000000000000000000000000000000000000000000000000000000000000000000000000000
310
00000000000000000000000000000000000000000000000000000000000000000000000000000000000000000000000000000000000000000000000000000000000000000000000000000000000000000000000000000000000000000000000000000000000000000000000000000000000000000000000000000000000000
310
00000000000000000000000000000000000000000000000000000000000000000000000000000000000000000000000000000000000000000000000000000000000000000000000000000000000000000000000000000000000000000000000000000000000000000000000000000000000000000000000000000000000000
310
00000000000000000000000000000000000000000000000000000000000000000000000000000000000000000000000000000000000000000000000000000000000000000000000000000000000000000000000000000000000000000000000000000000000000000000000000000000000000000000000000000000000000
310
00000000000000000000000000000000000000000000000000000000000000000000000000000000000000000000000000000000000000000000000000000000000000000000000000000000000000000000000000000000000000000000000000000000000000000000000000000000000000000000000000000000000000
310
00000000000000000000000000000000000000000000000000000000000000000000000000000000000000000000000000000000000000000000000000000000000000000000000000000000000000000000000000000000000000000000000000000000000000000000000000000000000000000000000000000000000000
310
00000000000000000000000000000000000000000000000000000000000000000000000000000000000000000000000000000000000000000000000000000000000000000000000000000000000000000000000000000000000000000000000000000000000000000000000000000000000000000000000000000000000000
310
00000000000000000000000000000000000000000000000000000000000000000000000000000000000000000000000000000000000000000000000000000000000000000000000000000000000000000000000000000000000000000000000000000000000000000000000000000000000000000000000000000000000000
310
00000000000000000000000000000000000000000000000000000000000000000000000000000000000000000000000000000000000000000000000000000000000000000000000000000000000000000000000000000000000000000000000000000000000000000000000000000000000000000000000000000000000000
310
00000000000000000000000000000000000000000000000000000000000000000000000000000000000000000000000000000000000000000000000000000000000000000000000000000000000000000000000000000000000000000000000000000000000000000000000000000000000000000000000000000000000000
310
00000000000000000000000000000000000000000000000000000000000000000000000000000000000000000000000000000000000000000000000000000000000000000000000000000000000000000000000000000000000000000000000000000000000000000000000000000000000000000000000000000000000000
310
00000000000000000000000000000000000000000000000000000000000000000000000000000000000000000000000000000000000000000000000000000000000000000000000000000000000000000000000000000000000000000000000000000000000000000000000000000000000000000000000000000000000000
310
00000000000000000000000000000000000000000000000000000000000000000000000000000000000000000000000000000000000000000000000000000000000000000000000000000000000000000000000000000000000000000000000000000000000000000000000000000000000000000000000000000000000000
310
00000000000000000000000000000000000000000000000000000000000000000000000000000000000000000000000000000000000000000000000000000000000000000000000000000000000000000000000000000000000000000000000000000000000000000000000000000000000000000000000000000000000000
310
00000000000000000000000000000000000000000000000000000000000000000000000000000000000000000000000000000000000000000000000000000000000000000000000000000000000000000000000000000000000000000000000000000000000000000000000000000000000000000000000000000000000000
310
00000000000000000000000000000000000000000000000000000000000000000000000000000000000000000000000000000000000000000000000000000000000000000000000000000000000000000000000000000000000000000000000000000000000000000000000000000000000000000000000000000000000000
310
00000000000000000000000000000000000000000000000000000000000000000000000000000000000000000000000000000000000000000000000000000000000000000000000000000000000000000000000000000000000000000000000000000000000000000000000000000000000000000000000000000000000000
310
00000000000000000000000000000000000000000000000000000000000000000000000000000000000000000000000000000000000000000000000000000000000000000000000000000000000000000000000000000000000000000000000000000000000000000000000000000000000000000000000000000000000000
310
00000000000000000000000000000000000000000000000000000000000000000000000000000000000000000000000000000000000000000000000000000000000000000000000000000000000000000000000000000000000000000000000000000000000000000000000000000000000000000000000000000000000000
310
00000000000000000000000000000000000000000000000000000000000000000000000000000000000000000000000000000000000000000000000000000000000000000000000000000000000000000000000000000000000000000000000000000000000000000000000000000000000000000000000000000000000000
310
00000000000000000000000000000000000000000000000000000000000000000000000000000000000000000000000000000000000000000000000000000000000000000000000000000000000000000000000000000000000000000000000000000000000000000000000000000000000000000000000000000000000000
310
00000000000000000000000000000000000000000000000000000000000000000000000000000000000000000000000000000000000000000000000000000000000000000000000000000000000000000000000000000000000000000000000000000000000000000000000000000000000000000000000000000000000000
310
00000000000000000000000000000000000000000000000000000000000000000000000000000000000000000000000000000000000000000000000000000000000000000000000000000000000000000000000000000000000000000000000000070700000000000000000000000000000000000000000000000000000000
310
00000000000000000000000000000000000000000000000000000000000000070700000000000000000000000000000000000000000000000000000000000000000000000000000000000000000000000000000000000000000007070700000000000000000000000000000000000000000000000000000000000000000000
310
00000000000000000000000000000000000000000000070707000000000000000000000000000000000000000000000000000000000000000000000000000000000000000000000000000000000000000000000700000000000000000000000000000000000000000000000000000000000000000000000000000000000000
310
00000000000000000000000000070700000000000000000000000000000000000000000000000000000000000000000000000000000000000000000000000000000000000000000007070700000000000000000000000000000000000000000000000000000000000000000000000000000000000000000000000000000000
310
00000000000000070700000000000000000000000000000000000000000000000000000000000000000000000000000000000000000000000000000000000000000000000000000000000000000000000000000000000000000000000000000000000000000707000000000000000000000000000000000000000000000000
310
00000000000000000000000000000000000000000000000000000000000000000000000007000000000000000000000000000000000000000000000000000000000000000000000000000000000000000000000000000000000000000000070707000000000000000000000000000000000000000000000000000000000000
310
00000000000000000000000000000000000000000000000000000000070000000000000000000000000000000000000000000000000000000000000000000000000000000000000000000000000000000000000000000707070000000000000000000000000000000000000000000000000000000000000000000000000000
310
00000000000000000000000000000000000707000000000000000000000000000000000000000000000000000000000000000000000000000000000000000000000000000000000000000000070700000000000000000000000000000000000000000000000000000000000000000000000000000000000000000000000000
310
00000000000000000000000700000000000000000000000000000000000000000000000000000000000000000000000000000000000000000000000000000000000000000000000000000000000000000000000000000000000000000000000000000000000000000007070000000000000000000000000000000000000000
310
00000000000000000000000000000000000000000000000000000000000000000000000000000000070700000000000000000000000000000000000000000000000000000000000000000000000000000000000000000000000000000000000000000700000000000000000000000000000000000000000000000000000000
310
00000000000000000000000000000000000000000000000000000000000007070700000000000000000000000000000000000000000000000000000000000000000000000000000000000000000000000000000000000000000007070000000000000000000000000000000000000000000000000000000000000000000000
310
00000000000000000000000000000000000000000007070000000000000000000000000000000000000000000000000000000000000000000000000000000000000000000000000000000000000000000700070000000000000000000000000000000000000000000000000000000000000000000000000000000000000000
310
00000000000000000000000000000007000000000000000000000000000000000000000000000000000000000000000000000000000000000000000000000000000000000000000000000000000000000000000000000000000000000000000000000000000000000000000000070700000000000000000000000000000000
310
00000000000000000000000000000700000000000000000000000000000000000000000000000000000000070707000000000000000000000000000000000000000000000000000000070000000000000000000000000000000000000000000000000000000000070000000000000000000000000000000000000000000000
310
00000000000007000000000000000000000000000000000000000000000000000000070707000000000000000000000000000000000000000000000000000000000700000000000000000000000000000000000000000000000000000000000700000000000000000000000000000000000000000000000000000000070000
310
00000000000000000000000000000000000000000000000000070700000000000000000000000000000000000000000000000000000000000007000000000000000000000000000000000000000000000000000000070000000000000000000000000000000000000000000000000000000000000700000000000000000000
310
00000000000000000000000000000000000000000000000000000000000000000000000000000000000000000000000000000000000000000000000000000000000000000000000000000000000000000000000000000000000000000000000000000000000000000000000000000000000000000000000000000000000000
310
00000000000000000000000000000000000007000000000000000000000000000000000000000000000000000000000000000000000000000000000000000000000000000000000000000000000700000000000000000000000000000000000000000000000000000000000000000000000000000000000000000000000000
310
00000000000000000000070000000000000000000000000000000000000000000000000000000000000000000000000000000000000000000000000000000000000000000007000000000000000000000000000000000000000000000000000000000000000000000000000000000000000000000000000000000000000000
310
00070000000000000000000000000000000000000000000000000000000000000000000000000000000000000000000000000000000000000000000000070000000000000000000000000000000000000000000000000000000000000000000000000000000000000000000000000000000000000000000007000000000000
310
00000000000000000000000000000000000000000000000000000000000000000000000000000000000000000000000000000000000000000000000000000000000000000000000000000000000000000000000000000000000007070707070707070707070707070707070707070707070707070707070707070707070707
310
07070707070707070707070707070707070707070707070707070707070707070707070707070707070707070707070707070707070707070707070707070707070707070707070707070707070707070707070707070707070707070707070707070707070707070707070707070707070707070707070707070707070707
310
07070707070707070707070707070707070707070707070707070707070707070707070707070707070707070707070707070707070707070707070707070707070707070707070707070707070707070707070707070707070707070707070707070707070707070707070707070707070707070707070707070707070707
310
07070707070707070707070707070707070707070707070707070707070707070707070707070707070707070707070707070707070707070707070707070707070707070707070707070707070707070707070707070707070707070707070707070707070707070707070707070707070707070707070707070707070707
310
07070707070707070707070707070707070707070707070707070707070707070707070707070707070707070707070707070707070707070700000000000000000000000000000000000000000000000000000000000000000000000000070000000000000000000000000000000000000000000000000000000000000000
310
00000000000000000000000000000000000000000000000000000000000000000000000000000000000000000000000000000000000000000000000000000000000000000000000000000000000000000000000000000000000000000000000000000000000000000000000000000000000000000000000000000000000000
310
00000000070000000000000000000000000000000000000000000000000000000000000000000000000000000000000000000000000000000000000000000007070707000707070707070707070707070000000000000000000000000000000000000000000000000000000000000000000000000000000000000000000000
310
00000000000000000000000007070707070007070707070700070707000707070707000000000000000000000000000000000000000000000000070000070707070707070707070700000000070000070707070707000000070707070007070707000707070707000700000000000000000000000000000000000000000000
310
00000700000000000000000007000000000000070707000000000000000000070000000000000000000000000000000000000000000000000000000007000000000000000000000000000000000000000000000000000000000000000000000000000700000000000000000000000000000000000000000000000000000000
310
00000000000000000000000000000000000000000000000000000000000000000000000000000000000000000000000000000000000000000000000000000000000000000000000000000000000000000000000000000000000000000000000000000000000000000000000000000000000000000000000000000000000000
310
00000000000000000700000000000000000000000000000000000000000000000000000000000000000000000000000000000000000000000000000000000000000000070707070707000707000707070707070000000000000000000000000000000000000000000000000000000000000000000000000000000000000000
310
00000000000000000000000000000000070707070700070707000707000707070707070707070000000000000000000000000000000000000000000000000700000707070707070707070707000000000700000707070700070000000707070700070707070007070707070007000007070707070007070707070700000707
310
07070000000007000000000000000007070707000707070000070000000000000000000700000707070707070707070700000707000007070700000007070000070000000000000000000000000000000000000000000000000000000000000000000000000007000000000000000000000000000000000000000000000000
310
00000000000000000000000000000000000000000000000000000000000000000000000000000000000000000000000000000000000000000000000000000000000000000000000000000000000000000000000000000000000000000000000000000000000000000000000000000000000000000000000000000000000000
310
00000000000000000000000007000000000000000000000000000000000000000000000000000000000000000000000000000000000000000000000000000000000000000000000707070707000707070707070707070707000000000000000000000000000000000000000000000000000000000000000000000000000000
310
00000000000000000000000000000000000000000707070707070707070707070707070707070707070707070707070707070707070707070707070707070707070707070707070707070707070707070707070707070707070707070707070707070707070707070707070707070707070000070007000707070700070707
310
00000700070700000000070000000000000707070707070707070707070707000000000000000007000007000707070707070007000000070000070707070000070000000700000000000000000000000000000000000000000000000000000000000000000000000000070000000000000000000000000000000000000000
310
00000000000000000000000000000000000000000000000000000000000000000000000000000000000000000000000000000000000000000000000000000000000000000000000000000000000000000000000000000000000000000000000000000000000000000000000000000000000000000000000000000000000000
310
00000000000000000000000000000000070707070707070707070707070707070707070707070707070707070707070707070707070707070707070707070707070707070707070707070707070707070707070707070707070707070707070707070707070707070707070707070707070707070707070707070707070707
310
07070707070707070707070707070707070707070707070707000707070707070707070707070007070000070707070707070707070007070007070707070707070707070700070000000707070707070707000000000000070000070707070700000000070007070700070700070707070700000700000707070007070007
310
00070007000007000707000000000700000000000000070007070700070707000007000000000000000000070000070707070700070000070000070700000707070000000700000007000000000000000000000000000000000000000000000000000000000000000000000000000700000000000000000000000000000000
310
00000000000000000000000000000000000000000000000000000000000000000000000000000000000000000000000000000000000000000000000000000000000000000000000000000000000000000000000000000000000000000000000000000000000000000000000000000000000000000000000000000000000000
310
00000000000000000000000000000000000000000707070707070000070000000000000000000000000000000000000000000000000007070707070707070707070700070707070707070000000000000000000000000000000000000000000000000000000707070707070707000007000007070707000000000707070707
310
00070007070700000700000000000707070707070707000000000000070007070707070707070707070700070707000707070007070707070700070700070707070707070707070707000700000007070707070707070000000000000700000707070707070000000700070707000707000707070707000007000007070707
310
00070007000707000000070000070000000007000000000000000007070707000000000707070000000000000000000700000707070707070707070707000007000007070707000007000000070000000000000000000000000000000000000000000000000000000000000000000000000007000000000000000000000000
310
00000000000000000000000000000000000000000000000000000000000000000000000000000000000000000000000000000000000000000000000000000000000000000000000000000000000000000000000000000000000000000000000000000000000000000000000000000000000000000000000000000000000000
310
00000000000000000000000000000000000000000000000007070707070700000700000000000000000000000000000000000000000000000000070707070700070007070707070700070707070700000000000000000000000000000000000000000000000000000007070707070707070000070000000707070000000007
310
07070707070707070707000007000000000007070707070707000000000000000700070707070707070707070707000707070007070707070707070707000707000707070707070707070707070007000000070707070700070700000000000007000007070707070700000007000707070707000707070707070700070000
310
00000000000000000000000000000000000000000000070000000000000000000700000000000000000000000000000000000007000000000000000000000000000000000000000000000000000000000700000000000000000000000000000000000000000000000000000000000000000000000000070000000000000000
310
00000000000000000000000000000000000000000000000000000000000000000000000000000000000000000000000000000000000000000000000000000000000000000000000000000000000000000000000000000000000000000000000000000000000000000000000000000000000000000000000000000000000000
310
00000000000000000000000000000000000000000000000000000000070707070700070007000000000000000000000000000000000000000000000000000707070707070707070707070707070707070707000000000000000000000000000000000000000000000000000000070707070707070700000700000707070007
310
00000007070007070707070707070000070000000000070707000707070700000000000007000007070707070707070700070707070707070007070707070707070000070707070007070707070707070700070707070707070707070707070707070707070707070707070707070707070707070707070707070707070707
310
07070707070707070707070707070707070707070707070707070707070707070707070707070707070707070707070707070707070707070707070707070707070707070707070707070707070707070707070707000000000000000000000000000000000000000000000000000000000000000000000000000700000000
310
00000000000000000000000000000000000000000000000000000000000000000000000000000000000000000000000000000000000000000000000000000000000000000000000000000000000000000000000000000000000000000000000000000000000000000000000000000000000000000000000000000000000000
310
00000000000000000000000000000000000000000000000000000000000000000707070707070707070707070707070707070707070707070707070707070707070707070707070707070707070707070707070707070707070707070707070707070707070707070707070707070707070707070707070707070707070707
310
07070707070707070707070707070707070707070707070707070707070707070707070707070707070000070707070707070707000707070707070000070707070707070700000707070007070707070707070707000700000000000000000000000000000000000700000707070707070000000700000000070707070707
310
07000000000700000000070000070000000700000000000000000000000000000000000000000000000000000000000000000000000000000000000000000000000000000700000000000000000000000000000000000000070000000000000000000000000000000000000000000000000000000000000000000000000007
310
00000000000000000000000000000000000000000000000000000000000000000000000000000000000000000000000000000000000000000000000000000000000000000000000000000000000000000000000000000000000000000000000000000000000000000000000000000000000000000000000000000000000000
310
00000000000000000000000000000000000000000000000000000000000000000000000000000000000000000000000000000000000000000000000000000000000000000000000000000000000000000000000000000000000000000000000000000000000000000000000000000000000000000000000000000000000000
310
00000000000000000000000000000000000000000000000000000000000000000000000000000000000000000700000707070007070000070007070707070707000707070707070707070007070707070007070707070707070007000000000000000000000000000000000007000007070707070700000007000000000707
310
07000707000000000007000000000700000700000007000000000000000000000000000000000000000000000000000000000000000000000000000000000000000000000000000007000000000000000000000000000000000000000700000000000000000000000000000000000000000000000000000000000000000000
310
00000007000000000000000000000000000000000000000000000000000000000000000000000000000000000000000000000000000000000000000000000000000000000000000000000000000000000000000000000000000000000000000000000000000000000000000000000000000000000000000000000000000000
310
00000000000000000000000000000000000000000000000000000000000000000000000000000000000000000000000000000000000000000000000000000000000000000000000000000000000000000000000000000000000000000000000000000000000000000000000000000000000000000000000000000000000000
310
00000000000000000000000000000000000000000000000000000000000000000000000000000000000000000000000007000700070707070707070707000007070707000707070707070707070707070707070007070707000707070000070707070707070707070707070707070707070707070707070707070707070707
310
07070707070707070707070707070000000007000007000000070000000000000000000000000000000000000000000000000000000000000000000000000000000000000000000000000000070000000000000000000000000000000000000007000000000000000000000000000000000000000000000000000000000000
310
00000000000000070000000000000000000000000000000000000000000000000000000000000000000000000000000000000000000000000000000000000000000000000000000000000000000000000000000000000000000000000000000000000000000000000000000000000000000000000000000000000000000000
310
00000000000000000000000000000000000000000000000000000000000000000000000000000000000000000000000000000000000000000000000000000000000000000000000000000000000000000000000000000000000000000000000000000000000000000000000000000000000000000000000000000000000000
310
00000000000000000000000000000000000000000000000000000000000000000000000000000000000000000000000000000000070007070707070707070707070000000707070707070707070707070707070707070700070707070707070707000700000000000000000000000000000000000000000000000000000000
310
00000000000000000000000000000000000700000000070707000000000700000000000000000000000000000000000000000000000000000000000000000000000000000000000000000000000000000700000000000000000000000000000000000000070000000000000000000000000000000000000000000000000000
310
00000000000000000000000700000000000000000000000000000000000000000000000000000000000000000000000000000000000000000000000000000000000000000000000000000000000000000000000000000000000000000000000000000000000000000000000000000000000000000000000000000000000000
310
00000000000000000000000000000000000000000000000000000000000000000000000000000000000000000000000000000000000000000000000000000000000000000000000000000000000000000000000000000000000000000000000000000000000000000000000000000000000000000000000000000000000000
310
00000000000000000000000000000000000000000000000000000000000000000000000000000000000000000000000000000000000000000700000000000000000000000000000000000000000000000000000000000000000000000000000000000000000007000000000000000000000000000000000000000000000000
310
00000000000000000000000000000000000000000007000000000700000700000007000000000000000000000000000000000000000000000000000000000000000000000000000000000000000000000000000007000000000000000007070707000000000000000700000000000000000000000000000000000000000000
310
00000000000000000000000000000007000000000000000000000000000000000000000000000000000000000000000000000000000000000000000000000000000000000000000000000000000000000000000000000000000000000000000000000000000000000000000000000000000000000000000000000000000000
310
00000000000000000000000000000000000000000000000000000000000000000000000000000000000000000000000000000000000000000000000000000000000000000000000000000000000000000000000000000000000000000000000000000000000000000000000000000000000000000000000000000000000000
310
00000000000000000000000000000000000000000000000000000000000000000000000000000000000000000000000000000000000000000000000007000000070707070707070707070707070007070707000707070707000707070707070707070700070707000000070000000000000000000000000000000000000000
310
00000000000000000000000000000000000000000000000000070000000007000007000000070000000000000000000000000000000000000000000000000000000000000000000000000000000000000000000000000000070000000000000000000000000000000000000007000000000000000000000000000000000000
310
00000000000000000000000000000000000000070000000000000000000000000000000000000000000000000000000000000000000000000000000000000000000000000000000000000000000000000000000000000000000000000000000000000000000000000000000000000000000000000000000000000000000000
310
00000000000000000000000000000000000000000000000000000000000000000000000000000000000000000000000000000000000000000000000000000000000000000000000000000000000000000000000000000000000000000000000000000000000000000000000000000000000000000000000000000000000000
310
00000000000000000000000000000000000000000000000000000000000000000000000000000000000000000000000000000000000000000000000000000000070000000707070707070707070707070700070707070007070707070007070707070707070707000707070000000700000000000000000000000000000000
310
00000000000000000000000000000000000000000000000000000000000700000000070007000000000700000000000000000000000000000000000000000000000000000000000000000000000000000000000000000000000000000700000000000000000000000000000000000000070000000000000000000000000000
310
00000000000000000000000000000000000000000000000700000000000000000000000000000000000000000000000000000000000000000000000000000000000000000000000000000000000000000000000000000000000000000000000000000000000000000000000000000000000000000000000000000000000000
310
00000000000000000000000000000000000000000000000000000000000000000000000000000000000000000000000000000000000000000000000000000000000000000000000000000000000000000000000000000000000000000000000000000000000000000000000000000000000000000000000000000000000000
310
00000000000000000000000000000000000000000000000000000000000000000000000000000000000000000000000000000000000000000000000000000000000000000700000007070707000707070707070707070707070700070707070707070707070700070707000707070700000007000000000000000000000000
310
00000000000000000000000000000000000000000000000000000000000000000007000000070707070000000007000000000000000000000000000000000000000000070000000000000007000000000000000000000000000000000000000007000000000000000000000000000000000000000700000000000000000000
310
00000000000000000000000000000000000000000000000000000007000000000000000000000000000000000000000000000000000000000000000000000000000000000000000000000000000000000000000000000000000000000000000000000000000000000000000000000000000000000000000000000000000000
310
00000000000000000000000000000000000000000000000000000000000000000000000000000000000000000000000000000000000000000000000000000000000000000000000000000000000000000000000000000000000000000000000000000000000000000000000000000000000000000000000000000000000000
310
00000000000000000000000000000000000000000000000000000000000000000000000000000000000000000000000000000000000000000000000000000000000000000000000007000000070707070007070707070707070707070707000707070707070707070707000707070007070707070000070007000707070707
310
07070707000700070707070007070007070700000000000000000000000000000000000000070000070707070707070700070000000000000007070707070700000707070007000707000007070707070000070707070700070707000700000000000000070000000000070007070700070000000000000007000000000000
310
00000000000000000000000000000000000000000000000000000000000000070000000000000000000000000000000000000000000000000000000000000000000000000000000000000000000000000000000000000000000000000000000000000000000000000000000000000000000000000000000000000000000000
310
00000000000000000000000000000000000000000000000000000000000000000000000000000000000000000000000000000000000000000000000000000000000000000000000000000000000000000000000000000000000000000000000000000000000000000000000000000000000000000000000000000000000000
310
00000000000000000000000000000000000000000000000000000000000000000000000000000000000000000000000000000000000000000000000000000000000000000000000000000000070000000707070700070707070707070707070707070007070707070707070707070007070707070707070700000700070007
310
00070707070707000007070707070700070707070707000000000000000000000000000000000000000700000700070007000700000700000000000000070007070707000007000707070700000000070707000000000707070007070700070700000000000000000700000000000707070700000700000000000000070000
310
00000000000000000000000000000000000000000000000000000000000000000000000700000000000000000000000000000000000000000000000000000000000000000000000000000000000000000000000000000000000000000000000000000000000000000000000000000000000000000000000000000000000000
310
00000000000000000000000000000000000000000000000000000000000000000000000000000000000000000000000000000000000000000000000000000000000000000000000000000000000000000000000000000000000000000000000000000000000000000000000000000000000000000000000000000000000000
310
00000000000000000000000000000000000000000000000000000000000000000000000000000000000000000000000000000000000000000000000000000000000000000000000000000000000000000700000000000007070707000707070707070707000707070700070707070707070707070707070707000000000007
310
00070007000707070707000000070007070007000707070700000000000000000000000000000000000000000007000007070700070007000007000000000000000700070707070000070707070700070000000700070000000007070700070707000707000000000000000007000000000007000707000700070000000000
310
00070000000000000000000000000000000000000000000000000000000000000000000000000007000000000000000000000000000000000000000000000000000000000000000000000000000000000000000000000000000000000000000000000000000000000000000000000000000000000000000000000000000000
310
00000000000000000000000000000000000000000000000000000000000000000000000000000000000000000000000000000000000000000000000000000000000000000000000000000000000000000000000000000000000000000000000000000000000000000000000000000000000000000000000000000000000000
310
00000000000000000000000000000000000000000000000000000000000000000000000000000000000000000000000000000000000000000000000000000000000000000000000000000000000000000000000007000000000000070707070707070707070707070007070707000707070707070707070707070707000000
310
00000007000707070000070707070707000707070700070707070007070700000000000000000000000000000000000000070000070707070707070700070000000000000007070707070700000707000707070000000007000700000000070707000007000707000700000000000000070000000000070707070707000700
310
00000000000700000000000000000000000000000000000000000000000000000000000000000000000000070000000000000000000000000000000000000000000000000000000000000000000000000000000000000000000000000000000000000000000000000000000000000000000000000000000000000000000000
310
00000000000000000000000000000000000000000000000000000000000000000000000000000000000000000000000000000000000000000000000000000000000000000000000000000000000000000000000000000000000000000000000000000000000000000000000000000000000000000000000000000000000000
310
00000000000000000000000000000000000000000000000000000000000000000000000000000000000000000000000000000000000000000000000000000000000000000000000000000000000000000000000000000000070000000000000707070707070707070707070700070707070007070707070707070707070707
310
07000000000000070707070707070707070707070707070707070707070707070707070707070707070707070707070707070707070707070707070707070707070707070707070707070707070707070707070707070707070707070707070707070707070707070707070707070707070707070707070707070707070707
310
07070707070707070707000000000000000000000000000000000000000000000000000000000000000000000000000700000000000000000000000000000000000000000000000000000000000000000000000000000000000000000000000000000000000000000000000000000000000000000000000000000000000000
310
00000000000000000000000000000000000000000000000000000000000000000000000000000000000000000000000000000000000000000000000000000000000000000000000000000000000000000000000000000000000000000000000000000000000000000000000000000000000000000000000000000000000000
310
00000000000000000000000000000000000000000000000000000000000000000000000000000000000000000000000000000000000000000000000000000000000000000000000000000000000000000000000000000000000000000707070707070707070707070707070707070707070707070707070707070707070707
310
07070707070707070707070700000000000000000000000000000000000000000000000000000000000000000000000000000000000000000000000000000000000000000007000000000000000000000000000000000000000000000000000007070707070707070707070707070707070707070707070707070707070707
310
07070707070707070707070700070000000000000000000000000000000000000000000000000000000000000000000000000007000000000000000000000000000000000000000000000000000000000000000000000000000000000000000000000000000000000000000000000000000000000000000000000000000000
310
00000000000000000000000000000000000000000000000000000000000000000000000000000000000000000000000000000000000000000000000000000000000000000000000000000000000000000000000000000000000000000000000000000000000000000000000000000000000000000000000000000000000000
310
00000000000000000000000000000000000000000000000000000000000000000000000000000000000000000000000000000000000000000000000000000000000000000000000000000000000000000000000000000000000000000000000007000000000000000007070707070707070707000707070707070707070707
310
00070707070707000000000000000007000707070707070707070707070707070700070000070007070707070707070700000000000000000000000000000000000000000000000000070000070700000000000000000000000000000000070707000007070707070707070707070707070707070707070707070707070707
310
07070707070707070707070707070707000700000000000000000000000000000000000000000000000000000000000000000000000000070000000000000000000000000000000000000000000000000000000000000000000000000000000000000000000000000000000000000000000000000000000000000000000000
310
00000000000000000000000000000000000000000000000000000000000000000000000000000000000000000000000000000000000000000000000000000000000000000000000000000000000000000000000000000000000000000000000000000000000000000000000000000000000000000000000000000000000000
310
00000000000000000000000000000000000000000000000000000000000000000000000000000000000000000000000000000000000000000000000000000000000000000000000000000000000000000000000000000000000000000000000000000000070000000000000000070707070707070707070007070707070707
310
07070707000707070707070000000000000000070007070700070007070700070707070007070700000707070707070000070707000000000000000000000000000000000000000000000000000700000707000000000000000000000000000000000007070000070707070707070707070707070707070707070707070707
310
07070707070707070707070007070700070707070007000000000000000000000000000000000000000000000000000000000000000000000000000700000000000000000000000000000000000000000000000000000000000000000000000000000000000000000000000000000000000000000000000000000000000000
310
00000000000000000000000000000000000000000000000000000000000000000000000000000000000000000000000000000000000000000000000000000000000000000000000000000000000000000000000000000000000000000000000000000000000000000000000000000000000000000000000000000000000000
310
00000000000000000000000000000000000000000000000000000000000000000000000000000000000000000000000000000000000000000000000000000000000000000000000000000000000000000000000000000000000000000000000000000000000000000700000000000007070707070707000707070707070700
310
07070707070707070707000000070707070000000000000700070707000700070707000707070700070707000007070007070707070707070000000000000000000000000000000000000000000000000007000007070000000000000000000000000000000000000707000707070707070707070707070707070707070707
310
07070707070707070707070007070700070707000707070000070000000000000000000000000000000000000000000000000000000000000000000000000007000000000000000000000000000000000000000000000000000000000000000000000000000000000000000000000000000000000000000000000000000000
310
00000000000000000000000000000000000000000000000000000000000000000000000000000000000000000000000000000000000000000000000000000000000000000000000000000000000000000000000000000000000000000000000000000000000000000000000000000000000000000000000000000000000000
310
00000000000000000000000000000000000000000000000000000000000000000000000000000000000000000000000000000000000000000000000000000000000000000000000000000000000000000000000000000000000000000000000000000000000000000000000007000000000000070707070707070007070007
310
07070700070707070707070707070007070707070700000000000007000007070007000707070707070707000700070000000700070707070007070700000000000000000000000000000000000000000000000000070000070700000700000000000007000000000000000007070700000707000007000000000007000000
310
00000007000000000007000007070000000000000000000000000000000700000000000000000000000000000000000000000000000000000000000000000000000000070000000000000000000000000000000000000000000000000000000000000000000000000000000000000000000000000000000000000000000000
310
00000000000000000000000000000000000000000000000000000000000000000000000000000000000000000000000000000000000000000000000000000000000000000000000000000000000000000000000000000000000000000000000000000000000000000000000000000000000000000000000000000000000000
310
00000000000000000000000000000000000000000000000000000000000000000000000000000000000000000000000000000000000000000000000000000000000000000000000000000000000000000000000000000000000000000000000000000000000000000000000000000000070000000000000707070707070700
310
07070007070707000707070707070707070700070707070707000000000000070007070707070700070707070707070707070000000000000000000000000000000000000000000000000000000000000000000000000000000700000707070707070700000707070707070007070000000707000707070707070707000707
310
07070707070707070700070707070700000700000000000000000000000000000007000000000000000000000000000000000000000000000000000000000000000000000000000700000000000000000000000000000000000000000000000000000000000000000000000000000000000000000000000000000000000000
310
00000000000000000000000000000000000000000000000000000000000000000000000000000000000000000000000000000000000000000000000000000000000000000000000000000000000000000000000000000000000000000000000000000000000000000000000000000000000000000000000000000000000000
310
00000000000000000000000000000000000000000000000000000000000000000000000000000000000000000000000000000000000000000000000000000000000000000000000000000000000000000000000000000000000000000000000000000000000000000000000000000000000000000700000000000000070007
310
07070007070707070707000707070707070707070700000007070707000000000000000700070707070707000700070707000707070000000000000000000000000000000000000000000000000000000000000000000000000000000007000007070707070707000007070707070700070700000007070707070707070007
310
07000707000707070707070707000707070007070707000000000000000000000000000000070000000000000000000000000000000000000000000000000000000000000000000000000007000000000000000000000000000000000000000000000000000000000000000000000000000000000000000000000000000000
310
00000000000000000000000000000000000000000000000000000000000000000000000000000000000000000000000000000000000000000000000000000000000000000000000000000000000000000000000000000000000000000000000000000000000000000000000000000000000000000000000000000000000000
310
00000000000000000000000000000000000000000000000000000000000000000000000000000000000000000000000000000000000000000000000000000000000000000000000000000000000000000000000000000000000000000000000000000000000000000000000000000000000000000000000007000000000000
310
00070707070700070700070707070007070707070707070707000707070707070000000000000007000707070700070007000707070007000700000000000000000000000000000000000000000000000000000000000000000000000000000000070000070700000007070707070000000707070707000007070707070707
310
00000000000707000000070707000000070707000000000700070000000000000000000000000000000700000000000000000000000000000000000000000000000000000000000000000000000000070000000000000000000000000000000000000000000000000000000000000000000000000000000000000000000000
310
00000000000000000000000000000000000000000000000000000000000000000000000000000000000000000000000000000000000000000000000000000000000000000000000000000000000000000000000000000000000000000000000000000000000000000000000000000000000000000000000000000000000000
310
00000000000000000000000000000000000000000000000000000000000000000000000000000000000000000000000000000000000000000000000000000000000000000000000000000000000000000000000000000000000000000000000000000000000000000000000000000000000000000000000000000000070000
310
00000000000707000707000707000707070700070707070707070707070007070007070700000000000000070707070707070707070707070707070707070707070707070707070707070707070707070707070707070707070707070707070707070707070700000707000000000707070700000000070707070000070707
310
07070707000000000007070000000007070000070707070707070707070700000000000000000000000000000007000000000000000000000000000000000000000000000000000000000000000000000000000700000000000000000000000000000000000000000000000000000000000000000000000000000000000000
310
00000000000000000000000000000000000000000000000000000000000000000000000000000000000000000000000000000000000000000000000000000000000000000000000000000000000000000000000000000000000000000000000000000000000000000000000000000000000000000000000000000000000000
310
00000000000000000000000000000000000000000000000000000000000000000000000000000000000000000000000000000000000000000000000000000000000000000000000000000000000000000000000000000000000000000000000000000000000000000000000000000000000000000000000000000000000000
310
00070000000000000000070707070707070707070707070007070707070707070707000000000707000000000000000700000000000000000000000000000000000000000000000000000000000000000000000000000000000000000000000000000000000000000007000007070000000707070707000000070707070700
310
00070700070707070000000000070700000007070707070700070707070707070707000000000000000000000000000000070000000000000000000000000000000000000000000000000000000000000000000000000007000000000000000000000000000000000000000000000000000000000000000000000000000000
310
00000000000000000000000000000000000000000000000000000000000000000000000000000000000000000000000000000000000000000000000000000000000000000000000000000000000000000000000000000000000000000000000000000000000000000000000000000000000000000000000000000000000000
310
00000000000000000000000000000000000000000000000000000000000000000000000000000000000000000000000000000000000000000000000000000000000000000000000000000000000000000000000000000000000000000000000000000000000000000000000000000000000000000000000000000000000000
310
00000000000700000000000000000707070707070707070707070707070707070707070707070700000707070000000000000007000707070007000007070007070707000000070707000000000000000000000000000000000000000000000000000000000000000000000000070000070707070707070000070707070707
310
00070700070700000707070707000000070007000000070707070700070007070000070700070000000000000000000000000000000700000000000000000000000000000000000000000000000000000000000000000000000000070000000000000000000000000000000000000000000000000000000000000000000000
310
00000000000000000000000000000000000000000000000000000000000000000000000000000000000000000000000000000000000000000000000000000000000000000000000000000000000000000000000000000000000000000000000000000000000000000000000000000000000000000000000000000000000000
310
00000000000000000000000000000000000000000000000000000000000000000000000000000000000000000000000000000000000000000000000000000000000000000000000000000000000000000000000000000000000000000000000000000000000000000000000000000000000000000000000000000000000000
310
00000000000000000007000000000000000707070707070707070707070707070007070707070700070707000007070700000000000000070007000707000000070707000707000000070700070000000000000000000000000000000000000000000000000000000000000000000000000700000707070707070700000707
310
07070707000707070707000000070707070707070700070707070707070707070700000707070700000700000000000000000000000000000007000000000000000000000000000000000000000000000000000000000000000000000000000700000000000000000000000000000000000000000000000000000000000000
310
00000000000000000000000000000000000000000000000000000000000000000000000000000000000000000000000000000000000000000000000000000000000000000000000000000000000000000000000000000000000000000000000000000000000000000000000000000000000000000000000000000000000000
310
00000000000000000000000000000000000000000000000000000000000000000000000000000000000000000000000000000000000000000000000000000000000000000000000000000000000000000000000000000000000000000000000000000000000000000000000000000000000000000000000000000000000000
310
00000000000000000000000000070000000000070707070707070707070707070007070707000707070007070707070707070707070707000000000700070700070707070707000707070007070707000700000000000000000000000000000000000000000000000000000000000000000000000007000000000000070000
310
00000000070700000007070000000000000007070707070707070707070707070707070707070707070707070707000000000000000000000000000000070000000000000000000000000000000000000000000000000000000000000000000000000007000000000000000000000000000000000000000000000000000000
310
00000000000000000000000000000000000000000000000000000000000000000000000000000000000000000000000000000000000000000000000000000000000000000000000000000000000000000000000000000000000000000000000000000000000000000000000000000000000000000000000000000000000000
310
00000000000000000000000000000000000000000000000000000000000000000000000000000000000000000000000000000000000000000000000000000000000000000000000000000000000000000000000000000000000000000000000000000000000000000000000000000000000000000000000000000000000000
310
00000000000000000000000000000000000700000000000707070707070707070707070700070707070007070700070707070707070707070707070000000007000707070007000000070707070707000007070707000000000000000000000000000000000000000000000000000000000000000000000000070000000000
310
00000000000000000000000000070700000000000000000707070707070707070707070707070707070707070707070700000000000000000000000000000000000700000000000000000000000000000000000000000000000000000000000000000000000000070000000000000000000000000000000000000000000000
310
00000000000000000000000000000000000000000000000000000000000000000000000000000000000000000000000000000000000000000000000000000000000000000000000000000000000000000000000000000000000000000000000000000000000000000000000000000000000000000000000000000000000000
310
00000000000000000000000000000000000000000000000000000000000000000000000000000000000000000000000000000000000000000000000000000000000000000000000000000000000000000000000000000000000000000000000000000000000000000000000000000000000000000000000000000000000000
310
00000000000000000000000000000000000000000007000000000007070707070707070707070707000707070700070707000707070707070707070707070700000000070007000707070700070000000007000707070700000000000000000000000000000000000000000000000000000000000000000000000000000700
310
00000000000000000000000000000000000707000000000000000000000000000000000000000000000000000000000000000000000000000000000000000000000000000007000000000000000000000000000000000000000000000000000000000000000000000000000700000000000000000000000000000000000000
310
00000000000000000000000000000000000000000000000000000000000000000000000000000000000000000000000000000000000000000000000000000000000000000000000000000000000000000000000000000000000000000000000000000000000000000000000000000000000000000000000000000000000000
310
00000000000000000000000000000000000000000000000000000000000000000000000000000000000000000000000000000000000000000000000000000000000000000000000000000000000000000000000000000000000000000000000000000000000000000000000000000000000000000000000000000000000000
310
00000000000000000000000000000000000000000000000000070000000000070707070707070707000707070707070707070707070000070707070707070707070700000000000700070007070707000700000000070707070707000000000000000000000000000000000000000000000000000000000000000000000000
310
00000700000000000000000000000000000000000007070000000000000000000000000000000000000000000000000000000000000000000000000000000000000000000000000000070000000000000000000000000000000000000000000000000000000000000000000000000007000000000000000000000000000000
310
00000000000000000000000000000000000000000000000000000000000000000000000000000000000000000000000000000000000000000000000000000000000000000000000000000000000000000000000000000000000000000000000000000000000000000000000000000000000000000000000000000000000000
310
00000000000000000000000000000000000000000000000000000000000000000000000000000000000000000000000000000000000000000000000000000000000000000000000000000000000000000000000000000000000000000000000000000000000000000000000000000000000000000000000000000000000000
310
00000000000000000000000000000000000000000000000000000000000700000000000707070707070707070007070707070707070007070700070707070707070707070707070000000007000707070707070007000000000707070007000000000000000000000000000000000000000000000000000000000000000000
310
00000000000007000000000000000000000000000000000000070700000000000000000000000000000000000000000000000000000000000000000000000000000000000000000000000000000700000000000000000000000000000000000000000000000000000000000000070700000000070000000000000000000000
310
00000000000000000000000000000000000000000000000000000000000000000000000000000000000000000000000000000000000000000000000000000000000000000000000000000000000000000000000000000000000000000000000000000000000000000000000000000000000000000000000000000000000000
310
00000000000000000000000000000000000000000000000000000000000000000000000000000000000000000000000000000000000000000000000000000000000000000000000000000000000000000000000000000000000000000000000000000000000000000000000000000000000000000000000000000000000000
310
00000000000000000000000000000000000000000000000000000000000000000007000000000007070707070707070700070707070707070707070707000707070707070707070707070700000000070007070707070707070000000007070707070000000000000000000000000000000000000000000000000000000000
310
00000000000000000000070000000000000000000000000000000000000707000000000000000000000000000000000000000000000000000000000000000000000000000000000000000000000000000007000000000000000000000000000000000000000000000000000000000000000707000000000700000000000000
310
00000000000000000000000000000000000000000000000000000000000000000000000000000000000000000000000000000000000000000000000000000000000000000000000000000000000000000000000000000000000000000000000000000000000000000000000000000000000000000000000000000000000000
310
00000000000000000000000000000000000000000000000000000000000000000000000000000000000000000000000000000000000000000000000000000000000000000000000000000000000000000000000000000000000000000000000000000000000000000000000000000000000000000000000000000000000000
310
00000000000000000000000000000000000000000000000000000000000000000000000000070707070707070707070707070707070707070707070707070707070707070707070707070707070707070707070707070707070707070707070707070707070707070707070707070707070707070707070707070707070707
310
07070707070707070707070707070707070707070707070707070707070707070707070707070707070707070707070707070707070707070707070707070707070707070707070707070707070707070707070707070000070007000000000000000000000000000000000000000000000000000007070000000007000000
310
00000000000000000000000000000000000000000000000000000000000000000000000000000000000000000000000000000000000000000000000000000000000000000000000000000000000000000000000000000000000000000000000000000000000000000000000000000000000000000000000000000000000000
310
00000000000000000000000000000000000000000000000000000000000000000000000000000000000000000000000000000000000000000000000000000000000000000000000000000000000000000000000000000000000000000000000000000000000000000000000000000000000000000000000000000000000000
310
00000000000000000000000000000000000000000000000000000000000000000000000000000000000000000000000000000000000000000000000000000000000000000000000000000000000000000000000000000000000000000000000000000000000000000000000000000000000000000000000000000000000000
310
00000000000000000000000000000000000000000000000000000000000000000000000000000000000000000000000000000000000000000000000000000000000000000000000000000000000000000000000000000000000700000707070000000000000000000000000000000000000000000000000000000700000000
310
07000000000000000000000000000000000000000000000000000000000000000000000000000000000000000000000000000000000000000000000000000000000000000000000000000000000000000000000000000000000000000000000000000000000000000000000000000000000000000000000000000000000000
310
00000000000000000000000000000000000000000000000000000000000000000000000000000000000000000000000000000000000000000000000000000000000000000000000000000000000000000000000000000000000000000000000000000000000000000000000000000000000000000000000000000000000000
310
00000000000000000000000000000000000000000000000000000000000000000000000000000000000000000000000000000000000000000000000000000000000000000000000000000000000000000000000000000000000000000000000000000000000000000000000000000000000000000000000000000000000000
310
00000000000000000000000000000000000000000000000000000000000000000000000000000000000000000000000000000000000000000000000000000000000000000000000000000000000000000000000000000000000000000007000007070000000000000000000000000000000000000000000000000000000000
310
00000000070000000000000000000000000000000000000000000000000000000000000000000000000000000000000000000000000000000000000000000000000000000000000000000000000000000000000000000000000000000000000000000000000000000000000000000000000000000000000000000000000000
310
00000000000000000000000000000000000000000000000000070000000000000000000000000000000000000000000000000000000000000000000000000000000000000000000000000000000000000000000000000000000000000000000000070000000000000000000000000000000000000000000000000000000000
310
00000000000000000000000000000000000000000000000000000000000000000000000000000000000000000000000000000000000000000000000000000000000000000000000000000000000000000000000000000000000000000000000000000000000000000000000000000000000000000000000000000000000000
310
00000000000000000000000000000000000000000000000000000000000000000000000000000000000000000000000000000000000000000000000000000000000000000000000000000000000000000000000000000000000000000000000000070000000700000000000000000000000000000000000000000000000000
310
00000000000000000700000000000000000000000000000000000000000000000000000000000000000000000000000000000000000000000000000000000000000000000000000000000000000000000000000000000000000000000000000000000000000000000000000000000000000000000000000000000000000000
310
00000000000000000000000000000000000000000000000000000000000700000000000000000000000000000000000000000000000000000000000000000000070700000000000000000000000007070000000000000000000000000000000000000000000700000000000000000000000000000000000000000000000000
310
00000000000000000000000000000000000000000000000000000000000000000000000000000000000000000000000000000000000000000000000000000000000000000000000000000000000000000000000000000000000000000000000000000000000000000000000000000000000000000000000000000000000000
310
00000000000000000000000000000000000000000000000000000000000000000000000000000000000000000000000000000000000000000000000000000000000000000000000000000000000000000000000000000000000000000000000000000000000700000000000000000000000000000000000000000000000000
310
00000000000000000000000007000000000000000000000000000000000000000000000000000000000000000000000000000000000000000000000000000000000000000000000000000000000000000000000000000000000000000000000000000000000000000000000000000000000000000000000000000000000000
310
00000000000000000000000000000000000000000000000000000000000000000007000000000000000000000000000000000000000007070700000707070707070700000700070707070707070707000000000700000000000000000000000000000000000000000007000000000000000000000000000000000000000000
310
00000000000000000000000000000000000000000000000000000000000000000000000000000000000000000000000000000000000000000000000000000000000000000000000000000000000000000000000000000000000000000000000000000000000000000000000000000000000000000000000000000000000000
310
00000000000000000000000000000000000000000000000000000000000000000000000000000000000000000000000000000000000000000000000000000000000000000000000000000000000000000000000000000000000000000000000000000000000000000007000000000000000000000000000000000000000000
310
00000000000000000000000000000000070000000000000000000000000000000000000000000000000000000000000000000000000000000000000000000000000000000000000000000000000000000000000000000000000000000000000000000000000000000000000000000000000000000000000000000000000000
310
00000000000000000000000000000000000000000000000000000000000000000000000000070000070700000000000000000000000000000000070000000707070707070007000007070007070007070007070000000007000000000000000000000000000000000007070000070000000000000000000000000000000000
310
00000000000000000000000000000000000000000000000000000000000000000000000000000000000000000000000000000000000000000000000000000000000000000000000000000000000000000000000000000000000000000000000000000000000000000000000000000000000000000000000000000000000000
310
00000000000000000000000000000000000000000000000000000000000000000000000000000000000000000000000000000000000000000000000000000000000000000000000000000000000000000000000000000000000000000000000000000000000000000000000000070000000000000000000000000000000000
310
00000000000000000000000000000000000000000700000000000000000000000000000000000000000000000000000000000000000000000000000000000000000000000000000000000000000000000000000000000000000000000000000000000000000000000000000000000000000000000000000000000000000000
310
00000000000000000000000000000000000000000000000000000000000000000000000000000000000707070707070707070707070707070707070707070707070007070707070707070000070707070700000700070700000000070007070707070707070707070707070707070707070700000000000000000000000000
310
00000000000000000000000000000000000000000000000000000000000000000000000000000000000000000000000000000000000000000000000000000000000000000000000000000000000000000000000000000000000000000000000000000000000000000000000000000000000000000000000000000000000000
310
00000000000000000000000000000000000000000000000000000000000000000000000000000000000000000000000000000000000000000000000000000000000000000000000000000000000000000000000000000000000000000000000000000000000000000000000000000000000700000000000000000000000000
310
00000000000000000000000000000000000000000000000007000000000000000000000000000000000000000000000000000000000000000000000000000000000000000000000000000000000000000000000000000000000000000000000000000000000000000000000000000000000000000000000000000000000000
310
00000000000000000000000000000000000000000000000000000000000000000000000000000000000000000007000000000000000000000000000000000000000007000700000707070707000000000707000007000007000707000000000700000000000000000000000000000000000000000007000000000000000000
310
00000000000000000000000000000000000000000000000000000000000000000000000000000000000000000000000000000000000000000000000000000000000000000000000000000000000000000000000000000000000000000000000000000000000000000000000000000000000000000000000000000000000000
310
00000000000000000000000000000000000000000000000000000000000000000000000000000000000000000000000000000000000000000000000000000000000000000000000000000000000000000000000000000000000000000000000000000000000000000000000000000000000000000007000000000000000000
310
00000000000000000000000000000000000000000000000000000000070000000000000000000000000000000000000000000000000000000000000000000000000000000000000000000000000000000000000000000000000000000000000000000000000000000000000000000000000000000000000000000000000000
310
00000000000000000000000000000000000000000000000000000000000000000000000000000000000000000000000000070000000000000000000000000000000000000000000707000000070707000707000007000707070000070007070000000007000000000000000000000000000000000000000000070000000000
310
00000000000000000000000000000000000000000000000000000000000000000000000000000000000000000000000000000000000000000000000000000000000000000000000000000000000000000000000000000000000000000000000000000000000000000000000000000000000000000000000000000000000000
310
00000000000000000000000000000000000000000000000000000000000000000000000000000000000000000000000000000000000000000000000000000000000000000000000000000000000000000000000000000000000000000000000000000000000000000000000000000000000000000000000000070000000000
310
00000000000000000000000000000000000000000000000000000000000000000700000000000000000000000000000000000000000000000000000000000000000000000000000000000000000000000000000000000000000000000000000000000000000000000000000000000000000000000000000000000000000000
310
00000000000000000000000000000000000000000000000000000000000000000000000000000000000000000000000000000000000700000000000000000700000000000000000000000000000000000000000000000000070700000000000000000000000007070000000000000000000000000700000000000000000700
310
00000000000000000000000000000000000000000000000000000000000000000000000000000000000000000000000000000000000000000000000000000000000000000000000000000000000000000000000000000000000000000000000000000000000000000000000000000000000000000000000000000000000000
310
00000000000000000000000000000000000000000000000000000000000000000000000000000000000000000000000000000000000000000000000000000000000000000000000000000000000000000000000000000000000000000000000000000000000000000000000000000000000000000000000000000000000700
310
00000000000000000000000000000000000000000000000000000000000000000000000007000000000000000000000000000000000000000000000000000000000000000000000000000000000000000000000000000000000000000000000000000000000000000000000000000000000000000000000000000000000000
310
00000000000000000000000000000000000000000000000000000000000000000000000000000000000000000000000000000000000000000007000000000000000007000000000000000000000000000000000000000000000000000707000000000000000000000000070700000000000000000000000007000000000000
310
00000700000000000000000000000000000000000000000000000000000000000000000000000000000000000000000000000000000000000000000000000000000000000000000000000000000000000000000000000000000000000000000000000000000000000000000000000000000000000000000000000000000000
310
00000000000000000000000000000000000000000000000000000000000000000000000000000000000000000000000000000000000000000000000000000000000000000000000000000000000000000000000000000000000000000000000000000000000000000000000000000000000000000000000000000000000000
310
00000700000000000000000000000000000000000000000000000000000000000000000000000000070000000000000000000000000000000000000000000000000000000000000000000000000000000000000000000000000000000000000000000000000000000000000000000000000000000000000000000000000000
310
00000000000000000000000000000000000000000000000000000000000000000000000000000000000000000000000000000000000000000000000000070000000000000000070000000000000000000000070707000700070700070700000007000007000700070707000707000007000000000000000000000000070000
310
00000000000007000000000000000000000000000000000000000000000000000000000000000000000000000000000000000000000000000000000000000000000000000000000000000000000000000000000000000000000000000000000000000000000000000000000000000000000000000000000000000000000000
310
00000000000000000000000000000000000000000000000000000000000000000000000000000000000000000000000000000000000000000000000000000000000000000000000000000000000000000000000000000000000000000000000000000000000000000000000000000000000000000000000000000000000000
310
00000000000007000000000000000000000000000000000000000000000000000000000000000000000000000700000000000000000000000000000000000000000000000000000000000000000000000000000000000000000000000000000000000000000000000000000000000000000000000000000000000000000000
310
00000000000000000000000000000000000000000000000000000000000000000000000000000000000000000000000000000000000000000000000000000000000700000000000000000700000707000000000000000007070007000700070700070000070707070707070700000707070000070000000000000000070700
310
00070000000000000000070000000000000000000000000000000000000000000000000000000000000000000000000000000000000000000000000000000000000000000000000000000000000000000000000000000000000000000000000000000000000000000000000000000000000000000000000000000000000000
310
00000000000000000000000000000000000000000000000000000000000000000000000000000000000000000000000000000000000000000000000000000000000000000000000000000000000000000000000000000000000000000000000000000000000000000000000000000000000000000000000000000000000000
310
00000000000000000000070000000000000000000000000000000000000000000000000000000000000000000000000007000000000000000000000000000000000000000000000000000000000000000000000000000000000000000000000000000000000000000000000000000000000000000000000000000000000000
310
00000000000000000000000000000000000000000000000000000000000000000000000000000000000000000000000000000000000000000000000000000000000000000007000000000000000007070707070707070707070707070000070007070007070000000700070707070000070707070700000700070707070707
310
07070707070700000000000000000700000000000000000000000000000000000000000000000000000000000000000000000000000000000000000000000000000000000000000000000000000000000000000000000000000000000000000000000000000000000000000000000000000000000000000000000000000000
310
00000000000000000000000000000000000000000000000000000000000000000000000000000000000000000000000000000000000000000000000000000000000000000000000000000000000000000000000000000000000000000000000000000000000000000000000000000000000000000000000000000000000000
310
00000000000000000000000000000700000000000000000000000000000000000000000000000000000000000000000000000000070000000000000000000000000000000000000000000000000000000000000000000000000000000000000000000000000000000000000000000000000000000000000000000000000000
310
00000000000000000000000000000000000000000000000000000000000000000000000000000000000000000000000000000000000000000000000000000000000000000000000000070000000000000000070007070700000000000000070700000007070000070007000007000707000700000700070707000007000000
310
00000000000707070007000000000000000007000000000000000000000000000000000000000000000000000000000000000000000000000000000000000000000000000000000000000000000000000000000000000000000000000000000000000000000000000000000000000000000000000000000000000000000000
310
00000000000000000000000000000000000000000000000000000000000000000000000000000000000000000000000000000000000000000000000000000000000000000000000000000000000000000000000000000000000000000000000000000000000000000000000000000000000000000000000000000000000000
310
00000000000000000000000000000000000007000000000000000000000000000000000000000000000000000000000000000000000000000700000000000000000000000000000000000000000000000000000000000000000000000000000000000000000000000000000000000000000000000000000000000000000000
310
00000000000000000000000000000000000000000000000000000000000000000000000000000000000000000000000000000000000000000000000000000000000000000000000000000000000700000000000000000700000000000000000000000007000707070007000707000000070000070007000007070007070000
310
07000000000000000000000000070000000000000000070000000000000000000000000000000000000000000000000000000000000000000000000000000000000000000000000000000000000000000000000000000000000000000000000000000000000000000000000000000000000000000000000000000000000000
310
00000000000000000000000000000000000000000000000000000000000000000000000000000000000000000000000000000000000000000000000000000000000000000000000000000000000000000000000000000000000000000000000000000000000000000000000000000000000000000000000000000000000000
310
00000000000000000000000000000000000000000000070000000000000000000000000000000000000000000000000000000000000000000000000007000000000000000000000000000000000000000000000000000000000000000000000000000000000000000000000000000000000000000000000000000000000000
310
00000000000000000000000000000000000000000000000000000000000000000000000000000000000000000000000000000000000000000000000000000000000000000000000000000000000000000007000000000000000007000000000000000700000000000000000000000000000000000707000000000000000000
310
00000007070000000007000000000000000700000000000000000700000000000000000000000000000000000000000000000000000000000000000000000000000000000000000000000000000000000000000000000000000000000000000000000000000000000000000000000000000000000000000000000000000000
310
00000000000000000000000000000000000000000000000000000000000000000000000000000000000000000000000000000000000000000000000000070000000000000000000000000000000000000000000000000000000000000000000000000000000000000000000000000000000700000000000000000000000000
310
00000000000000000000000000000000000000000000000000000700000000000000000000000000000000000000000000000000000000000000000000000000070000000000000000000000000000000000000000000000000000000000000000000000000000000000000000000000000000000000000000000000000000
310
00000000000000000000000000000000000000000000000000000000000000000000000000000000000000000000000000000000000000000000000000000000000000000000000000000000000000000000000000070000000000000000070000000000000007000000000000000000000000000000000007070000000000
310
00000000000000070700000000070000000000000007000000000000000007000000000000000000000000000000000007070000000000000000000707000000000000000000000000000000000000000000000000000000000000000000000000000000000000000000000000000000000000000000000000000000000000
310
00000000000000000000000000000000000000000000000000000000000000000000000000000000000000000000000000000000000000000000000000000000000700000000000000000000000000000000000000000000000000000007070700000000070700000000000000000000000000000007000000000000000000
310
00000000000000000000000000000000000000000000000000000000000007000000000000000000000000000000000000000000000000000000000000000000000000000700000000000000000000000000000000000000000000000000000000000000000000000000000000000000000000000000000000000000000000
310
00000000000000000000000000000000000000000000000000000000000000000000000000000000000000000000000000000000000000000000000000000000000000000000000000000000000000000000000000000000000700000000000000000700000000000000070000000707070707070707000707000000070007
310
07070707000700070700000007000000000700000000000000070000000000000000070000000000000700070007070007000000070007000707070007000000070000000000000000000000000000000000000000000000000000000000000000000000000000000000000000000000000000000000000000000000000000
310
00000000000000000000000000000000000000000000000000000000000000000000000000000000000000000000000000000000000000000000000000000000000000000007000000000000000000000000000007070707000007070707070000070000070000070007000000000000000000000000000000070000000000
310
00000000000000000000000000000000000000000000000000000000000000000000070000000000000000000000000000000000000000000000000000000000000000000000000007000000000000000000000000000000000000000000000000000000000000000000000000000000000000000000000000000000000000
310
00000000000000000000000000000000000000000000000000000000000000000000000000000000000000000000000000000000000000000000000000000000000000000000000000000000000000000000000000000000000000000007000000000000000007000000000707000700000000070707000007000707000700
310
00070700070700070707070707000000070000000007000007070000000700000000070700000700000707000007070007070007000700000707000707070707000700000700000000000000000000000000000000000000000000000000000000000000000000000700000000000000000000000700000000000000000000
310
00000000000000000000000000000000000000000000000000000000000000000000000000000000000000000000000000000000000000000000000000000000000000000000000000070000070700000000000000000000070007070007000707000000000700070707070700070000000000000000000000070700000700
310
00000000000000000000000000000000000000000000000000000000000000000000000000000700000000000000000000000000000000000000000000000000000000000000000000000000070000000000000000000000000000000000000000000000000000000000000000000000000000000000000000000000000000
310
00000000000000000000000000000000000000000000000000000000000000000000000000000000000000000000000000000000000000000000000000000000000000000000000000000000000000000000000000000000000000000000000000070000000000000000070707070707070707000000000700000707000700
310
07070000000700070707000007070007070000000700000000070707070707070707070707070707070707070707070707000700070707070007000007070007000007070007000007000000000000000000000000000000000000000000000000000000000000000000000007000000000000000000000007000000000000
310
00000000000000000000000000070700000000000707000000000000000000000000000000000000000000000000000000000000000000000000000000000000000000000000000000000000000707070707070707070707070707070700000707000707000707000007000707000707000700070707070707070707070707
310
07070700000000000000000000000000000000000000000000000000000000000000000000000000000007000000000000000000000000000000000000000000000000000000000000000000000000000700000000000000000000000000000000000000000000000000000000000007070707070707070700070007070707
310
07000700000007000700000007070000000000000000000000000000000000000000000000000000000000000000000000000000000000000000000000000000000000000000000000000000000000000000000000000000000000000000000000000000000700000000000000000700000000070700070000000707000700
310
07070007070000000007070007070000000700070700000007000000000700070707000000070000000007070700070007070700000007000707070700070000070700070007070700070000070000000000000000000000000000000000000000000000000000000000000000000000070000000000000000000000070000
310
00000000000000070707000700000700000707070707070000070000000000000000000000000000000000000000000000000000000000000000000000000000000000000000000000000000000000000007000707070000000000000000000007000000070700070700070000070000070007070007000000000000000000
310
00000707070007000000000000000000000000000000000000000000000000000000000000000000000000000000070000000000000000000000000000000000000000000000000000000000000000000000000007000000000000000000000000000000000000000000000000000000000000070700070000070007000700
310
07070007070707000000070707000000070700000000000000000000000000000000000000000000000000000000000000000000000000000000000000000000000000000000000000000000000000000000000000000000000000000000000000000000000000000007000000000000000007000000000000000700000000
310
07000007070707000007000000070007070700000007000707000000070000000007000000000000000700000000000000000700000000000000000700070700070000000700070000070700070000000700000000000000000000000000000000000000000000000000000000000000000000000700000707000000070700
310
00070000000000000000000007070007070707070007000707000700000700000000000000000000000000000000000000000000000000000000000000000000000000000000000000000000000000000000000000070000000000000000000000000000070000070707070700070700000700000700000700070000000000
310
00000000000000000000070000000000000000000000000000000000000000000000000000000000000000000000000000000700000000000000000000000000000000000000000000000000000000000000000000000000070000000000000000000000000000000000000000000000000000000000000007000707000700
310
00000700070700070707070000000700070707070707000000000000000000000000000000000000000000000000000000000000000000000000000000000000000000000000000000000000000000000000000000000000000000000000000000000000000000000000000000070000000000000000070000000000000007
310
00000000000000000000000000000000000707000000000000000000000000070700000000070000000000000007000000000000000007000000000000000000000000000000000007070000000000000000000707000000000000000000000000000000000000000000000000000000000000000000000007070707070707
310
07070707070707070707070707070700000707000707070000070007070007000007000000000000000000000000000000000000000000000000000000000000000000000000000000000000000000000000000000000000000700000000000000000000000000000000000000000000000000000007070700000000070700
310
00000000000000000000000000000700000000000000000000000000000000000000000000000000000000000000000000000000000007000000000000000000000000000000000000000000000000000000000000000000000000000700000000000000000000000000000000000000000000000000000000000007000707
310
00000700070007000707000707000700000000070000000007070000000000000000000000000000000000000000000000000000000000000000000000000000000000000000000000000000000000000000000000000000000000000000000000000000000000000000000000000000000700000000000000000700000000
310
00000007000000000000000000000000000000000000000000000000000000000000000000000000000700000000000000070000000000000000070000000000000000000000000000000000000000000000000000000000000000000000000000000000000000000000000000000000000000000000000000000000070000
310
00000000000000000007000000000000000000070707070707000700000707070707070000070000000000000000000000000000000000000000000000000000000000000000000000000000000000000000000000000000000000000007000000000000000000000000000000000000000000000000000000000000000000
310
00000000000000000000000000000000000007000000000000000000000000000000000000000000000000000000000000000000000000000000070000000000000000000000000000000000000000000000000000000000000000000000000007000000000000000000000000000000000000000000000000000000000000
310
00070707070707070007070707070707070007000000000700000000070700000000000000000000000000000000000000000000000000000000000000000000000000000000000000000000000000000000000000000000000000000000000000000000000000000000000000000000000000000007000000000000000007
310
00000000000000070000000000000000000000000000000000000000000000000000000000000000000700070007000000000000000700000000000000000700000000000000000000000000000000000000000000000000000000000000000000000000000000000000000000000000000000000000000000000000000000
310
00070000000000000000000000070000000000000000000000000000000000000007000000000000000700000000000000000000000000000000000000000000000000000000000000000000000000000000000000000000000000000000000000070000000000000000000000000000000000000000000000000000000000
310
00000000000000000000000000000000000000000000070000000000000000000000000000000000000000000000000000000000000000000000000000000700000000000000000000000000000000000000000000000000000000000000000000000000070000000000000000000000000000000000000000000000000000
310
00000000000000000000000000000000000000000000000000000000000000000000000000000000000000000000000000000000000000000000000000000000000000000000000000000000000000000000000000000000000000000000000000000000000000000000000000000000000000000000000000070000000000
310
00000007000000000000000700000000000000000000000000000000000000000000000000000000000000000007070700070000000000000007000000000000000007000000000000000000000000000000000000000000000000000000000000000000000000000000000000000000000000000000000000000000000000
310
00000000000700000000000000000000000700000000000000000000000000000000000000070700000000000707000000000000000000000000000000000000000000000000000000000000000000000000000000000000000000000000000000000000000700000000000000000000000000000000000000000000000000
310
00000000000000000000000000000000000000000000000000000700000000000000000000000000000000000000000000000000000000000000000000000000000007000000000000000000000000000000000000000000000000000000000000000000000000000700000000000000000000000000000000000000000000
310
00000000000000000000000000000000000000000000000000000000000000000000000000000000000000000000000000000000000000000000000000000000000000000000000000000000000000000000000000000000000000000000000000000000000000000000000000000000000000000000000000000000000700
310
00000000000000070000000000000007000000000000000000000000000000000000070707070707070707070707070707070707000700000000000000070000000000000000070000000000000000000000000000000000000000000000000000000000000000000000000000000000000000000000000000000000000000
310
00000000000000000007000000000000000000000007000000000000000000000000000000000000000000000000000000000000000000000000000000000000000000000000000000000000000000000000000000000000000000000000000000000000000000000007000000000000000000000000000000000000000000
310
00000000000000000000000000000000000000000000000000000000000007000000000000000000000000000000000000000000000000000000000000000000000000000000070000000000000000000000000000000000000000000000000000000000000000000000000007000000000000000000000000000000000000
310
00000000000000000000000000000000000000000000000000000000000000000000000000000000000000000000000000000000000000000000000000000000000000000000000000000000000000000000000000000000000000000000000000000000000000000000000000000000000000000000000000000000000000
310
00000700000000000000000700000000000000070000000000000000000000000000000000070707070707070707070707070707070707070007000000000000000700000000000000000700000000000000000000000000000000000000000000000000000000000000000000000000000000000000000000000000000000
310
00000000000000000000000000070000000000000000000000070000000000000000000000000000000000000000000000000000000000000000000000000000000000000000000000000000000000000000000000000000000000000000000000000000000000000000000000070000000000000000000000000000000000
310
00000000000000000000000000000000000000000000000000000000000000000000070000000000000000000000000000000000000000000000000000000000000000000000000000000700000000000000000000000000000000000000000000000000000000000000000000000000070000000000000000000000000000
310
00000000000000000000000000000000000000000000000000000000000000000000000000000000000000000000000000000000000000000000000000000000000000000000000000000000000000000000000000000000000000000000000000000000000000000000000000000000000000000000000000000000000000
310
00000000000007000000000000000007000000000000000700000000000000000000000000000000000707070707070707070707070707070707070000070000000000000007000000000000000007000000000000000000000000000000000000000000000000000000000000000000000000000000000000000000000000
310
00000000000000000000000000000000000700000000000000000000000700000000000000000000000000000000000000000000000000000000000000000000000000000000000000000000000000000000000000000000000000000000000000000000000000000000000000000000000700000000000000000000000000
310
00000000000000000000000000000000000000000000000000000000000000000000000000000700000000000000000000000000000000000000000000000000000000000000000000000000000007000000000000000000000000000000000000000000000000000000000000000000000000000700000000000000000000
310
00000000000000000000000000000000000000000000000000000000000000000000000000000000000000000000000000000000000000000000000000000000000000000000000000000000000000000000000000000000000000000000000000000000000000000000000000000000000000000000000000000000000000
310
00000000000000000000070000000000000000070000000000000007000000000000000000000000000000000007070700000000000000000000000000000000000700000000000000070000000000000000070000000000000000000000000000000000000000000000000000000000000000000000000000000000000000
310
00000000000000000000000000000000000000000007000000000000000000000007000000000000000000000000000000000000000000000000000000000000000000000000000000000000000000000000000000000000000000000000000000000000000000000000000000000000000000000007000000000000000000
310
00000000000000000000000000000000000000000000000000000000000000000000000000000000000007000000000000000000000000000000000000000000000000000000000000000000000000000000070000000000000000000000000000000000000000000000000000000000000000000000000007000000000000
310
00000000000000000000000000000000000000000000000000000000000000000007070707070707070707070700000000000000000000000000000000000000000000000000000000000000000000000000000000000000000000000000000000000000000000000000000000000000000000000000000000000000000000
310
00000000000000000000000000000700000000000000000700000000000000070707070707070707070707070707070707070707070707070707070707070707070707070707070707000000000700000000000000000700000000000000000000000000000000000000000000000000000000000000000000000000000000
310
00000000000000000000000000000000000000000000000000070707070707070707070707070000000000000000000000000000000000000000000000000000000000000000000000000000000000000000000000000000000000000000000000000000000000000000000000000000000000000000000000070000000707
310
07070707070707070707070707070707070707070707070707070707070707070707070707070700000000000000070000000000000000000000000000000000000000000000000000000000000000000000000000000700000000000000000000000000000000000000000000000000000000000000000000000000070000
310
00000000000000000000000000000000000000000000000000000000000000000000000007070707070707070707070707070000000000000000000000000000000000000000000000000000000000000000000000000000000000000000000000000000000707070707070707070707070707070707070707070707070707
310
07070707070707070707070707070707070707070707070707070707070707070707070707070707070707070707070707070707070707070707070707070707070707070707070707070707070707070707000000000000000007000000000000000000000000000000000000000000000000000000000000000000000000
310
00000000000000000000000000000000000000000000000000000000070707070707070707070707070707000000000000000000000000000000000000000000000000000000000000000000000000000000000000000000000000000000000000000000000000000000000000000000000000000000000000000000070707
310
07070707070707070707070707070707070707070707070707070707070707070707070707070707070707070707070707070700000000000000000000000000000000000000000000000000000000000000000000000000000007000000000000000000000000000000000000000000000000000000000000000000000000
310
00070000000000000000000000000000000000000000000000000000000000000000000000000007070707070707070707070707070000000000000000000000000000000000000000000000000000000000000000000000000000000000000000000000000000000000000000070000000000000000000000000000000000
310
00000000000000000000000000000000000000000000070000000007070707070707070707070707070707070707070707070707070707070707070707070707070707070707070707070707070707070707070707070707070700000000070000000000000000000000000000000000000000000000000000000000000000
310
00000000000000000000000000000000000000000000000000000000000000000707070707070707070707070707070700000000000000000000000000000000000000000000000000000000000000000000000000000000000000000000000000000000000000000000000000000000000000000000000000000000070707
310
07070707070707070707070707070707070707070707070707070707070707070707070707070707070707070707070707070707070707070707070700000000000000000000000000000000000000000000000000000000000000000000070000000000000000000000000000000000000000000000000000000000000000
310
00000000000700000000000000000000000000000000000000000000000000000000000000000000000000070707070700070707000707070700000000000000000000000000000000000000000000000000000000000000000000000000000000000000000000000000000000000000070700000000000000000000000000
310
00000000000000000000000000000000000000000000000000000700000007070707070707070707070707070700000000000000000000000000000000070707000000000000000000000000000000000007000007070707070707070707070000000700000000000000000000000000000000000000000000000000000000
310
00000000000000000000000000000000000000000000000000000000000000000000000007070707000000000000000007070707000000000000000000000000000000000000000000000000000000000000000000000000000000000000000000000000000000000000000000000000000000000000000000000000000000
310
07070707070707070707070000000000000000000000000007070707000000000000000000000000000000000007070700000707070707070707070707070707070000000000000000000000000000000000000000000000000000000000000000000700000000000000000000000000000000000000000000000000000000
310
00000000000000000007000000000000000000000000000000000000000000000000000000000000000000000000000707070707070707070707070707000000000000000000000000000000000000000000000000000000000000000000000000000000000000000000000000000000000000000707000000000000000000
310
00000000000000000000000000000000000000000000000000000000000007000007070707070707070000000707070707070707070707070707070707070707070707070707070707070707070707070707070707070707070707000007070707070707070007000000000000000000000000000000000000000000000000
310
00000000000000000000000000000000000000000000000000000000000000000000000000000000070707000000000000000000070707000000000000000000000000000000000000000000000000000000000000000000000000000000000000000000000000000000000000000000000000000000000000000000000000
310
00000007070707070707070000000000000000000000000000000000000707000000000000000000000000000000000000000700000000000000000000000707070707070707070000000000000000000000000000000000000000000000000000000000000007000000000000000000000000000000000000000000000000
310
00000000000000000000000000070000000000000000000000000000000000000000000000000000000000000000000000000007070707070707070707070707070700000000000000000000000000000000000000000000000000000000000000000000000000000000000000000000000000000000000007070000000000
310
00000000000000000000000000000000000000000000000000000000000000000000070007070707070707070707070707070707070707070707070707070707070707070707070707070707070707070707070707070707070707070707070707070707070707070707070000000000000000000000000000000000000000
310
00000000000000000000000000000000000000000000000000000000000000000000000000000000000000000707070000000000000000000707070700000000000000000000000000000000000000000000000000000000000000000000000000000000000000000000000000000000000000000000000000000000000000
310
00000000000007070707000000000700000000000000000000000000000000000000000000000000000000000000000000000000000000000000000000000000000007000000000707070707000000000000000000000000000000000000000000000000000000000000070000000000000000000000000000000000000000
310
00000000000000000000000000070707070700000000000000000000000000000000000000000000000000000000000000000000000000070707070707070707070707070707000000000000000000000000000000000000000000000000000000000000000000000000000000000000000000000000000000000000000700
310
00000000000000000000000000000000000000000000000000000000000000000000000000000707070707070707070707070707070707070707070707070707070707070707070707070707070707070707070707070707070707070707070707070707070707070707070707070700000000000000000000000000000000
310
00000000000000000000000000000000000000000000000000000000000000000000000000000000000000000000000007070700000000000000000007070700000000000000000000000000000000000000000000000000000000000000000000000000000000000000000000000000000000000000000000000000000000
310
00000000000000000007070707000000000007000000000000000000000000000000000000000000000000000000000000000000000000000000000000000000000000000000070000000000070707070700000000000000000000000000000000000000000000000000000000000707070707000000000000000000000000
310
00000000000000000000000000000000000000000007000000000000000000000000000000000000000000000000000000000000000000000000000707070007070700000000070707000000000000000000000000000000000000000000000000000000000000000000000000000000000000000000000000000000000000
310
00000700000000000000000000000000000000000000000000000000000000000000000000000000000007070707070707070707070707070700000700000000000000000000000000000000000707070700000000000000000000000000000000070000000007070707070707070700070707000000000000000000000000
310
00000000000000000000000000000000000000000000000000000000000000000000000000000000000000000000000000000000070707000000000000000000070707000000000000000000000000000000000000000000000000000000000000000000000000000000000000000000000000000000000000000000000000
310
00000000000000000000000007070707000000000000070000000000000000000000000000000000000000000000000000000000000000000000000000000000000000000000000000000700000000000000070707000000000000000000000000000000000000000000000000000000000007000000000000000000000000
310
00000000000000000000000000000000000000000000000000070000000000000000000000000000000000000000000000000000000000000000000000000007070707070707000000000707070000000000000000000000000000000000000000000000000000000000000000000000000000000000000000000000000000
310
00000000000007000000000000000000000000000000000000000000000000000000000000000000000000000000070707070707070000070000000000000007000000000000000000000000000000000007070700000000000000000000000000000000000700000000000000070000070707070707070000000000000000
310
00000000000000000000000000000000000000000000000000000000000000000000000000000000000000000000000000000000000000000707070000000000000000000707070000000000000000000000000000000000000000000000000000000000000000000000000000000000000000000000000000000000000000
310
00000000000000000000000000000000070707000000000000000700000000000000000000000000000000000000000000000000000000000000000000000000000000000000000000000000000007000000000000000707070000000000000000000000000000000000000000000000000000000000070000000000000000
310
00000000000000000000000000000000000000000000000000000000000700000000000000000000000000000000000000000000000000000000000000000000000000070707070707070000000007070700000000000000000000000000000000000000000000000000000000000000000000000000000000000000000000
310
00000000000000000000070000000000000000000000000000000000000000000000000000000000000000000000000000000707070707070000000700000000000000070000000000000000000000000000000000070707000000000000000000000000000000000007000000000000000700000007070707070707000000
310
00000000000000000000000000000000000000000000000000000000000000000000000000000000000000000000000000000000000000000000000007070700000000000000000007070700000000000000000000000000000000000000000000000000000000000000000000000000000000000000000000000000000000
310
00000000000000000000000000000000000000000707070000000000000007000000000000000000000000000000000000000000000000000000000000000000000000000000000000000000000000000000070000000000000007070707000000000000000000000000000000000000000000000000000000000700000000
310
00000000000000000000000000000000000000000000000000000000000000000007000000000000000000000000000000000000000000000000000000000000000000000000000707070707070707000000070707000000000000000000000000000000000000000000000000000000000000000000000000000000000000
310
00000000000000000000000000000700000000000000000000000000000000000000000000000000000000000000000000000000000707070707070000000007070700000000000700000000000000000000000000000000000707070700000000000000000000000000000000070000000000070707000000070707070707
310
07000000000000000000000000000000000000000000000000000000000000000000000000000000000000000000000000000000000000000000000000000000070707000000000000000000070707000000000000000000000000000000000000000000000000000000000000000000000000000000000000000000000000
310
00000000000000000000000000000000000000000000000707070700000000000707070700000000000000000000000000000000000000000000000000000000000000000000000000000000000000000000000007070707000000000000000707070000000000000000000000000000000000000000000000000000000007
310
00000000000000000000000000000000000000000000000000000000000000000000000000070000000000000000000000000000000000000000000000000000000000000000000000000007070700070707070700000707070700000000000000000000000000000000000000000000000000000000000000000000000000
310
00000000000000000000000000000000000007000000000000000000000000000000000000000000000000000000000000000000000000000007070707070700000007070707070000000007000000000000000000000000000000000007070700000000000000000000000000000000000700000000070707070707000007
310
07070707070700000000000000000000000000000000000000000000000000000000000000000000000000000000000000000000000000000000000000000000000000000707070700000000000000000707070700000000000000000000000000000000000000000000000000000000000000000000000000000000000000
310
00000000000000000000000000000000000000000000000000000007070707000000000707070707070700000000000000000000000000000000000000000000000000000000000000000000000000000000000000000007070707070707000000000007070707000000000000000000000000000000000000000000000000
310
00000007000000000000000000000000000000000000000000000000000000000000000000000000000700000000000000000000000000000000000000000000000000000000000000000000000000070707070707070700000007070700000000000000000000000000000000000000000000000000000000000000000000
310
00000000000000000000000000000000000000000000070000000000000000000000000000000000000000000000000000000000000000000000000000070707070707000007070707070707000000070000000000000000000000000000000000070707000000000000000000000000000000000007000000070707070707
310
07070007070707070700000000000000000000000000000000000000000000000000000000000000000000000000000000000000000000000000000000000000000000000000000007070700000000000000000007070700000000000000000000000000000000000000000000000000000000000000000000000000000000
310
00000000000000000000000000000000000000000000000000000000000000070707000000000707070707070707070000000000000000000000000000000000000000000000000000000000000000000000000000000000000007070707070707070700000000070707000000000000000000000000000000000000000000
310
00000000000000070000000000000000000000000000000000000000000000000000000000000000000000000007000000000000000000000000000000000000000000000000000000000000000000000000000707070707070707000000070707000000000000000000000000000000000000000000000000000000000000
310
00000000000000000000000000000000000000000000000000000700000000000000000000000000000000000000000000000000000000000000000000000000000707070707070007070707070707070700000700000000000000000000000000000000000707070700000000000000000000000000000000070000070707
310
07070707070700070707070707000000000000000000000000000000000000000000000000000000000000000000000000000000000000000000000000000000000000000000000000000000070707000000000000000000070707000000000000000000000000000000000000000000000000000000000000000000000000
310
00000000000000000000000000000000000000000000000000000000000000000000000707070000000707070707070707070707000000000000000000000000000000000000000000000000000000000000000000000000000000000007070707070707070707070000000707070000000000000000000000000000000000
310
00000000000000000000000700000000000000000000000000000000000000000000000000000000000000000000000000070000000000000000000000000000000000000000000000000000000000000000000000000007070707070707070707070707070000000000000000000000000000000000000000000000000000
310
00000000000000000000000000000000000000000000000000000000000007000000000000000000000000000000000000000000000000000000000000000000000000000007070707070700070707070707070707000007070707070707070707070707070707070707070707070707070707070707070707070707070700
310
00070707070707070707000707070707070000000000000000000000000000000000000000000000000000000000000000000000000000000000000000000000000000000000000000000000000000000707070000000000000000000707070000000000000000000000000000000000000000000000000000000000000000
310
00000000000000000000000000000707070707070707070707070707070707070707070707070707070707070707070707070707070707070707070707070707070707070707070707070707070707070707070707070707070707070707070707070707070707070707070700000007070700000000000000000000000000
310
00000000000000000000000000000007000000000000000000000000000000000000000000000000000000000000000000000000000700000000000000000000000000000000000000000000000000000000000000000000000000070707070707070707070707070700000000000000000000000000000000000000000000
310
00000000000000000000000000000000000000000000000000000000000000000000070000000000000000000000000000000007070707070707070707070707070707070707070707070707070707070707070707070707070707070707070707070707070707070707070707070707070707070707070707070707070707
310
07070707000707070707070707070007070707070700000000000000000000000000000000000000000000000000000000000000000000000000000000000000000000000000000000000000000000000000000007070700000000000000000007070700000000000000000000000000000000000000000000000000000000
310
00000000000000000000000000000000000000000000070000000000000000000000000000000000000000070707000000070707070707070707070700000000000000000000000000000000000000000000000000000000000000000000000000000000000707070707070707070707000000070707000000000000000000
310
00000000000000000000000000000000000000070000000000000000000000000000000000000000000000000000000000000000000000000007000000000000000000000000000000000000000000000000000000000000000000000000000707070707070707070707070707000000000000000000000000000000000000
310
00000000000000000000000000000000000000000000000000000000000000000000000000000700000000000000000000000000000000000000000700000000000000000000000000000000000707070707070007070707070707070000070707070707070707070707070707070707070707070707070707070707070707
310
07070707070707070007070707070707070700070707070707000000000000000000000000000000000000000000000000000000000000000000000000000000000000000000000000000000000000000000000000000000070707000000000000000000070707000000000000000000000000000000000000000000000000
310
00000000000000000000000000000000000000000000000000070700000000000000000000000000000000000000000707070000000707070707070707070700000000000000000000000000000000000000000000000000000000000000000000000000000000000007070707070707070707000000000707070000000000
310
00000000000000000000000000000000000000000000000700000000000000000000000000000000000000000000000000000000000000000000000000070000000000000000000000000000000000000000000000000000000000000000000000000007070707070707070707070707070000000000000000000000000000
310
00000000000000000000000000000000000000000000000000000000000000000000000000000000000007000000000000000000000000000000000000000707000000000000000000000000000000000007070707070700000707070707070700000707070707070707070707070707070707070707070707070707070707
310
07070707070707070707070707000707070707070707000707070707070000000000000000000000000000000000000000000000000000000000000000000000000000000000000000000000000000000000000000000000000000000707070707070707070707070707070000000000000000000000000000000000000000
310
00000000000000000000000000000000000000000000000000000000000707000000000000000000000000000000000000000007070707000000070707070707070707000000000000000000000000000000000000000000000000000000000000000000000000000000000000000707070707070707070000000007070700
310
00000000000000000000000000000000000000000000000000000007000000000000000000000000000000000000000000000000000000000000000000000000000700000000000000000000000000000000000000000000000000000000000000000000000000070707070707070707070707070700000000000000000000
310
00000000000000000000000000000000000000000000000000000000000000000000000000000000000000000000070000000000000000000000000000000000000007070000000000000000000000000000000000070707070707000000070707070700000007070707070707070707070707070707070707070707070707
310
07070707070707070707070707070707000000070707070707000007070707070700000000000000000000000000000000000000000000000000000000000000000000000000000000000000000000000000000000000000000000000000000007070707070707070707070707070707000000000000000000000000000000
310
00000000000000000000000000000000000000000000000000000000000000000007070000000000000000000000000000000000000000070707070700000007070707070707000000000000000000000000000000000000000000000000000000000000000000000000000000000000000000070707070707070000000000
310
07070700000000000000000000000000000000000000000000000000000000070000000000000000000000000000000000000000000000000000000000000000000000000007000000000000000000000000000000000000000000000000000000000000000000000000000707070707070000070707070707070000000000
310
00000000000000000000000000000000000000000000000000000000000000000000000000000000000000000000000000000700000000000000000000000000000000000000070700000000000000000000000000000000000707070707070000000007070700000000070707070707000000000000000000000000000707
310
07000000000000000000000000000000070707070700000007070700000007070707070707070707070707070707070707070707070707070707070000000000000000000000000000000000000000000000000000000000000000000000000000000000070707070707070707070707070707070000000000000000000000
310
00000000000000000000000000000000000000000000000000000000000000000000000000000700000000000000000000000000000000000000000707070707000000000707070700000000000000000000000000000000000000000000000000000000000000000000000000000000000000000000000007070707000000
310
00000000070707000000000000000000000000000000000000000000000000000000000700000000000000000000000000000000000000000000000000000000000000000000000000070000000000000000000000000000000000000000000000000000000000000000000000000007070707070700000707070707070700
310
00000000000000000000000000000000000000000000000000000000000000000000000000000000000000000000000000000000000007000000000000000000000000000000000000000007000000000000000000000000000000000007070707070700000000070000070707070707070707000000000000000000000000
310
00000707070000000000000000000000000000000707070707070707070007000000070707070707070000000000000000000000000000000000070000000000000000000000000000000000000000000000000000000000000000000000000000000000000000000707070707070707070707070707070000000000000000
310
00000000000000000000000000000000000000000000000000000000000000000000000000000000000007000000000000000000000000000000000000000007070707000000000000000700000000000000000000000000000000000000000000000000000000000000000000000000000000000000000000000000000007
310
00000000000000000707070000000000000000000000000000000000000000000000000000000007000000000000000000000000000000000000000000000000000000000000000000000000000700000000000000000000000000000000000000000000000000000000000000000000000000070707070707000007070707
310
07070000000000000000000000000000000000000000000000000000000000000000000000000000000000000000000000000000000000000000070000000000000000000000000000000000000000070000000000000000000000000000000000070707070707000000000707070707070707070707000000000000000000
310
00000000000007070700000000000000000000000000000007070707070707070707070000000707070007070700000000000000000000000000000000000700000000000000000000000000000000000000000000000000000000000000000000000000000000000000000007070700000000000000000007070700000000
310
00000000000000000000000000000000000000000000000000000000000000000000000000000000000000000000070000000000000000000000000000000000000000070707000000000000000007000000000000000000000000000000000000000000000000000000000000000000000000000000000000000000000000
310
00000007000000000000000007070700000000000000000000000000000000000000000000000000000000070000000000000000000000000000000000000000000000000000000000000000000000000007000000000000000000000000000000000000000000000000000000000000000000000000000707070707070707
310
07070707070700000000000000000000000000000000000000000000000000000000000000000000000000000000000000000000000000000000000000000700000000000000000000000000000000000000000700000000000000000000000000000000000707070707070000000007070707070707070707000000000000
310
00000000000000000000070707070000000000000000000000000000000707070707070707070700000007070700070707000000000000000000000000000000000007070000000000000000000000000000000000000000000000000000000000000000000000000000000000000000070707000000000000000000070707
310
00000000000000000000000000000000000000000000000000000000000000000000000000000000000000000000000000000700000000000000000000000000000000000000000707070000000000000000070000000000000000000000000000000000000000000000000000000000000000000000000000000000000000
310
00000000000000070000000000000000070707000000000000000000000000000000000000000000000000000000000700000000000000000000000000000000000000000000000000000000000000000000000000070000000000000000000000000000000000000000000000000000000000000000000000000007070707
310
07070707070707070707000000000000000000000000000000000000000000000000000000000000000000000000000000000000000000000000000000000000000007000000000000000000000000000000000000000007000000000000000000000000000000000007070707070700000007070707070707070707000000
310
00000000000000000000000000000707070000000000000000000000000000000000070707070707070707070000070707000707070000000000000000000000000000000000070700000000000000000000000000000000000000000000000000000000000000000000000000000000000000000707070000000000000000
310
00070707000000000000000000000000000000000000000000000000000000000000000000000000000000000000000000000000000007000000000000000000000000000000000000000007070700000000000000000700000000000000000000000000000000000000000000000000000000000000000000000000000000
310
00000000000000000000000700000000000000000707070000000000000000000000000000000000000000000000000000000007000000000000000000000000000000000000000000000000000000000000000000000000000700000000000000000000000000000000000000000000000000000000000000000000000000
310
07070707070707070707070707070000000000000000000000000000000000000000000000000000000000000000000000000000000000000000000000000000000000000000070000000000000000000000000000000000000000070000000000000000000000000000000000070707070707000000070707070707070707
310
07000000000000000000000000000000000007070700000000000000000000000000000000000700070707070707070707000707070007070700000000000000000000000000000000000700000000000000000000000000000000000000000000000000000000000000000000000000000000000000000007070700000000
310
00000000000707070000000000000000000000000000000000000000000000000000000000000000000000000000000000000000000000000000070000000000000000000000000000000000000000070707000000000000000007000000000000000000000000000000000000000000000000000000000000000000000000
310
00000000000000000000000000000007000000000000000007070700000000000000000000000000000000000000000000000000000000070000000000000000000000000000000000000000000000000000000000000000000000000007000000000000000000000000000000000000000000000000000000000000000000
310
00000000070707070707000007070707070700000000000000000000000000000000000000000000000000000000000000000000000000000000000000000000000000000000000000000700000000000000000000000000000000000000000700000000000000000000000000000000000707070707070000000707070707
310
00000000070000000000000000000000000000000000070707070000000000000000000000000000000007000000000707070707000007070700070707000000000000000000000000000000000007000000000000000000000000000000000000000000000000000000000000000000000000000000000000000000070707
310
00000000000000000007070700000000000000000000000000000000000000000000000000000000000000000000000000000000000000000000000000000700000000000000000000000000000000000000000707070000000000000000070000000000000000000000000000000000000000000000000000000000000000
310
00000000000000000000000000000000000000070000000000000000070707000000000000000000000000000000000000000000000000000000000700000000000000000000000000000000000000000000000000000000000000000000000000070000000000000000000000000000000000000000000000000000000000
310
00000000000000000707070707070000070707070707000000000000000000000000000000000000000000000000000000000000000000000000000000000000000000000000000000000000000007000000000000000000000000000000000000000007000000000000000000000000000000000007070707070700000007
310
07070707000000000700000000000000000000000000000000000707070000000000000000000000000000000000070000000007070707070000070707000707070000000000000000000000000000000000070000000000000000000000000000000000000000000000000000000000000000000000000000000000000000
310
00070707000000000000000000070707000000000000000000000000000000000000000000000000000000000000000000000000000000000000000000000000000007000000000000000000000000000000000000000007070700000000000000000700000000000000000000000000000000000000000000000000000000
310
00000000000000000000000000000000000000000000000700000000000000000707070000000000000000000000000000000000000000000000000000000007000000000000000000000000000000000000000000000000000000000000000000000000000700000000000000000000000000000000000000000000000000
310
00000000000000000000000007070707070700000707070707070000000000000000000000000000000000000000000000000000000000000000000000000000000000000000000000000000000000000000070000000000000000000000000000000000000000070000000000000000000000000000000000070707070707
310
00000007070707070000000007000000000000000000000000000000000007070700000000000000000000000000000000000700000000070707070700000707070007070700000000000000000000000000000000000700000000000000000000000000000000000000000000000000000000000000000000000000000000
310
00000000000707070000000000000000000707070000000000000000000000000000000000000000000000000000000000000000000000000000000000000000000000000000070000000000000000000000000000000000000000070707000000000000000007000000000000000000000000000000000000000000000000
310
00000000000000000000000000000000000000000000000000000007000000000000000007070700000000000000000000000000000000000000000000000000000000070000000000000000000000000000000000000000000000000000000000000000000000000007000000000000000000000000000000000000000000
310
00000000000000000000000000000000070707070707000007070707070700000000000000000000000000000000000000000000000000000000000000000000000000000000000000000000000000000000000000000700000000000000000000000000000000000000000700000000000000000000000000000000000707
310
07070707000000070707070700000000070000000000000000000000000000000000070707070000000000000000000000000000000007000000000707070707000007070700070707000000000000000000000000000000000007000000000000000000000000000000000000000000000000000000000000000000000000
310
00000000000000000007070700000000000000000007070700000000000000000000000000000000000000000000000000000000000000000000000000000000000000000000000000000700000000000000000000000000000000000000000707070000000000000000070000000000000000000000000000000000000000
310
00000000000000000000000000000000000000000000000000000000000000070000000000000000070707000000000000000000000000000000000000000000000000000000000700000000000000000000000000000000000000000000000000000000000000000000000000070000000000000000000000000000000000
310
00000000000000000000000000000000000000000707070707070000070707070707000000000000000000000000000000000000000000000000000000000000000000000000000000000000000000000000000000000000000007000000000000000000000000000000000000000007000000000000000000000000000000
310
00000707070707070000000707070707000000000700000000000000000000000000000000000707070000000000000000000000000000000000070000000007070707070000070707000707070000000000000000000000000000000000070000000000000000000000000000000000000000000000000000000000000000
310
00000000000000000000000000070707000000000000000000070707000000000000000000000000000000000000000000000000000000000000000000000000000000000000000000000000000007000000000000000000000000000000000000000007070700000000000000000700000000000000000000000000000000
310
00000000000000000000000000000000000000000000000000000000000000000000000700000000000000000707070000000000000000000000000000000000000000000000000000000007000000000000000000000000000000000000000000000000000000000000000000000000000700000000000000000000000000
310
00000000000000000000000000000000000000000000000007070707070700000707070707070000000000000000000000000000000000000000000000000000000000000000000000000000000000000000000000000000000000000000070000000000000000000000000000000000000000070000000000000000000000
310
00000000000007070707070700000007070707070000000007000000000000000000000000000000000007070700000000000000000000000000000000000700000000070707070700000707070007070700000000000000000000000000000000000700000000000000000000000000000000000000000000000000000000
310
00000000000000000000000000000000000707070000000000000000000707070000000000000000000000000000000000000000000000000000000000000000000000000000000000000000000000000000070000000000000000000000000000000000000000070707000000000000000007000000000000000000000000
310
00000000000000000000000000000000000000000000000000000000000000000000000000000007000000000000000007070700000000000000000000000000000000000000000000000000000000070000000000000000000000000000000000000000000000000000000000000000000000000007000000000000000000
310
00000000000000000000000000000000000000000000000000000000070707070707000007070707070700000000000000000000000000000000000000000000000000000000000000000000000000000000000000000000000000000000000000000700000000000000000000000000000000000000000700000000000000
310
00000000000000000000070707070707000000070707070700000000070000000000000000000000000000000000070707000000000000000000000000000000000007000000000707070707000007070700070707000000000000000000000000000000000007000000000000000000000000000000000000000000000000
310
00000000000000000000000000000000000000000007070700000000000000000007070700000000000000000000000000000000000000000000000000000000000000000000000000000000000000000000000000000700000000000000000000000000000000000000000707070000000000000000070000000000000000
310
00000000000000000000000000000000000000000000000000000000000000000000000000000000000000070000000000000000070707000000000000000000000000000000000000000000000000000000000700000000000000000000000000000000000000000000000000000000000000000000000000070000000000
310
00000000000000000000000000000000000000000000000000000000000000000707070707070000070707070707000000000000000000000000000000000000000000000000000000000000000000000000000000000000000000000000000000000000000007000000000000000000000000000000000000000007000000
310
00000000000000000000000000000707070707070000000707070707000000000700000000000000000000000000000000000707070000000000000000000000000000000000070000000007070707070000070707000707070000000000000000000000000000000000070000000000000000000000000000000000000000
310
00000000000000000000000000000000000000000000000000070707000000000000000000070707000000000000000000000000000000000000000000000000000000000000000000000000000000000000000000000000000007000000000000000000000000000000000000000007070700000000000000000700000000
310
00000000000000000000000000000000000000000000000000000000000000000000000000000000000000000000000700000000000000000707070000000000000000000000000000000000000000000000000000000007000000000000000000000000000000000000000000000000000000000000000000000000000700
310
00000000000000000000000000000000000000000000000000000000000000000000000007070707070700000707070707070000000000000000000000000000000000000000000000000000000000000000000000000000000000000000000000000000000000000000070000000000000000000000000000000000000000
310
07000000000000000000000000000000000007070707070700000007070707070000000007000000000000000000000000000000000007070700000000000000000000000000000000000700000000070707070700000707070007070700000000000000000000000000000000000700000000000000000000000000000000
310
00000000000000000000000000000000000000000000000000000000000707070000000000000000000707070000000000000000000000000000000000000000000000000000000000000000000000000000000000000000000000000000070000000000000000000000000000000000000000070707000000000000000007
310
00000000000000000000000000000000000000000000000000000000000000000000000000000000000000000000000000000007000000000000000007070700000000000000000000000000000000000000000000000000000000070000000000000000000000000000000000000000000000000000000000000000000000
310
00000700000000000000000000000000000000000000000000000000000000000000000000000000070707070707000007070707070700000000000000000000000000000000000000000000000000000000000000000000000000000000000000000000000000000000000000000700000000000000000000000000000000
310
00000000070000000000000000000000000000000000070707070707000000070707070700000000070000000000000000000000000000000000070707000000000000000000000000000000000007000000000707070707000007070700070707000000000000000000000000000000000007000000000000000000000000
310
00000000000000000000000000000000000000000000000000000000000000000007070700000000000000000007070700000000000000000000000000000000000000000000000000000000000000000000000000000000000000000000000000000700000000000000000000000000000000000000000707070000000000
310
00000007000000000000000000000000000000000000000000000000000000000000000000000000000000000000000000000000000000070000000000000000070707000000000000000000000000000000000000000000000000000000000700000000000000000000000000000000000000000000000000000000000000
310
00000000000007000000000000000000000000000000000000000000000000000000000000000000000000000707070707070000070707070707000000000000000000000000000000000000000000000000000000000000000000000000000000000000000000000000000000000000000007000000000000000000000000
310
00000000000000000700000000000000000000000000000000000707070707070000000707070707000000000700000000000000000000000000000000000707070000000000000000000000000000000000070000000007070707070000070707000707070000000000000000000000000000000000070000000000000000
310
00000000000000000000000000000000000000000000000000000000000000000000000000070707000000000000000000070707000000000000000000000000000000000000000000000000000000000000000000000000000000000000000000000000000007000000000000000000000000000000000000000007070700
310
00000000000000070000000000000000000000000000000000000000000000000000000000000000000000000000000000000000000000000000000700000000000000000707070000000000000000000000000000000000000000000000000000000007000000000000000000000000000000000000000000000000000000
310
00000000000000000000070000000000000000000000000000000000000000000000000000000000000000000000000007070707070700000707070707070000000000000000000000000000000000000000000000000000000000000000000000000000000000000000000000000000000000000000070000000000000000
310
00000000000000000000000007000000000000000000000000000000000007070707070700000007070707070000000007000000000000000000000000000000000007070700000000000000000000000000000000000700000000070707070700000707070007070700000000000000000000000000000000000700000000
310
00000000000000000000000000000000000000000000000000000000000000000000000000000000000707070000000000000000000707070000000000000000000000000000000000000000000000000000000000000000000000000000000000000000000000000000070000000000000000000000000000000000000000
310
07070700000000000000000700000000000000000000000000000000000000000000000000000000000000000000000000000000000000000000000000000007000000000000000007070700000000000000000000000000000000000000000000000000000000070000000000000000000000000000000000000000000000
310
00000000000000000000000000000700000000000000000000000000000000000000000000000000000000000000000000000000070707070707000007070707070700000000000000000000000000000000000000000000000000000000000000000000000000000000000000000000000000000000000000000700000000
310
00000000000000000000000000000000070000000000000000000000000000000000070707070707000000070707070700000000070000000000000000000000000000000000070707070000000000000000000000000000000007000000000707070707000007070700070707000000000000000000000000000000000007
310
00000000000000000000000000000000000000000000000000000000000000000000000000000000000000000007070700000000000000000007070700000000000000000000000000000000000000000000000000000000000000000000000000000000000000000000000000000700000000000000000000000000000000
310
00000000070707000000000000000007000000000000000000000000000000000000000000000000000000000000000000000000000000000000000000000000000000070000000000000000070707000000000000000000000000000000000000000000000000000000000700000000000000000000000000000000000000
310
00000000000000000000000000000000000007000000000000000000000000000000000000000000000000000000000000000000000000000707070707070000070707070707000000000000000000000000000000000000000000000000000000000000000000000000000000000000000000000000000000000000000007
310
00000000000000000000000000000000000000000700000000000000000000000000000000000707070707070000000707070707000000000700000000000000000000000000000000000707070000000000000000000000000000000000070000000007070707070000070707000707070000000000000000000000000000
310
00000007000000000000000000000000000000000000000000000000000000000000000000000000000000000000000000070707000000000000000000070707000000000000000000000000000000000000000000000000000000000000000000000000000000000000000000000000000007000000000000000000000000
310
00000000000000000707070000000000000000070000000000000000000000000000000000000000000000000000000000000000000000000000000000000000000000000000000700000000000000000707070000000000000000000000000000000000000000000000000000000007000000000000000000000000000000
310
00000000000000000000000000000000000000000000070000000000000000000000000000000000000000000000000000000000000000000000000007070707070700000707070707070000000000000000000000000000000000000000000000000000000000000000000000000000000000000000000000000000000000
310
00000007000000000000000000000000000000000000000007000000000000000000000000000000000007070707070700000007070707070000000007000000000000000000000000000000000007070700000000000000000000000000000000000700000000070707070700000707070007070700000000000000000000
310
00000000000000070000000000000000000000000000000000000000000000000000000000000000000000000000000000000000000707070000000000000000000707070000000000000000000000000000000000000000000000000000000000000000000000000000000000000000000000000000070000000000000000
310
00000000000000000000000007070700000000000000000700000000000000000000000000000000000000000000000000000000000000000000000000000000000000000000000000000007000000000000000007070700000000000000000000000000000000000000000000000000000000070000000000000000000000
310
00000000000000000000000000000000000000000000000000000700000000000000000000000000000000000000000000000000000000000000000000000000070707070707000007070707070700000000000000000000000000000000000000000000000000000000000000000000000000000000000000000000000000
310
00000000000000070000000000000000000000000000000000000000070000000000000000000000000000000000070707070707000000070707070700000000070000000000000000000000000000000000070707070000000000000000000000000000000007000000000707070707000007070700070707000000000000
310
00000000000000000000000700000000000000000000000000000000000000000000000000000000000000000000000000000000000000000007070700000000000000000007070700000000000000000000000000000000000000000000000000000000000000000000000000000000000000000000000000000700000000
310
00000000000000000000000000000000070707000000000000000007000000000000000000000000000000000000000000000000000000000000000000000000000000000000000000000000000000070000000000000000070707000000000000000000000000000000000000000000000000000000000700000000000000
310
00000000000000000000000000000000000000000000000000000000000007000000000000000000000000000000000000000000000000000000000000000000000000000707070707070000070707070707000000000000000000000000000000000000000000000000000000000000000000000000000000000000000000
310
00000000000000000000000700000000000000000000000000000000000000000700000000000000000000000000000000000707070707070000000707070707000000000700000000000000000000000000000000000707070000000000000000000000000000000000070000000007070707070000070707000707070000
310
00000000000000000000000000000007000000000000000000000000000000000000000000000000000000000000000000000000000000000000000000070707000000000000000000070707000000000000000000000000000000000000000000000000000000000000000000000000000000000000000000000000000007
310
00000000000000000000000000000000000000000707070000000000000000070000000000000000000000000000000000000000000000000000000000000000000000000000000000000000000000000000000700000000000000000707070000000000000000000000000000000000000000000000000000000007000000
310
00000000000000000000000000000000000000000000000000000000000000000000070000000000000000000000000000000000000000000000000000000000000000000000000007070707070700000707070707070000000000000000000000000000000000000000000000000000000000000000000000000000000000
310
00000000000000000000000000000007000000000000000000000000000000000000000007000000000000000000000000000000000007070707070700000007070707070000000007000000000000000000000000000000000007070700000000000000000000000000000000000700000000070707070700000707070007
310
07070000000000000000000000000000000000070000000000000000000000000000000000000000000000000000000000000000000000000000000000000000000707070000000000000000000707070000000000000000000000000000000000000000000000000000000000000000000000000000000000000000000000
310
00000007000000000000000000000000000000000000000007070700000000000000000700000000000000000000000000000000000000000000000000000000000000000000000000000000000000000000000000000007000000000000000007070700000000000000000000000000000000000000000000000000000000
310
07000000000000000000000000000000000000000000000000000000000000000000000000000700000000000000000000000000000000000000000000000000000000000000000000000000070707070707000007070707070700000000000000000000000000000000000000000000000000000000000000000000000000
310
00000000000000000000000000000000000000070000000000000000000000000000000000000000070000000000000000000000000000000000070707070707000000070707070700000000070000000000000000000000000000000000070707070000000000000000000000000000000007000000000707070707000007
310
07070007070700000000000000000000000000000000000700000000000000000000000000000000000000000000000000000000000000000000000000000000000000000007070700000000000000000007070700000000000000000000000000000000000000000000000000000000000000000000000000000000000000
310
00000000000000070000000000000000000000000000000000000000070707000000000000000007000000000000000000000000000000000000000000000000000000000000000000000000000000000000000000000000000000070000000000000000070707000000000000000000000000000000000000000000000000
310
00000000070000000000000000000000000000000000000000000000000000000000000000000000000007000000000000000000000000000000000000000000000000000000000000000000000000000707070707070000070707070707000000000000000000000000000000000000000000000000000000000000000000
310
00000000000000000000000000000000000000000000000700000000000000000000000000000000000000000700000000000000000000000000000000000707070707070000000707070707000000000700000000000000000000000000000000000707070000000000000000000000000000000000070000000007070707
310
07000007070700070707000000000000000000000000000000000007000000000000000000000000000000000000000000000000000000000000000000000000000000000000000000070707000000000000000000070707000000000000000000000000000000000000000000000000000000000000000000000000000000
310
00000000000000000000000700000000000000000000000000000000000000000707070000000000000000070000000000000000000000000000000000000000000000000000000000000000000000000000000000000000000000000000000700000000000000000707070000000000000000000000000000000000000000
310
00000000000000000700000000000000000000000000000000000000000000000000000000000000000000000000070000000000000000000000000000000000000000000000000000000000000000000000000007070707070700000707070707070000000000000000000000000000000000000000000000000000000000
310
00000000000000000000000000000000000000000000000000000007000000000000000000000000000000000000000007000000000000000000000000000000000007070707070700000007070707070000000007000000000000000000000000000000000007070700000000000000000000000000000000000700000000
310
07070707070000070707000707070000000000000000000000000000000000070000000000000000000000000000000000000000000000000000000000000000000000000000000000000000000707070000000000000000000707070000000000000000000000000000000000000000000000000000000000000000000000
310
00000000000000000000000000000007000000000000000000000000000000000000000007070700000000000000000700000000000000000000000000000000000000000000000000000000000000000000000000000000000000000000000000000007000000000000000007070700000000000000000000000000000000
310
00000000000000000000000007000000000000000000000000000000000000000000000000000000000000000000000000000700000000000000000000000000000000000000000000000000000000000000000000000000070707070707000007070707070700000000000000000000000000000000000000000000000000
310
00000000000000000000000000000000000000000000000000000000000000070000000000000000000000000000000000000000070000000000000000000000000000000000070707070707000000070707070700000000070000000000000000000000000000000000070707000000000000000000000000000000000007
310
00000000070707070700000707070007070700000000000000000000000000000000000700000000000000000000000000000000000000000000000000000000000000000000000000000000000000000007070700000000000000000007070700000000000000000000000000000000000000000000000000000000000000
310
00000000000000000000000000000000000000070000000000000000000000000000000000000000070707000000000000000007000000000000000000000000000000000000000000000000000000000000000000000000000000000000000000000000000000070000000000000000070707000000000000000000000000
310
00000000000000000000000000000000070000000707000000000000000000000000000000000000000000000000000007070000000007000000000000000000000000000000000000000000000000000000000000000000000000000707070707070000070707070707000000000000000000000000000000000000000000
310
00000000000000000000000000000000000000000000000000000000000000000000000700000000000000000000000000000000000000000700000000000000000000000000000000000707070707070000000707070707000000000700000000000000000000000000000000000707070000000000000000000000000000
310
00000007000000000707070707000007070700070707000000000000000000000000000000000007000000000000000000000000000000000000000000000000000000000000000000000000000000000000000000070707000000000000000000070707000000000000000000000000000000000000000000000000000000
310
00000000000000000000000000000000000000000000000700000000000000000000000000000000000000000707070000000000000000070000000000000000000000000000000000000000000000000000000000000000000000000000000000000000000000000000000700000000000000000707070000000000000000
310
00000000000000000000000000000000000000000700000000070700000000000000000000000000000000000000000000000000070700000000070000000000000000000000000000000000000000000000000000000000000000000000000007070707070700000707070707070000000000000000000000000000000000
310
00000000000000000000000000000000000000000000000000000000000000000000000000000007000000000000000000000000000000000000000007000000000000000000000000000000000007070707070700000007070707070000000007000000000000000000000000000000000007070700000000000000000000
310
00000000000000070000000007070707070000070707000707070000000000000000000000000000000000070000000000000000000000000000000000000000000000000000000000000000000000000000000000000000000707070000000000000000000707070000000000000000000000000000000000000000000000
310
00000000000000000000000000000000000000000000000000000007000000000000000000000000000000000000000007070700000000000000000700000000000000000000000000000000000000000000000000000000000000000000000000000000000000000000000000000007000000000000000007070700000000
310
00000000000000000000000000000000000000000000000007000000000707000000000000000000000000000000000000000000000000000707000000000700000000000000000000000000000000000000000000000000000000000000000000000000070707070707000007070707070700000000000000000000000000
310
00000000000000000000000000000000000000000000000000000000000000000000000000000000000000070000000000000000000000000000000000000000070000000000000000000000000000000000070707070707000000070707070700000000070000000000000000000000000000000000070707000000000000
310
00000000000000000000000700000000070707070700000707070007070700000000000000000000000000000000000700000000000000000000000000000000000000000000000000000000000000000000000000000000000000000007070700000000000000000007070700000000000000000000000000000000000000
310
00000000000000000000000000000000000000000000000000000000000000070000000000000000000000000000000000000000070707000000000000000007000000000000000000000000000000000000000000000000000000000000000000000000000000000000000000000000000000070000000000000000070707
310
00000000000000000000000000000000000000000000000000000000070000000707070000000000000000000000000000000000000000000000000007070000000007000000000000000000000000000000000000000000000000000000000000000000000000000707070707070000070707070707000000000000000000
310
00000000000000000000000000000000000000000000000000000000000000000000000000000000000000000000000700000000000000000000000000000000000000000700000000000000000000000000000000000707070707070000000707070707000000000700000000000000000000000000000000000707070000
310
00000000000000000000000000000007000000000707070707000007070700070707000000000000000000000000000000000007000000000000000000000000000000000000000000000000000000000000000000000000000000000000000000070707000000000000000000070707000000000000000000000000000000
310
00000000000000000000000000000000000000000000000000000000000000000000000700000000000000000000000000000000000000000707070000000000000000070000000000000000000000000000000000000000000000000000000000000000000000000000000000000000000000000000000700000000000000
310
00070707000000000000000000000000000000000000000000000000000000000700000000000000000000000000000000000000000000000000000000000000000000000000070000000000000000000000000000000000000000000000000000000000000000000000000007070707070700000707070707070000000000
310
00000000000000000000000000000000000000000000000000000000000000000000000000000000000000000000000000000007000000000000000000000000000000000000000007000000000000000000000000000000000007070707070700000007070707070000000007000000000000000000000000000000000007
310
07070000000000000000000000000000000000070000000007070707070000070707000707070000000000000000000000000000000000070000000000000000000000000000000000000000000000000000000000000000000000000000000000000000000707070000000000000000000707070000000000000000000000
310
00000000000000000000000000000000000000000000000000000000000000000000000000000007000000000000000000000000000000000000000007070700000000000000000700000000000000000000000000000000000000000000000000000000000000000000000000000000000000000000000000000007000000
310
00000000000707070000000000000000000000000000000000000000000000000000000007000000000000000000000000000000000000000000000000000000000000000000000000000700000000000000000000000000000000000000000000000000000000000000000000000000070707070707000007070707070700
310
00000000000000000000000000000000000000000000000000000000000000000000000000000000000000000000000000000000000000070000000000000000000000000000000000000000070000000000000000000000000000000000070707070707000000070707070700000000070000000000000000000000000000
310
00000007070707000000000000000000000000000000000700000000070707070700000707070007070700000000000000000000000000000000000700000000000000000000000000000000000000000000000000000000000000000000000000000000000000000007070700000000000000000007070700000000000000
310
00000000000000000000000000000000000000000000000000000000000000000000000000000000000000070000000000000000000000000000000000000000070707000000000000000007000000000000000000000000000000000000000000000000000000000000000000000000000000000000000000000000000000
310
07000000000000000007070700000000000000000000000000000000000000000000000000000000070000000000000000000000000000000000000000000000000000000000000000000000000007000000000000000000000000000000000000000000000000000000000000000000000000000707070707070000070707
310
07070700000000000000000000000000000000000000000000000000000000000000000000000000000000000000000000000000000000000000000700000000000000000000000000000000000000000700000000000000000000000000000000000707070707070000000707070707000000000700000000000000000000
310
00000000000000070707000000000000000000000000000000000007000000000707070707000007070700070707000000000000000000000000000000000007000000000000000000000000000000000000000000000000000000000000000000000000000000000000000000070707000000000000000000070707000000
310
00000000000000000000000000000000000000000000000000000000000000000000000000000000000000000000000700000000000000000000000000000000000000000707070000000000000000070000000000000000000000000000000000000000000000000000000000000000000000000000000000000000000000
310
00000000070000000000000000070707000000000000000000000000000000000000000000000000000000000700000000000000000000000000000000000000000000000000000000000000000000000000070000000000000000000000000000000000000000000000000000000000000000000000000007070707070700
310
00070707070707000000000000000000000000000000000000000000000000000000000000000000000000000000000000000000000000000000000000000007000000000000000000000000000000000000000007000000000000000000000000000000000007070707070700000007070707070000000007000000000000
310
00000000000000000000000707070000000000000000000000000000000000070000000007070707070000070707000707070000000000000000000000000000000000070000000000000000000000000000000000000000000000000000000000000000000000000000000000000000000707070000000000000000000707
310
07000000000000000000000000000000000000000000000000000000000000000000000000000000000000000000000000000007000000000000000000000000000000000000000007070700000000000000000700000000000000000000000000000000000000000000000000000000000000000000000000000000000000
310
00000000000000000700000000000000000707070000000000000000000000000000000000000000000000000000000007000000000000000000000000000000000000000000000000000000000000000000000000000700000000000000000000000000000000000000000000000000000000000000000000000000070707
310
07070700000707070707070000000000000000000000000000000000000000000000000000000000000000000000000000000000000000000000000000000000000000070000000000000000000000000000000000000000070000000000000000000000000000000000070707070707000000070707070700000000070000
310
00000000000000000000000000000007070707000000000000000000000000000000000700000000070707070700000707070007070700000000000000000000000000000000000700000000000000000000000000000000000000000000000000000000000000000000000000000000000000000007070700000000000000
310
00000707070000000000000000000000000000000000000000000000000000000000000000000000000000000000000000000000000000070000000000000000000000000000000000000000070707000000000000000007000000000000000000000000000000000000000000000000000000000000000000000000000000
310
00000000000000000000000007000000000000000007070700000000000000000000000000000000000000000000000000000000070000000000000000000000000000000000000000000000000000000000000000000000000007000000000000000000000000000000000000000000000000000000000000000000000000
310
00070707070707000007070707070700000000000000000000000000000000000000000000000000000000000000000000000000000000000000000000000000000000000000000700000000000000000000000000000000000000000700000000000000000000000000000000000707070707070000000707070707000000
310
00070000000000000000000000000000000000070707000000000000000000000000000000000007000000000707070707000007070700070707000000000000000000000000000000000007000000000000000000000000000000000000000000000000000000000000000000000000000000000000000000070707000000
310
00000000000007070700000000000000000000000000000000000000000000000000000000000000000000000000000000000000000000000000000700000000000000000000000000000000000000000707070000000000000000070000000000000000000000000000000000000000000000000000000000000000000000
310
00000000000000000000000000000000070000000000000000070707000000000000000000000000000000000000000000000000000000000700000000000000000000000000000000000000000000000000000000000000000000000000070000000000000000000000000000000000000000000000000000000000000000
310
00000000000707070707070000070707070707000000000000000000000000000000000000000000000000000000000000000000000000000000000000000000000000000000000000000007000000000000000000000000000000000000000007000000000000000000000000000000000007070707070700000007070707
310
07000000000700000000000000000000000000000000000707070000000000000000000000000000000000070000000007070707070000070707000707070000000000000000000000000000000000070000000000000000000000000000000000000000000000000000000000000000000000000000000000000000000707
310
07000000000000000000070707000000000000000000000000000000000000000000000000000000000000000000000000000000000000000000000000000007000000000000000000000000000000000000000007070700000000000000000700000000000000000000000000000000000000000000000000000000000000
310
00000000000000000000000000000000000000000700000000000000000707070000000000000000000000000000000000000000000000000000000007000000000000000000000000000000000000000000000000000000000000000000000000000700000000000000000000000000000000000000000000000000000000
310
00000000000000000007070707070700000707070707070000000000000000000000000000000000000000000000000000000000000000000000000000000000000000000000000000000000000000070000000000000000000000000000000000000000070000000000000000000000000000000000070707070707000000
310
07070707070000000007000000000000000000000000000000000007070707000000000000000000000000000000000700000000070707070700000707070007070700000000000000000000000000000000000700000000000000000000000000000000000000000000000000000000000000000000000000000000000000
310
00000707070000000000000000000707070000000000000000000000000000000000000000000000000000000000000000000000000000000000000000000000000000070000000000000000000000000000000000000000070707000000000000000007000000000000000000000000000000000000000000000000000000
310
00000000000000000000000000000000000000000000000007000000000000000007070700000000000000000000000000000000000000000000000000000000070000000000000000000000000000000000000000000000000000000000000000000000000007000000000000000000000000000000000000000000000000
310
00000000000000000000000000070707070707000007070707070700000000000000000000000000000000000000000000000000000000000000000000000000000000000000000000000000000000000000000700000000000000000000000000000000000000000700000000000000000000000000000000000707070707
310
07000000070707070700000000070000000000000000000000000000000000070707000000000000000000000000000000000007000000000707070707000007070700070707000000000000000000000000000000000007000000000000000000000000000000000000000000000000000000000000000000000000000000
310
00000000000007070700000000000000000007070700000000000000000000000000000000000000000000000000000000000000000000000000000000000000000000000000000700000000000000000000000000000000000000000707070000000000000000070000000000000000000000000000000000000000000000
310
00000000000000000000000000000000000000000000000000000000070000000000000000070707000000000000000000000000000000000000000000000000000000000700000000000000000000000000000000000000000000000000000000000000000000000000070000000000000000000000000000000000000000
310
00000000000000000000000000000000000707070707070000070707070707000000000000000000000000000000000000000000000000000000000000000000000000000000000000000000000000000000000000000007000000000000000000000000000000000000000007000000000000000000000000000000000007
310
07070707070000000707070707000000000700000000000000000000000000000000000707070000000000000000000000000000000000070000000007070707070000070707000707070000000000000000000000000000000000070000000000000000000000000000000000000000000000000000000000000000000000
310
00000000000000000000070707000000000000000000070707000000000000000000000000000000000000000000000000000000000000000000000000000000000000000000000000000007000000000000000000000000000000000000000007070700000000000000000700000000000000000000000000000000000000
310
00000000000000000000000000000000000000000000000000000000000000000700000000000000000707070000000000000000000000000000000000000000000000000000000007000000000000000000000000000000000000000000000000000000000000000000000000000700000000000000000000000000000000
310
00000000000000000000000000000000000000000007070707070700000707070707070000000000000000000000000000000000000000000000000000000000000000000000000000000000000000000000000000000000000000070000000000000000000000000000000000000000070000000000000000000000000000
310
00000007070707070700000007070707070000000007000000000000000000000000000000000007070700000000000000000000000000000000000700000000070707070700000707070007070700000000000000000000000000000000000700000000000000000000000000000000000000000000000000000000000000
310
00000000000000000000000000000707070000000000000000000707070000000000000000000000000000000000000000000000000000000000000000000000000000000000000000000000000000070000000000000000000000000000000000000000070707000000000000000007000000000000000000000000000000
310
00000000000000000000000000000000000000000000000000000000000000000000000007000000000000000007070700000000000000000000000000000000000000000000000000000000070000000000000000000000000000000000000000000000000000000000000000000000000007000000000000000000000000
310
00000000000000000000000000000000000000000000000000070707070707000007070707070700000000000000000000000000000000000000000000000000000000000000000000000000000000000000000000000000000000000000000700000000000000000000000000000000000000000700000000000000000000
310
00000000000000070707070707000000070707070700000000070000000000000000000000000000000000070707000000000000000000000000000000000007000000000707070707000007070700070707000000000000000000000000000000000007000000000000000000000000000000000000000000000000000000
310
00000000000000000000000000000000000007070700000000000000000007070700000000000000000000000000000000000000000000000000000000000000000000000000000000000000000000000000000700000000000000000000000000000000000000000707070000000000000000070000000000000000000000
310
00000000000000000000000000000000000000000000000000000000000000000000000000000000070000000000000000070707000000000000000000000000000000000000000000000000000000000700000000000000000000000000000000000000000000000000000000000000000000000000070000000000000000
310
00000000000000000000000000000000000000000000000000000000000707070707070000070707070707000000000000000000000000000000000000000000000000000000000000000000000000000000000000000000000000000000000000000007000000000000000000000000000000000000000007000000000000
310
00000000000000000000000707070707070000000707070707000000000700000000000000000000000000000000000707070000000000000000000000000000000000070000000007070707070000070707000707070000000000000000000000000000000000070000000000000000000000000000000000000000000000
310
00000000000000000000000000000000000000000000070707000000000000000000070707000000000000000000000000000000000000000000000000000000000000000000000000000000000000000000000000000007000000000000000000000000000000000000000007070700000000000000000700000000000000
310
00000000000000000000000000000000000000000000000000000000000000000000000000000000000000000700000000000000000707070000000000000000000000000000000000000000000000000000000007000000000000000000000000000000000000000000000000000000000000000000000000000700000000
310
00000000000000000000000000000000000000000000000000000000000000000007070707070700000707070707070000000000000000000000000000000000000000000000000000000000000000000000000000000000000000000000000000000000000000070000000000000000000000000000000000000000070000
310
00000000000000000000000000000007070707070700000007070707070000000007000000000000000000000000000000000007070700000000000000000000000000000000000700000000070707070700000707070007070700000000000000000000000000000000000700000000000000000000000000000000000000
310
00000000000000000000000000000000000000000000000000000707070000000000000000000707070000000000000000000000000000000000000000000000000000000000000000000000000000000000000000000000000000070000000000000000000000000000000000000000070707000000000000000007000000
310
00000000000000000000000000000000000000000000000000000000000000000000000000000000000000000000000007000000000000000007070700000000000000000000000000000000000000000000000000000000070000000000000000000000000000000000000000000000000000000000000000000000000007
310
00000000000000000000000000000000000000000000000000000000000000000000000000070707070707000007070707070700000000000000000000000000000000000000000000000000000000000000000000000000000000000000000000000000000000000000000700000000000000000000000000000000000000
310
00070000000000000000000000000000000000070707070707000000070707070700000000070000000000000000000000000000000000070707000000000000000000000000000000000007000000000707070707000007070700070707000000000000000000000000000000000007000000000000000000000000000000
310
00000000000000000000000000000000000000000000000000000000000007070700000000000000000007070700000000000000000000000000000000000000000000000000000000000000000000000000000000000000000000000000000700000000000000000000000000000000000000000707070000000000000000
310
07000000000000000000000000000000000000000000000000000000000000000000000000000000000000000000000000000000070000000000000000070707000000000000000000000000000000000000000000000000000000000700000000000000000000000000000000000000000000000000000000000000000000
310
00000007000000000000000000000000000000000000000000000000000000000000000000000000000707070707070000070707070707000000000000000000000000000000000000000000000000000000000000000000000000000000000000000000000000000000000000000007000000000000000000000000000000
310
00000000000700000000000000000000000000000000000707070707070000000707070707000000000700000000000000000000000000000000000707070000000000000000000000000000000000070000000007070707070000070707000707070000000000000000000000000000000000070000000000000000000000
310
00000000000000000000000000000000000000000000000000000000000000000000070707000000000000000000070707000000000000000000000000000000000000000000000000000000000000000000000000000000000000000000000000000007000000000000000000000000000000000000000007070700000000
310
00000000070000000000000000000000000000000000000000000000000000000000000000000000000000000000000000000000000000000700000000000000000707070000000000000000000000000000000000000000000000000000000007000000000000000000000000000000000000000000000000000000000000
310
00000000000000070000000000000000000000000000000000000000000000000000000000000000000000000007070707070700000707070707070000000000000000000000000000000000000000000000000000000000000000000000000000000000000000000000000000000000000000070000000000000000000000
310
00000000000000000007000000000000000000000000000000000007070707070700000007070707070000000007000000000000000000000000000000000007070707000000000000000000000000000000000700000000070707070700000707070007070700000000000000000000000000000000000700000000000000
310
00000000000000000000000000000000000000000000000000000000000000000000000000000707070000000000000000000707070000000000000000000000000000000000000000000000000000000000000000000000000000000000000000000000000000070000000000000000000000000000000000000000070707
310
00000000000000000700000000000000000000000000000000000000000000000000000000000000000000000000000000000000000000000000000007000000000000000007070700000000000000000000000000000000000000000000000000000000070000000000000000000000000000000000000000000000000000
310
00000000000000000000000700000000000000000000000000000000000000000000000000000000000000000000000000070707070707000007070707070700000000000000000000000000000000000000000000000000000000000000000000000000000000000000000000000000000000000000000700000000000000
310
00000000000000000000000000070000000000000000000000000000000000070707070707000000070707070700000000070000000000000000000000000000000000070707000000000000000000000000000000000007000000000707070707000007070700070707000000000000000000000000000000000007000000
310
00000000000000000000000000000000000000000000000000000000000000000000000000000000000007070700000000000000000007070700000000000000000000000000000000000000000000000000000000000000000000000000000000000000000000000000000700000000000000000000000000000000000000
310
00070707000000000000000007000000000000000000000000000000000000000000000000000000000000000000000000000000000000000000000000000000070000000000000000070707000000000000000000000000000000000000000000000000000000000700000000000000000000000000000000000000000000
310
00000000000000000000000000000007000000000000000000000000000000000000000000000000000000000000000000000000000707070707070000070707070707000000000000000000000000000000000000000000000000000000000000000000000000000000000000000000000000000000000000000007000000
310
00000000000000000000000000000000000700000000000000000000000000000000000707070707070000000707070707000000000700000000000000000000000000000000000707070000000000000000000000000000000000070000000007070707070000070707000707070000000000000000000000000000000000
310
07000000000000000000000000000000000000000000000000000000000000000000000000000000000000000000070707000000000000000000070707000000000000000000000000000000000000000000000000000000000000000000000000000000000000000000000000000007000000000000000000000000000000
310
00000000000707070000000000000000070000000000000000000000000000000000000000000000000000000000000000000000000000000000000000000000000000000700000000000000000707070000000000000000000000000000000000000000000000000000000007000000000000000000000000000000000000
310
00000000000000000000000000000000000000070000000000000000000000000000000000000000000000000000000000000000000000000007070707070700000707070707070000000000000000000000000000000000000000000000000000000000000000000000000000000000000000000000000000000000000000
310
07000000000000000000000000000000000000000007000000000000000000000000000000000007070707070700000007070707070000000007000000000000000000000000000000000007070707000000000000000000000000000000000700000000070707070700000707070007070700000000000000000000000000
310
00000000070000000000000000000000000000000000000000000000000000000000000000000000000000000000000000000707070000000000000000000707070000000000000000000000000000000000000000000000000000000000000000000000000000000000000000000000000000070000000000000000000000
310
00000000000000000007070700000000000000000700000000000000000000000000000000000000000000000000000000000000000000000000000000000000000000000000000007000000000000000007070700000000000000000000000000000000000000000000000000000000070000000000000000000000000000
310
00000000000000000000000000000000000000000000000700000000000000000000000000000000000000000000000000000000000000000000000000070707070707000007070707070700000000000000000000000000000000000000000000000000000000000000000000000000000000000000000000000000000000
310
00000000070000000000000000000000000000000000000000070000000000000000000000000000000000070707070707000000070707070700000000070000000000000000000000000000000000070707000000000000000000000000000000000007000000000707070707000007070700070707000000000000000000
310
00000000000000000700000000000000000000000000000000000000000000000000000000000000000000000000000000000000000007070700000000000000000007070700000000000000000000000000000000000000000000000000000000000000000000000000000000000000000000000000000700000000000000
310
00000000000000000000000000070707000000000000000007000000000000000000000000000000000000000000000000000000000000000000000000000000000000000000000000000000070000000000000000070707000000000000000000000000000000000000000000000000000000000700000000000000000000
310
00000000000000000000000000000000000000000000000000000007000000000000000000000000000000000000000000000000000000000000000000000000000707070707070000070707070707000000000000000000000000000000000000000000000000000000000000000000000000000000000000000000000000
310
00000000000000000700000000000000000000000000000000000000000700000000000000000000000000000000000707070707070000000707070707000000000700000000000000000000000000000000000707070000000000000000000000000000000000070000000007070707070000070707000707070000000000
310
00000000000000000000000007000000000000000000000000000000000000000000000000000000000000000000000000000000000000000000070707000000000000000000070707000000000000000000000000000000000000000000000000000000000000000000000000000000000000000000000000000007000000
310
00000000000000000000000000000000000707070000000000000000070000000000000000000000000000000000000000000000000000000000000000000000000000000000000000000000000000000700000000000000000707070000000000000000000000000000000000000000000000000000000007000000000000
310
00000000000000000000000000000000000000000000000000000000000000070000000000000000000000000000000000000000000000000000000000000000000000000007070707070700000707070707070000000000000000000000000000000000000000000000000000000000000000000000000000000000000000
310
00000000000000000000000007000000000000000000000000000000000000000007000000000000000000000000000000000007070707070700000007070707070000000007000000000000000000000000000000000007070707000000000000000000000000000000000700000000070707070700000707070007070700
310
00000000000000000000000000000000070000000000000000000000000000000000000000000000000000000000000000000000000000000000000000000707070000000000000000000707070000000000000000000000000000000000000000000000000000000000000000000000000000000000000000000000000000
310
07000000000000000000000000000000000000000007070700000000000000000700000000000000000000000000000000000000000000000000000000000000000000000000000000000000000000000000000007000000000000000007070700000000000000000000000000000000000000000000000000000000070000
310
00000000000000000000000000000000000000000000000000000000000000000000000700000000000000000000000000000000000000000000000000000000000000000000000000070707070707000007070707070700000000000000000000000000000000000000000000000000000000000000000000000000000000
310
00000000000000000000000000000000070000000000000000000000000000000000000000070000000000000000000000000000000000070707070707000000070707070700000000070000000000000000000000000000000000070707000000000000000000000000000000000007000000000707070707000007070700
310
07070700000000000000000000000000000000000700000000000000000000000000000000000000000000000000000000000000000000000000000000000000000007070700000000000000000007070700000000000000000000000000000000000000000000000000000000000000000000000000000000000000000000
310
00000000070000000000000000000000000000000000000000070707000000000000000007000000000000000000000000000000000000000000000000000000000000000000000000000000000000000000000000000000070000000000000000070707000000000000000000000000000000000000000000000000000000
310
00070000000000000000000000000000000000000000000000000000000000000000000000000007000000000000000000000000000000000000000000000000000000000000000000000000000707070707070000070707070707000000000000000000000000000000000000000000000000000000000000000000000000
310
00000000000000000000000000000000000000000700000000000000000000000000000000000000000700000000000000000000000000000000000707070707070000000707070707000000000700000000000000000000000000000000000707070000000000000000000000000000000000070000000007070707070000
310
07070700070707000000000000000000000000000000000007000000000000000000000000000000000000000000000000000000000000000000000000000000000000000000070707000000000000000000070707000000000000000000000000000000000000000000000000000000000000000000000000000000000000
310
00000000000000000700000000000000000000000000000000000000000707070000000000000000070000000000000000000000000000000000000000000000000000000000000000000000000000000000000000000000000000000700000000000000000707070000000000000000000000000000000000000000000000
310
00000000000700000000000000000000000000000000000000000000000000000000000000000000000000070000000000000000000000000000000000000000000000000000000000000000000000000007070707070700000707070707070000000000000000000000000000000000000000000000000000000000000000
310
00000000000000000000000000000000000000000000000007000000000000000000000000000000000000000007000000000000000000000000000000000007070707070700000007070707070000000007000000000000000000000000000000000007070700000000000000000000000000000000000700000000070707
310
07070000070707000707070000000000000000000000000000000000070000000000000000000000000000000000000000000000000000000000000000000000000000000000000000000707070000000000000000000707070000000000000000000000000000000000000000000000000000000000000000000000000000
310
00000000000000000000000007000000000000000000000000000000000000000007070700000000000000000700000000000000000000000000000000000000000000000000000000000000000000000000000000000000000000000000000007000000000000000007070700000000000000000000000000000000000000
310
00000000000000000007000000000000000000000000000000000000000000000000000000000000000000000000000700000000000000000000000000000000000000000000000000000000000000000000000000070707070707000007070707070700000000000000000000000000000000000000000000000000000000
310
00000000000000000000000000000000000000000000000000000000070000000000000000000000000000000000000000070000000000000000000000000000000000070707070707000000070707070700000000070000000000000000000000000000000000070707000000000000000000000000000000000007000000
310
00070707070700000707070007070700000000000000000000000000000000000700000000000000000000000000000000000000000000000000000000000000000000000000000000000000000007070700000000000000000007070700000000000000000000000000000000000000000000000000000000000000000000
310
00000000000000000000000000000000070000000000000000000000000000000000000000070707000000000000000007000000000000000000000000000000000000000000000000000000000000000000000000000000000000000000000000000000070000000000000000070707000000000000000000000000000000
310
00000000000000000000000000070000000000000000000000000000000000000000000000000000000000000000000000000007000000000000000000000000000000000000000000000000000000000000000000000000000707070707070000070707070707000000000000000000000000000000000000000000000000
310
00000000000000000000000000000000000000000000000000000000000000000700000000000000000000000000000000000000000700000000000000000000000000000000000707070707070000000707070707000000000700000000000000000000000000000000000707070000000000000000000000000000000000
310
07000000000707070707000007070700070707000000000000000000000000000000000007000000000000000000000000000000000000000000000000000000000000000000000000000000000000000000070707000000000000000000070707000000000000000000000000000000000000000000000000000000000000
310
00000000000000000000000000000000000000000700000000000000000000000000000000000000000707070000000000000000070000000000000000000000000000000000000000000000000000000000000000000000000000000000000000000000000000000700000000000000000707070000000000000000000000
310
00000000000000000000000000000000000700000000000000000000000000000000000000000000000000000000000000000000000000070000000000000000000000000000000000000000000000000000000000000000000000000007070707070700000707070707070000000000000000000000000000000000000000
310
00000000000000000000000000000000000000000000000000000000000000000000000007000000000000000000000000000000000000000007000000000000000000000000000000000007070707070700000007070707070000000007000000000000000000000000000000000007070700000000000000000000000000
310
00000000070000000007070707070000070707000707070000000000000000000000000000000000070000000000000000000000000000000000000000000000000000000000000000000000000000000000000000000707070000000000000000000707070000000000000000000000000000000000000000000000000000
310
00000000000000000000000000000000000000000000000007000000000000000000000000000000000000000007070700000000000000000700000000000000000000000000000000000000000000000000000000000000000000000000000000000000000000000000000007000000000000000007070700000000000000
310
00000000000000000000000000000000000000000007000000000000000000000000000000000000000000000000000000000000000000000000000700000000000000000000000000000000000000000000000000000000000000000000000000070707070707000007070707070700000000000000000000000000000000
310
00000000000000000000000000000000000000000000000000000000000000000000000000000000070000000000000000000000000000000000000000070000000000000000000000000000000000070707070707000000070707070700000000070000000000000000000000000000000000070707000000000000000000
310
00000000000000000700000000070707070700000707070007070700000000000000000000000000000000000700000000000000000000000000000000000000000000000000000000000000000000000000000000000000000007070700000000000000000007070700000000000000000000000000000000000000000000
310
00000000000000000000000000000000000000000000000000000000070000000000000000000000000000000000000000070707000000000000000007000000000000000000000000000000000000000000000000000000000000000000000000000000000000000000000000000000070000000000000000070707000000
310
00000000000000000000000000000000000000000000000000070000000000000000000000000000000000000000000000000000000000000000000000000007000000000000000000000000000000000000000000000000000000000000000000000000000707070707070000070707070707000000000000000000000000
310
00000000000000000000000000000000000000000000000000000000000000000000000000000000000000000700000000000000000000000000000000000000000700000000000000000000000000000000000707070707070000000707070707000000000700000000000000000000000000000000000707070000000000
310
00000000000000000000000007000000000707070707000007070700070707000000000000000000000000000000000007000000000000000000000000000000000000000000000000000000000000000000000000000000000000000000070707000000000000000000070707000000000000000000000000000000000000
310
00000000000000000000000000000000000000000000000000000000000000000700000000000000000000000000000000000000000707070000000000000000070000000000000000000000000000000000000000000000000000000000000000000000000000000000000000000000000000000700000000000000000707
310
07000000000000000000000000000000000000000000000000000000000700000000000000000000000000000000000000000000000000000000000000000000000000070000000000000000000000000000000000000000000000000000000000000000000000000007070707070700000707070707070000000000000000
310
00000000000000000000000000000000000000000000000000000000000000000000000000000000000000000000000007000000000000000000000000000000000000000007000000000000000000000000000000000007070707070700000007070707070000000007000000000000000000000000000000000007070707
310
00000000000000000000000000000000070000000007070707070000070707000707070000000000000000000000000000000000070000000000000000000000000000000000000000000000000000000000000000000000000000000000000000000707070000000000000000000707070000000000000000000000000000
310
00000000000000000000000000000000000000000000000000000000000000000000000007000000000000000000000000000000000000000007070700000000000000000700000000000000000000000000000000000000000000000000000000000000000000000000000000000000000000000000000007000000000000
310
00000707070000000000000000000000000000000000000000000000000000000007000000000000000000000000000000000000000000000000000000000000000000000007000700000000000000000000000000000000000000000000000000000000000000000000000000070707070707000007070707070700000000
310
00000000000000000000000000000000000000000000000000000000000000000000000000000000000000000000000000000000070000000000000000000000000000000000000000070000000000000000000000000000000000070707070707000000070707070700000000070000000000000000000000000000000000
310
07070700000000000000000000000000000000000700000000070707070700000707070007070700000000000000000000000000000000000700000000000000000000000000000000000000000000000000000000000000000000000000000000000000000007070700000000000000000007070700000000000000000000
310
00000000000000000000000000000000000000000000000000000000000000000000000000000000070000000000000000000000000000000000000000070707000000000000000007000000000000000000000000000000000000000000000000000000000000000000000000000000000000000000000000000000070000
310
00000000000007070700000000000000000000000000000000000000000000000000000000070707070700000000000000000000000000000000000000000000000000000000000707070707000000000000000000000000000000000000000000000000000000000000000000000000000707070707070000070707070707
310
00000000000000000000000000000000000000000000000000000000000000000000000000000000000000000000000000000000000000000700000000000000000000000000000000000000000700000000000000000000000000000000000707070707070000000707070707000000000700000000000000000000000000
310
00000000070707000000000000000000000000000000000007000000000707070707000007070700070707000000000000000000000000000000000007000000000000000000000000000000000000000000000000000000000000000000000000000000000000000000070707000000000000000000070707000000000000
310
00000000000000000000000000000000000000000000000000000000000000000000000000000000000000000700000000000000000000000000000000000000000707070000000000000000070000000000000000000000000000000000000000000000000000000000000000000000000000000000000000000000000000
310
00070000000000000000070707000000000000000000000000000000000000000000000000000000000707070000000000000000000000000000000000000000000000000000000000000000000000070000000000000000000000000000000000000000000000000000000000000000000000000007070707070700000707
310
07070707000000000000000000000000000000000000000000000000000000000000000000000000000000000000000000000000000000000000000007000000000000000000000000000000000000000007000000000000000000000000000000000007070707070700000007070707070000000007000000000000000000
310
00000000000000000707070700000000000000000000000000000000070000000007070707070000070707000707070000000000000000000000000000000000070000000000000000000000000000000000000000000000000000000000000000000000000000000000000000000707070000000000000000000707070000
310
00000000000000000000000000000000000000000000000000000000000000000000000000000000000000000000000007000000000000000000000000000000000000000007070700000000000000000700000000000000000000000000000000000000000000000000000000000000000000000000000000000000000000
310
00000000000700000000000000000707070000000000000000000000000000000000000000000000000000000007000000000000000000000000000000000000000000000000000000000000000000000000000700000000000000000000000000000000000000000000000000000000000000000000000000070707070707
310
00000707070707070000000000000000000000000000000000000000000000000000000000000000000000000000000000000000000000000000000000000000070000000000000000000000000000000000000000070000000000000000000000000000000000070707070707000000070707070700000000070000000000
310
00000000000000000000000007070700000000000000000000000000000000000700000000070707070700000707070007070700000000000000000000000000000000000700000000000000000000000000000000000000000000000000000000000000000000000000000000000000000007070700000000000000000007
310
07070000000000000000000000000000000000000000000000000000000000000000000000000000000000000000000000000000070000000000000000000000000000000000000000070707000000000000000007000000000000000000000000000000000000000000000000000000000000000000000000000000000000
310
00000000000000000007000000000000000007070700000000000000000000000000000000000000000000000000000000070000000000000000000000000000000000000000000000000000000000000000000000000007000000000000000000000000000000000000000000000000000000000000000000000000000707
310
07070707000007070707070700000000000000000000000000000000000000000000000000000000000000000000000000000000000000000000000000000000000000000700000000000000000000000000000000000000000700000000000000000000000000000000000707070707070000000707070707000000000700
310
00000000000000000000000000000000070707000000000000000000000000000000000007000000000707070707000007070700070707000000000000000000000000000000000007000000000000000000000000000000000000000000000000000000000000000000000000000000000000000000070707000000000000
310
00000007070700000000000000000000000000000000000000000000000000000000000000000000000000000000000000000000000000000700000000000000000000000000000000000000000707070000000000000000070000000000000000000000000000000000000000000000000000000000000000000000000000
310
00000000000000000000000000070000000000000000070707000000000000000000000000000000000000000000000000000000000700000000000000000000000000000000000000000000000000000000000000000000000000070000000000000000000000000000000000000000000000000000000000000000000000
310
00000707070707070000070707070707000000000000000000000000000000000000000000000000000000000000000000000000000000000000000000000000000000000000000007000000000000000000000000000000000000000007000000000000000000000000000000000007070707070700000007070707070000
310
00000700000000000000000000000000000000000707070700000000000000000000000000000000070000000007070707070000070707000707070000000000000000000000000000000000070000000000000000000000000000000000000000000000000000000000000000000000000000000000000000000707070000
310
00000000000000070707000000000000000000000000000000000000000000000000000000000000000000000000000000000000000000000000000007000000000000000000000000000000000000000007070700000000000000000700000000000000000000000000000000000000000000000000000000000000000000
310
00000000000000000000000000000000000700000000000000000707070000000000000000000000000000000000000000000000000000000007000000000000000000000000000000000000000000000000000000000000000000000000000700000000000000000000000000000000000000000000000000000000000000
310
00000000000007070707070700000707070707070000000000000000000000000000000000000000000000000000000000000000000000000000000000000000000000000000000000000000070000000000000000000000000000000000000000070000000000000000000000000000000000070707070707000000070707
310
07070000000007000000000000000000000000000000000007070700000000000000000000000000000000000700000000070707070700000707070007070700000000000000000000000000000000000700000000000000000000000000000000000000000000000000000000000000000000000000000000000000000007
310
07070000000000000000000707070000000000000000000000000000000000000000000000000000000000000000000000000000000000000000000000000000070000000000000000000000000000000000000000070707000000000000000007000000000000000000000000000000000000000000000000000000000000
310
00000000000000000000000000000000000000000007000000000000000007070700000000000000000000000000000000000000000000000000000000070000000000000000000000000000000000000000000000000000000000000000000000000007000000000000000000000000000000000000000000000000000000
310
00000000000000000000070707070707000007070707070700000000000000000000000000000000000000000000000000000000000000000000000000000000000000000000000000000000000000000700000000000000000000000000000000000000000700000000000000000000000000000000000707070707070000
310
00070707070700000000070000000000000000000000000000000000070707000000000000000000000000000000000007000000000707070707000007070700070707000000000000000000000000000000000007000000000000000000000000000000000000000000000000000000000000000000000000000000000000
310
00000007070700000000000000000007070700000000000000000000000000000000000000000000000000000000000000000000000000000000000000000000000000000700000000000000000000000000000000000000000707070000000000000000070000000000000000000000000000000000000000000000000000
310
00000000000000000000000000000000000000000000000000070000000000000000070707000000000000000000000000000000000000000000000000000000000700000000000000000000000000000000000000000000000000000000000000000000000000070000000000000000000000000000000000000000000000
310
00000000000000000000000000000707070707070000070707070707000000000000000000000000000000000000000000000000000000000000000000000000000000000000000000000000000000000000000007000000000000000000000000000000000000000007000000000000000000000000000000000007070707
310
07070000000707070707000000000700000000000000000000000000000000000707070000000000000000000000000000000000070000000007070707070000070707000707070000000000000000000000000000000000070000000000000000000000000000000000000000000000000000000000000000000000000000
310
00000000000000070707000000000000000000070707000000000000000000000000000000000000000000000000000000000000000000000000000000000000000000000000000007000000000000000000000000000000000000000007070700000000000000000700000000000000000000000000000000000000000000
310
00000000000000000000000000000000000000000000000000000000000700000000000000000707070000000000000000000000000000000000000000000000000000000007000000000000000000000000000000000000000000000000000000000000000000000000000700000000000000000000000000000000000000
310
00000000000000000000000000000000000007070707070700000707070707070000000000000000000000000000000000000000000000000000000000000000000000000000000000000000000000000000000000000000070000000000000000000000000000000000000000070000000000000000000000000000000000
310
07070707070700000007070707070000000007000000000000000000000000000000000007070700000000000000000000000000000000000700000000070707070700000707070007070700000000000000000000000000000000000700000000000000000000000000000000000000000000000000000000000000000000
310
00000000000000000000000707070000000000000000000707070000000000000000000000000000000000000000000000000000000000000000000000000000000000000000000000000000070000000000000000000000000000000000000000070707000000000000000007000000000000000000000000000000000000
310
00000000000000000000000000000000000000000000000000000000000000000007000000000000000007070700000000000000000000000000000000000000000000000000000000070000000000000000000000000000000000000000000000000000000000000000000000000007000000000000000000000000000000
310
00000000000000000000000000000000000000000000070707070707000007070707070700000000000000000000000000000000000000000000000000000000000000000000000000000000000000000000000000000000000000000700000000000000000000000000000000000000000700000000000000000000000000
310
00000000070707070707000000070707070700000000070000000000000000000000000000000000070707000000000000000000000000000000000007000000000707070707000007070700070707000000000000000000000000000000000007000000000000000000000000000000000000000000000000000000000000
310
00000000000000000000000000000007070700000000000000000007070700000000000000000000000000000000000000000000000000000000000000000000000000000000000000000000000000000700000000000000000000000000000000000000000707070000000000000000070000000000000000000000000000
310
00000000000000000000000000000000000000000000000000000000000000000000000000070000000000000000070707000000000000000000000000000000000000000000000000000000000700000000000000000000000000000000000000000000000000000000000000000000000000070000000000000000000000
310
00000000000000000000000000000000000000000000000000000707070707070000070707070707000000000000000000000000000000000000000000000000000000000000000000000000000000000000000000000000000000000000000007000000000000000000000000000000000000000007000000000000000000
310
00000000000000000707070707070000000707070707000000000700000000000000000000000000000000000707070000000000000000000000000000000000070000000007070707070000070707000707070000000000000000000000000000000000070000000000000000000000000000000000000000000000000000
310
00000000000000000000000000000000000000070707000000000000000000070707000000000000000000000000000000000000000000000000000000000000000000000000000000000000000000000000000007000000000000000000000000000000000000000007070700000000000000000700000000000000000000
310
00000000000000000000000000000000000000000000000000000000000000000000000000000000000700000000000000000707070000000000000000000000000000000000000000000000000000000007000000000000000000000000000000000000000000000000000000000000000000000000000700000000000000
310
00000000000000000000000000000000000000000000000000000000000007070707070700000707070707070000000000000000000000000000000000000000000000000000000000000000000000000000000000000000000000000000000000000000070000000000000000000000000000000000000000070000000000
310
00000000000000000000000007070707070700000007070707070000000007000000000000000000000000000000000007070700000000000000000000000000000000000700000000070707070700000707070007070700000000000000000000000000000000000700000000000000000000000000000000000000000000
310
00000000000000000000000000000000000000000000000707070000000000000000000707070000000000000000000000000000000000000000000000000000000000000000000000000000000000000000000000000000070000000000000000000000000000000000000000070707000000000000000007000000000000
310
00000000000000000000000000000000000000000000000000000000000000000000000000000000000000000007000000000000000007070700000000000000000000000000000000000000000000000000000000070000000000000000000000000000000000000000000000000000000000000000000000000007000000
310
00000000000000000000000000000000000000000000000000000000000000000000070707070707000007070707070700000000000000000000000000000000000000000000000000000000000000000000000000000000000000000000000000000000000000000700000000000000000000000000000000000000000700
310
00000000000000000000000000000000070707070707000000070707070700000000070000000000000000000000000000000000070707000000000000000000000000000000000007000000000707070707000007070700070707000000000000000000000000000000000007000000000000000000000000000000000000
310
00000000000000000000000000000000000000000000000000000007070700000000000000000007070700000000000000000000000000000000000000000000000000000000000000000000000000000000000000000000000000000700000000000000000000000000000000000000000707070000000000000000070000
310
00000000000000000000000000000000000000000000000000000000000000000000000000000000000000000000000000070000000000000000070707000000000000000000000000000000000000000000000000000000000700000000000000000000000000000000000000000000000000000000000000000000000000
310
07000000000000000000000000000000000000000000000000000000000000000000000000000707070707070000070707070707000000000000000000000000000000000000000000000000000000000000000000000000000000000000000000000000000000000000000007000000000000000000000000000000000000
310
00000700000000000000000000000000000000000707070707070000000707070707000000000700000000000000000000000000000000000707070700000000000000000000000000000000070000000007070707070000070707000707070000000000000000000000000000000000070000000000000000000000000000
310
00000000000000000000000000000000000000000000000000000000000000070707000000000000000000070707000000000000000000000000000000000000000000000000000000000000000000000000000000000000000000000000000007000000000000000000000000000000000000000007070700000000000000
310
00070000000000000000000000000000000000000000000000000000000000000000000000000000000000000000000000000000000700000000000000000707070000000000000000000000000000000000000000000000000000000007000000000000000000000000000000000000000000000000000000000000000000
310
00000000070000000000000000000000000000000000000000000000000000000000000000000000000007070707070700000707070707070000000000000000000000000000000000000000000000000000000000000000000000000000000000000000000000000000000000000000070000000000000000000000000000
310
00000000000007000000000000000000000000000000000007070707070700000007070707070700000007000000000000000000000000000000000007070700000000000000000000000000000000000700000007070707070707000707070007070700000000000000000000000000000000000700000000000000000000
310
00000000000000000000000000000000000000000000000000000000000000000000000707070000000000000000000707070000000000000000000000000000000000000000000000000000000000000000000000000000000000000000000000000000070000000000000000000000000000000000000000070707000000
310
00000000000700000000000000000000000000000000000000000000000000000000000000000000000000000000000000000000000000000007000000000000000007070700000000000000000000000000000000000000000000000000000000070000000000000000000000000000000000000000000000000000000000
310
00000000000000000700000000000000000000000000000000000000000000000000000000000000000000000000070707070707000007070707070700000000000000000000000000000000000000000000000000000000000000000000000000000000000000000000000000000000000000000700000000000000000000
310
00000000000000000000070000000000000000000000000000000000070707070707000000070707070707070000070000000000000000000000000000000000070707000000000000000000000000000000000007000007070707070707000007070700070707000000000000000000000000000000000007000000000000
310
00000000000000000000000000000000000000000000000000000000000000000000000000000007070700000000000000000007070700000000000000000000000000000000000000000000000000000000000000000000000000000000000000000000000000000700000000000000000000000000000000000000000707
310
07000000000000000007000000000000000000000000000000000000000000000000000000000000000000000000000000000000000000000000000000070000000000000000070707000000000000000000000000000000000000000000000000000000000700000000000000000000000000000000000000000000000000
310
00000000000000000000000007000000000000000000000000000000000000000000000000000000000000000000000000000707070707070000070707070707000000000000000000000000000000000000000000000000000000000000000000000000000000000000000000000000000000000000000007000000000000
310
00000000000000000000000000000700000000000000000000000000000000000707070707070000000007070707070707000700000000000000000000000000000000000707070700000000000000000000000000000000070007070707070707000000070707000707070000000000000000000000000000000000070000
310
00000000000000000000000000000000000000000000000000000000000000000000000000000000000000070707000000000000000000070707000000000000000000000000000000000000000000000000000000000000000000000000000000000000000000000000000007000000000000000000000000000000000000
310
00000707070000000000000000070000000000000000000000000000000000000000000000000000000000000000000000000000000000000000000000000000000700000000000000000707070000000000000000000000000000000000000000000000000000000007000000000000000000000000000000000000000000
310
00000000000000000000000000000000070000000000000000000000000000000000000000000000000000000000000000000000000007070707070700000707070707070000000000000000000000000000000000000000000000000000000000000000000000000000000000000000000000000000000000000000070000
310
00000000000000000000000000000000000007000000000000000000000000000000000007070707070700000000070707070707070707000000000000000000000000000000000007070700000000000000000000000000000000000707070707070707070000000707070007070700000000000000000000000000000000
310
00070000000000000000000000000000000000000000000000000000000000000000000000000000000000000000000707070000000000000000000707070000000000000000000000000000000000000000000000000000000000000000000000000000000000000000000000000000070000000000000000000000000000
310
00000000000007070700000000000000070707000000000000000000000000000000000000000000000000000000000000000000000000000000000000000000000000000707070000000000000007070700000000000000000000000000000000000000000000000000000000070000000000000000000000000000000000
310
00000000000000000000000000000000000000000700000000000000000000000000000000000000000000000000000000000000000000000000070707070707000007070707070700000000000000000000000000000000000000000000000000000000000000000000000000000000000000000000000000000000000000
310
00070000000000000000000000000000000000000000070000000000000000000000000000000000070707070707000000000707070707070707070000000000000000000000000000000000070707000000000000000000000000000000000007070707070707070700000007070700070707000000000000000000000000
310
00000000000700000000000000000000000000000000000000000000000000000000000000000000000000000000000000000007070700000000000000000007070700000000000000000000000000000000000000000000000000000000000000000000000000000000000000000000000000000700000000000000000000
310
00000000000000000000070707000000000000070707070700000000000000000000000000000000000000000000000000000000000000000000000000000000000000000000000707070707000000000000070707000000000000000000000000000000000000000000000000000000000700000000000000000000000000
310
00000000000000000000000000000000000000000000000007000000000000000000000000000000000000000000000000000000000000000000000000000707070707070000070707070707000000000000000000000000000000000000000000000000000000000000000000000000000000000000000000000000000000
310
00000000000700000000000000000000000000000000000707000700000000000000000000000000070700000707070707070000000707070707070707070700000000000000000000000000000000000707070700000000000000000000000000000000070707070707070707070700070707000707070000000000000000
310
00000000000000070707000000000000000000000000000707000000000000000000000000000000000000000000000000000000000000070707000000000000000000070707000000000000000000000000000000000000000000000000000000000000000000000000000000000000000000000000000007070700000000
310
00000007070000000000000000000707070000000000070707070707070000000000000000000000000000000000000000000000000000000000000000000000000000000000000000000707070707070700000000000707070000000000000000000000000000000000000000000000000000000007000000000000000000
310
00000000000000000000000000000000000000000000000000000000070000000000000000000000000000000000000000000000000000000000000000000000000007070707070700000707070707070000000000000000000000000000000000000000000000000000000000000000000000000000000000000000000000
310
00000000000000000007000000000707000707000700000707000007000700070700000707000700070700000007000007070707070700000707070707070707070707070000000000000000000000000000000007070700000000000000000000000000000000070707070707070707070707070707070007070700000707
310
07070700070707070000000707070007000700070007070007070000070000000000000000000000000000000000000000000000000000000000000707070000000000000000000707070000000000000000000000000000000000000000000000000000000000000000000000000007070007070707070707070000000707
310
07070700070700000700000000000000000007070700000000070707070707070707000000000000000000000000000000000000000000000000000000000000000000000000000000000000000707070707070707070000000007070700000000000000000000000000000000000000000000000000000000070000000000
310
00000000000000000000000000000000000000000000000000000000000000000700000000000000000000000000000000000000000000000000000000000000000000000000070707070707000007070707070700000000000000000000000000000000000000000000000000000000000000000000000000000000000000
310
00000000000000000000000000070000000007000707070707000000070000070007070007070707070707070707000000070000070707070707000707070707070707070707070700000000000000000000000000000000070707000000000000000000000000000000000707070707070707070707070707070700070707
310
00070007070700070707070700000007070007070707000707000707000700000700000000000000000000000000000000000000000000000000000000000007070700000000000000000007070700000000000000000000000000000000000000000000000000000000000000000000000000070007070700070707000000
310
00000707000707070007000007000000000000000000070707000000070707070707070707070700000000000000000000000000000000000000000000000000000000000000000000000000000000000707070707070707070707000000070707000000000000000000000000000000000000000000000000000000000700
310
00000000000000000000000000000000000000000000000000000000000000000000000007000000000000000000000000000000000000000000000000000000000000000000000000000707070707070000070707070707000000000000000000000000000000000000000000000000000000000000000000000000000000
310
00000000000000000000000000000000000700000000070707070707000700070707000700070000070707070007070707070000000700000707070707070007070707070707070707070707000000000000000000000000000000000707070000000000000000000000000000000007070707070707070707070707070707
310
00070707000000070007070707070707000000070700070707070700000707000007000007000000000000000000000000000000000000000000000000000000000000070707000000000000000000070707000000000000000000000000000000000000000000000000000000000000000000000000000707070007000707
310
07070000000007070000070700070000070000000000000000000707070000000707070707070707070707070707070707070707070707070707070707070707070707070707070707070707070707070707070707070707070707070707070000000707070000000000000000000000000000000000000000000000000000
310
00000700000000000000000000000000000000000000000000000000000000000000000000000000070000000000000000000000000000000000000000000000000000000000000000000000000007070707070700000707070707070000000000000000000000000000000000000000000000000000000000000000000000
310
00000000000000000000000000000000000000000007000000000700000707070007000700070007070707070700070700070700070700000007000007070707070700070707070707070707070707070000000000000000000000000000000007070700000000000000000000000000000000070707070707070707070707
310
07070707000707070007070700070007070707070000000707000707000007000700070707070000070000000000000000000000000000000000000000000000000000000000000707070000000000000000000707070000000000000000000000000000000000000000000000000000000000000000000000000007000000
310
07000707070007000000070700070707070700000700000000000000000007070700000007070707070707070707070000000000000000000000000000000000000000000000000000000000000000000000000000000000070707070707070707070700000007070700000000000000000000000000000000000000000000
310
00000000000007000000000000000000000000000000000000000000000000000000000000000000000000000700000000000000000000000000000000000000000000000000000000000000000000000000070707070707000007070707070700000000000000000000000000000000000000000000000000000000000000
310
00000000000000000000000000000000000000000000000000070000000000070000070007070707070000070007070707000007000007000707000000070000070707070707000707070707070707070707070700000000000000000000000000000000070707000000000000000000000000000000000707070707070707
310
07070707070707070007070700070707000707000707070700000007070000070007070700070707070700000700000000000000000000000000000000000000000000000000000000000007070700000000000000000007070700000000000000000000000000000000000000000000000000000000000000000000000000
310
00070000070007070707000000000707000707070707000007000000000000000000070707000000070707070707070707070000000000000000000000000000000000000000000000000000000000000000000000000000000000000707070707070707070700000000070707000000000000000000000000000000000000
310
00000000000000000000070000000000000000000000000000000000000000000000000000000000000000000000000007000000000000000000000000000000000000000000000000000000000000000000000000000707070707070000070707070707000000000000000000000000000000000000000000000000000000
310
00000000000000000000000000000000000000000000000000000000000700000000000000000000000000000000000707000000000000000000000000000000070700000707070707070000070707070707070707070700000000000000000000000000000000000707070000000000000000000000000000000007070707
310
07070707070707070707070700070707000000000000000000000000000000070700000000000000000000000000000707000000000000000000000000000000000000000000000000000000000000070707000000000000000000070707000000000000000000000000000000000000000000000000000000000000000000
310
00000000000000000000000000000000000007070000000000000007070000000000000000000707070000000007070707070707070700000000000000000000000000000000000000000000000000000000000000000000000000000000000000070707070707070707000000000707070000000000000000000000000000
310
00000000000000000000000000000700000000000000000000000000000000000000000000000000000000000000000000000000070000000000000000000000000000000000000000000000000000000000000000000000000007070707070700000707070707070000000000000000000000000000000000000000000000
310
00000000000000000000000000000000000000000000000000000000000000000007000000000000000000000000000000000000000007000000000000000000000000000000000007070707070700000007070707070707070707000000000000000000000000000000000007070700000000000000000000000000000000
310
00070707070707070707070700070707000707070000000000000000000000000000000000070000000000000000000000000000000000000000000000000000000000000000000000000000000000000000000707070000000000000000000707070000000000000000000000000000000000000000000000000000000000
310
00000000000000000000000000000000000000000007000000000000000000000000000000000000000007070700000000000707070707070700000000000000000000000000000000000000000000000000000000000000000000000000000000000000000007070707070707000000000007070700000000000000000000
310
00000000000000000000000000000000000007000000000000000000000000000000000000000000000000000000000000000000000000000700000000000000000000000000000000000000000000000000000000000000000000000000070707070707000007070707070700000000000000000000000000000000000000
310
00000000000000000000000000000000000000000000000000000000000000000000000000070000000000000000000000000000000000000000070000000000000000000000000000000000070707070707000000000707070707070707070000000000000000000000000000000000070707000000000000000000000000
310
00000000000707070707070707070000000707070007070700000000000000000000000000000000000700000000000000000000000000000000000000000000000000000000000000000000000000000000000000000007070700000000000000000007070700000000000000000000000000000000000000000000000000
310
00000000000000000000000000000000000000000000000000070000000000000000000000000000000000000000070707000000000000070707070000000000000000000000000000000000000000000000000000000000000000000000000000000000000000000000000707070700000000000000070707000000000000
310
00000000000000000000000000000000000000000000070000000000000000000000000000000000000000000000000000000000000000000000000007000000000000000000000000000000000000000000000000000000000000000000000000000707070707070000070707070707000000000000000000000000000000
310
00000000000000000000000000000000000000000000000000000000000000000000000000000000000700000000000000000000000000000000000000000700000000000000000000000000000000000707070707070000000007070707070707070000000000000000000000000000000000000007070000000000000000
310
00000000000000000000070707070707070700000007070700070707000000000000000000000000000000000007000000000000000000000000000000000000000000000000000000000000000000000000000000000000000000070707000000000000000000070707000000000000000000000000000000000000000000
310
00000000000000000000000000000000000000000000000000000000000700000000000000000000000000000000000000000707070000000000000000070000000000000000000000000000000000000000000000000000000000000000000000000000000000000000000000000000000700000000000000000707070000
310
00000000000000000000000000000000000000000000000000000700000000000000000000000000000000000000000000000000000000000000000000000000070000000000000000000000000000000000000000000000000000000000000000000000000007070707070700000707070707070000000000000000000000
310
00000000000000000000000000000000000000000000000000000000000000000000000000000000000007070000000000000000000000000000070707000000000007000000000000000000000000000000000007070707070700000007070707070707070000000000000000000000000000000000000007070707000000
310
00000000000000000000000000000007070707070707070000070707000707070000000000000000000000000000000000070000000000000000000000000000000000000000000000000000000000000000000000000000000000000000000707070000000000000000000707070000000000000000000000000000000000
310
00000000000000000000000000000000000000000000000000000000000000000007000000000000000000000000000000000000000007070700000000000000000700000000000000000000000000000000000000000000000000000000000000000000000000000000000000000000000000000007000000000000000007
310
07070000000000000000000000000000000000000000000000000000000007000000000000000000000000000000000000000000000000000000000000000000000000000700000000000000000000000000000000000000000000000000000000000000000000000000070707070707000007070707070700000000000000
310
00000000000000000000000000000000000000000000000000000000000000000707070000070007070007070700070707000700070000000707070707000000070000000000070000000000000000000000000000000000070707070707000000070707070707070000000000000000000000000000000000000000070707
310
00000000000000000000000000000000000000000707070707070707000707070007070700000000000000000000000000000000000700000000000000000000000000000000000000000000000000000000000000000000000000000000000000000007070700000000000000000007070700000000000000000000000000
310
00000000000000000000000000000000000000000000000000000000000000000000000000070000000000000000000000000000000000000000070707000000000000000007000000000000000000000000000000000000000000000000000000000000000000000000000000000000000000000000000000070000000000
310
00000007070700000000000000000000000000000000000000000000000000000000070000000000000000000000000000000000000000000000000000000000000000000000000007000000000000000000000000000000000000000000000000000000000000000000000000000707070707070000070707070707000000
310
00000000000000000000000000000000000000000000000000000000000000000000000007000700000007000007070000000700070007000707000007070707070000000700000000000700000000000000000000000000000000000707070707070000000707070707070000000000000000000000000000000000000000
310
00000707000000000000000000000000000000000000000000070707070707000007070700070707000000000000000000000000000000000007000000000000000000000000000000000000000000000000000000000000000000000000000000000000000000070707000000000000000000070707000000000000000000
310
00000000000000000000000000000000000000000000000000000000000000000000000000000000000700000000000000000000000000000000000000000707070000000000000000070000000000000000000000000000000000000000000000000000000000000000000000000000000000000000000000000000000700
310
00000000000000070707000000000000000000000000000000000000000000000000000000000700000000000000000000000000000000000000000000000000000000000000000000000000070000000000000000000000000000000000000000000000000000000000000000000000000007070707070700000707070707
310
07000000000000000000000000000000000000000000000000000000000000000000000000000000070707000707070707070707070007000700070700070000070707070700000007000000000007000000000000000000000000000000000007070707070700000007070707070000000000000000000000000000000000
310
00000000000707070700000000000000000000000000000000000000000007070707070000070707000707070000000000000000000000000000000000070000000000000000000000000000000000000000000000000000000000000000000000000000000000000000000707070000000000000000000707070000000000
310
00000000000000000000000000000000000000000000000000000000000000000000000000000000000000000007000000000000000000000000000000000000000007070700000000000000000700000000000000000000000000000000000000000000000000000000000000000000000000000000000000000000000000
310
00000700000000000000000707070000000000000000000000000000000000000000000000000000000007000000000000000000000000000000000000000000000000000000000000000000000000000700000000000000000000000000000000000000000000000000000000000000000000000000070707070707000007
310
07070707070000000000000000000000000000000000000000000000000000000000000000000000000000000707070007070707070707070700070707070707070707000707070707000000070000000000070000000000000000000000000000000000070707070707000000070707070700000000000000000000000000
310
00000000000000000007070700000000000000000000000000000000000000000000070707070700000707070007070700000000000000000000000000000000000700000000000000000000000000000000000000000000000000000000000000000000000000000000000000000007070700000000000000000007070700
310
00000000000000000000000000000000000000000000000000000000000000000000000000000000000000000000000000070000000000000000000000000000000000000000070707000000000000000007000000000000000000000000000000000000000000000000000000000000000000000000000000000000000000
310
00000000000007000000000000000007070700000000000000000000000000000000000000000000000000000000070000000000000000000000000000000000000000000000000000000000000000000000000007000000000000000000000000000000000000000000000000000000000000000000000000000707070707
310
07000007070707070700000000000000000000000000000000000000000000000000000000000000000000000000000000070700000707070700070700000700070707070707070000070007000000000700000000000700000000000000000000000000000000000707070707070000000707070707000000000000000000
310
00000000000000000000000000000707000000000000000000000000000000000000000000000707070707000007070700070707000000000000000000000000000000000007000000000000000000000000000000000000000000000000000000000000000000000000000000000000000000070707000000000000000000
310
07070700000000000000000000000000000000000000000000000000000000000000000000000000000000000000000000000000000700000000000000000000000000000000000000000707070000000000000000070000000000000000000000000000000000000000000000000000000000000000000000000000000000
310
00000000000000000000070000000000000000070707000000000000000000000000000000000000000000000000000000000700000000000000000000000000000000000000000000000000000000000000000000000000070000000000000000000000000000000000000000000000000000000000000000000000000007
310
07070707070000070707070707000000000000000000000000000000000000000000000000000000000000000000000000000000000000000000000000000000000007070007000000000000000000000000070707000000000007000000000000000000000000000000000007070707070700000007070707070000000000
310
00000000000000000000000000000000000707070700000000000000000000000000000000000000000007070707070000070707000707070000000000000000000000000000000000070000000000000000000000000000000000000000000000000000000000000000000000000000000000000000000707070000000000
310
00000000070707000000000000000000000000000000000000000000000000000000000000000000000000000000000000000000000000000007000000000000000000000000000000000000000007070700000000000000000700000000000000000000000000000000000000000000000000000000000000000000000000
310
00000000000000000000000000000700000000000000000707070000000000000000000000000000000000000000000000000000000007000000000000000000000000000000000000000000000000000000000000000000000000000700000000000000000000000000000000000000000000000000000000000000000000
310
00000007070707070700000707070707070000000000000000000000000000000000000000000000000000000000000000000000000000000000000000000000000000000000000000070000000000000000000000000000000000000000070000000000000000000000000000000000070707070707000000070707070700
310
00000000000000000000000000000000000000000007070700000000000000000000000000000000000000000000070707070700000707070007070700000000000000000000000000000000000700000000000000000000000000000000000000000000000000000000000000000000000000000000000000000007070700
310
00000000000000000707070000000000000000000000000000000000000000000000000000000000000000000000000000000000000000000000000000070000000000000000000000000000000000000000070707000000000000000007000000000000000000000000000000000000000000000000000000000000000000
310
00000000000000000000000000000000000007000000000000000007070700000000000000000000000000000000000000000000000000000000070000000000000000000000000000000000000000000000000000000000000000000000000007000000000000000000000000000000000000000000000000000000000000
310
00000000000000070707070707000007070707070700000000000000000000000000000000000000000000000000000000000000000000000000000000000000000000000000000000000000000700000000000000000000000000000000000000000700000000000000000000000000000000000707070707070000000707
310
07070700000000000000000000000000000000000000000000070707000000000000000000000000000000000000000000000707070707000007070700070707000000000000000000000000000000000007000000000000000000000000000000000000000000000000000000000000000000000000000000000000000000
310
07070700000000000000000007070700000000000000000000000000000000000000000000000000000000000000000000000000000000000000000000000000000700000000000000000000000000000000000000000707070000000000000000070000000000000000000000000000000000000000000000000000000000
310
00000000000000000000000000000000000000000000070000000000000000070707000000000000000000000000000000000000000000000000000000000700000000000000000000000000000000000000000000000000000000000000000000000000070000000000000000000000000000000000000000000000000000
310
00000000000000000000000707070707070000070707070707000000000000000000000000000000000000000000000000000000000000000000000000000000000000000000000000000000000000000007000000000000000000000000000000000000000007000000000000000000000000000000000007070707070700
310
00000707070707000000000000000000000000000000000000000000000707070000000000000000000000000000000000000000000007070707070700070707000707070000000000000000000000000000000000070000000000000000000000000000000000000000000000000000000000000000000000000000000000
310
00000000070707000000000000000000070707000000000000000000000000000000000000000000000000000000000000000000000000000000000000000000000000000007000000000000000000000000000000000000000007070700000000000000000700000000000000000000000000000000000000000000000000
310
00000000000000000000000000000000000000000000000000000700000000000000000707070000000000000000000000000000000000000000000000000000000007000007070000000000000000000000000000000000000000000000000000000707000000000700000000000000000000000000000000000000000000
310
00000000000000000000000000000007070707070700000707070707070000000000000000000000000000000000000000000000000000000000000000000000000000000000000000000000000000000000000000070000000000000000000000000000000000000000070000000000000000000000000000000000070707
310
07070700000007070707070000000000000000000000000000000000000000000007070700000000000000000000000000000000000000000000070707070707000707070007070700000000000000000000000000000000000700000000000000000000000000000000000000000000000000000000000000000000000000
310
00000000000000000707070000000000000000000707070000000000000000000000000000000000000000000000000000000000000000000000000000000000000000000000000000070000000000000000000000000000000000000000070707000000000000000007000000000000000000000000000000000000000000
310
00000000000000000000000000000000000000000000000000000000000007000000000000000007070700000000000000000000000000000000000000000000000000000000070000070707000000000000000000000000000000000000000000000000000007000000000007000000000000000000000000000000000000
310
00000000000000000000000000000000000000070707070707000007070707070700000000000000000000000000000000000000000000000000000000000000000000000000000000000000000000000000000000000000000700000000000000000000000000000000000000000700000000000000000000000000000000
310
00070707070707000000070707070700000000000000000000000000000000000000000000070707000000000000000000000000000000000000000000000707070707070007070700070707000000000000000000000000000000000007000000000000000000000000000000000000000000000000000000000000000000
310
00000000000000000000000007070700000000000000000007070700000000000000000000000000000000000000000000000000000000000000000000000000000000000000000000000000000700000000000000000000000000000000000000000707070000000000000000070000000000000000000000000000000000
310
00000000000000000000000000000000000000000000000000000000000000000000070000000000000000070707000000000000000000000000000000000000000000000000000000000700000700000000000000000000000000000000000000000000000000000000070700000000070000000000000000000000000000
310
00000000000000000000000000000000000000000000000707070707070000070707070707000000000000000000000000000000000000000000000000000000000000000000000000000000000000000000000000000000000000000007000000000000000000000000000000000000000007000000000000000000000000
310
00000000000707070707070000000707070707000000000000000000000000000000000000000000000707070000000000000000000000000000000000000000000007070707070700070707000707070000000000000000000000000000000000070000000000000000000000000000000000000000000000000000000000
310
00000000000000000000000000000000070707000000000000000000070707000000000000000000000000000000000000000000000000000000000000000000000000000000000000000000000000000007000000000000000000000000000000000000000007070700000000000000000700000000000000000000000000
310
00000000000000000000000000000000000000000000000000000000000000000000000000000700000000000000000707070000000000000000000000000000000000000000000000000000000007000007070700000000000000000000000000000000000000000000000000000000000000000700000000000000000000
310
00000000000000000000000000000000000000000000000000000007070707070700000707070707070000000000000000000000000000000000000000000000000000000000000000000000000000000000000000000000000000000000000000070000000000000000000000000000000000000000070000000000000000
310
00000000000000000007070707070700000007070707070000000000000000000000000000000000000000000007070700000000000000000000000000000000000000000000070707070707000707070007070700000000000000000000000000000000000700000000000000000000000000000000000000000000000000
310
00000000000000000000000000000000000000000707070000000000000000000707070000000000000000000000000000000000000000000000000000000000000000000000000000000000000000000000000000070000000000000000000000000000000000000000070707000000000000000007000000000000000000
310
00000000000000000000000000000000000000000000000000000000000000000000000000000000000007000000000000000007070700000000000000000000000000000000000000000000000000000000070000000000000000000000000000000000000000000000000000000000000000000000000007000000000000
310
00000000000000000000000000000000000000000000000000000000000000070707070707000007070707070700000000000000000000000000000000000000000000000000000000000000000000000000000000000000000000000000000000000000000700000000000000000000000000000000000000000700000000
310
00000000000000000000000000070707070707000000070707070700000000000000000000000000000000000000000000000707000000000000000000000000000000000000000000000707070707070007070700070707000000000000000000000000000000000007000000000000000000000000000000000000000000
310
00000000000000000000000000000000000000000000000007070700000000000000000007070700000000000000000000000000000000000000000000000000000000000000000000000000000000000000000000000000000700000000000000000000000000000000000000000707070000000000000000070000000000
310
00000000000000000000000000000000000000000000000000000000000000000000000000000000000000000000070000000000000000070707000000000000000000000000000000000000000000000000000000000700000000000000000000000000000000000000000000000000000000000000000000000000070000
310
00000000000000000000000000000000000000000000000000000000000000000000000707070707070000070707070707000000000000000000000000000000000000000000000000000000000000000000000000000000000000000000000000000000000000000007000000000000000000000000000000000000000007
310
00000000000000000000000000000000000707070707070000000707070707000000000000000000000000000000000000000000000707070700000000000000000000000000000000000000000007070707070007070707000707070000000000000000000000000000000000070000000000000000000000000000000000
310
00000000000000000000000000000000000000000000000000000000070707000000000000000000070707000000000000000000000000000000000000000000000000000000000000000000000000000000000000000000000000000007000000000000000000000000000000000000000007070700000000000000000700
310
00000000000000000000000000000000000000000000000000000000000000000000000000000000000000000000000000000700000000000000000707070000000000000000000000000000000000000000000000000000000007000000000000000000000000000000000000000000000000000000000000000000000000
310
00070000000000000000000000000000000000000000000000000000000000000000000000000007070707070700000707070707070000000000000000000000000000000000000000000000000000000000000000000000000000000000000000000000000000000000000000070000000000000000000000000000000000
310
00000007000000000000000000000000000000000007070707070700000007070707070000000000000000000000000000000000000000000007070700000000000000000000000000000000000000000000070707070700070707070007070700000000000000000000000000000000000700000000000000000000000000
310
00000000000000000000000000000000000000000000000000000000000000000707070000000000000000000707070000000000000000000000000000000000000000000000000000000000000000000000000000000000000000000000000000070000000000000000000000000000000000000000070707000000000000
310
00000700000000000000000000000000000000000000000000000000000000000000000000000000000000000000000000000000000007000000000000000007070700000000000000000000000000000000000000000000000000000000070000000000000000000000000000000000000000000000000000000000000000
310
00000000000700000000000000000000000000000000000000000000000000000000000000000000000000070707070707000007070707070700000000000000000000000000000000000000000000000000000000000000000000000000000000000000000000000000000000000000000700000000000000000000000000
310
00000000000000070000000000000000000000000000000000070707070707000000070707070700000000000000000000000000000000000000000000000707000000000000000000000000000000000000000000000707070707000707070700070707000000000000000000000000000000000007000000000000000000
310
00000000000000000000000000000000000000000000000000000000000000000000000007070700000000000000000007070700000000000000000000000000000000000000000000000000000000000000000000000000000000000000000000000000000700000000000000000000000000000000000000000707070000
310
00000000000007000000000000000000000000000000000000000000000000000000000000000000000000000000000000000000000000000000070000000000000000070707000000000000000000000000000000000000000000000000000000000700000000000000000000000000000000000000000000000000000000
310
00000000000000000007000000000000000000000000000000000000000000000000000000000000000000000000000707070707070000070707070707000000000000000000000000000000000000000000000000000000000000000000000000000000000000000000000000000000000000000007000000000000000000
310
00000000000000000000000700000000000000000000000000000000000707070707070000000707070707000000000000000000000000000000000000000000000707070700000000000000000000000000000000000000000007070707070007070707000707070000000000000000000000000000000000070000000000
310
00000000000000000000000000000000000000000000000000000000000000000000000000000000070707000000000000000000070707000000000000000000000000000000000000000000000000000000000000000000000000000000000000000000000000000007000000000000000000000000000000000000000007
310
07070000000000000000070000000000000000000000000000000000000000000000000000000000000000000000000000000000000000000000000000000700000000000000000707070000000000000000000000000000000000000000000000000000000007000000000000000000000000000000000000000000000000
310
00000000000000000000000000070000000000000000000000000000000000000000000000000000000000000000000000000007070707070700000707070707070000000000000000000000000000000000000000000000000000000000000000000000000000000000000000000000000000000000000000070000000000
310
00000000000000000000000000000007000000000000000000000000000000000007070707070700000007070707070000000000000000000000000000000000000000000007070700000000000000000000000000000000000000000000070707070700070707070007070700000000000000000000000000000000000700
310
00000000000000000000000000000000000000000000000000000000000000000000000000000000000000000707070000000000000000000707070000000000000000000000000000000000000000000000000000000000000000000000000000000000000000000000000000070000000000000000000000000000000000
310
00000007070700000000000000000700000000000000000000000000000000000000000000000000000000000000000000000000000000000000000000000000000007000000000000000007070700000000000000000000000000000000000000000000000000000000070000000000000000000000000000000000000000
310
00000000000000000000000000000000000700000000000000000000000000000000000000000000000000000000000000000000000000070707070707000007070707070700000000000000000000000000000000000000000000000000000000000000000000000000000000000000000000000000000000000000000700
310
00000000000000000000000000000000000000070000000000000000000000000000000000070707070707000000070707070700000000000000000000000000000000000000000000000707000000000000000000000000000000000000000000000707070707000707070700070707000000000000000000000000000000
310
00000700000000000000000000000000000000000000000000000000000000000000000000000000000000000000000007070700000000000000000007070700000000000000000000000000000000000000000000000000000000000000000000000000000000000000000000000000000700000000000000000000000000
310
00000000000000070707000000000000000007000000000000000000000000000000000000000000000000000000000000000000000000000000000000000000000000000000070000000000000000070707000000000000000000000000000000000000000000000000000000000700000000000000000000000000000000
310
00000000000000000000000000000000000000000007000000000000000000000000000000000000000000000000000000000000000000000000000707070707070000070707070707000000000000000000000000000000000000000000000000000000000000000000000000000000000000000000000000000000000000
310
00000700000000000000000000000000000000000000000700000000000000000000000000000000000707070707070000000707070707000000000000000000000000000000000000000000000707070700000000000000000000000000000000000000000007070707070007070707000707070000000000000000000000
310
00000000000007000000000000000000000000000000000000000000000000000000000000000000000000000000000000000000070707000000000000000000070707000000000000000000000000000000000000000000000000000000000000000000000000000000000000000000000000000007000000000000000000
310
00000000000000000000000707070000000000000000070000000000000000000000000000000000000000000000000000000000000000000000000000000000000000000000000000000700000000000000000707070000000000000000000000000000000000000000000000000000000007000000000000000000000000
310
00000000000000000000000000000000000000000000000000070000000000000000000000000000000000000000000000000000000000000000000000000007070707070700000707070707070000000000000000000000000000000000000000000000000000000000000000000000000000000000000000000000000000
310
00000000000007000000000000000000000000000000000000000007000000000000000000000000000000000007070707070700000007070707070000000000000000000000000000000000000000000007070700000000000000000000000000000000000000000000070707070700000707070007070700000000000000
310
00000000000000000000070000000000000000000000000000000000000000000000000000000000000000000000000000000000000000000707070000000000000000000707070000000000000000000000000000000000000000000000000000000000000000000000000000000000000000000000000000070000000000
310
00000000000000000000000000000007070700000000000000000700000000000000000000000000000000000000000000000000000000000000000000000000000000000000000000000000000007000000000000000007070700000000000000000000000000000000000000000000000000000000070000000000000000
310
00000000000000000000000000000000000000000000000000000000000700000000000000000000000000000000000000000000000000000000000000000000000000070707070707000007070707070700000000000000000000000000000000000000000000000000000000000000000000000000000000000000000000
310
00000000000000000000070000000000000000000000000000000000000000070000000000000000000000000000000000070707070707000000070707070700000000000000000000000000000000000000000000070707000000000000000000000000000000000000000000000707070707000007070700070707000000
310
00000000000000000000000000000700000000000000000000000000000000000000000000000000000000000000000000000000000000000000000007070700000000000000000007070700000000000000000000000000000000000000000000000000000000000000000000000000000000000000000000000000000700
310
00000000000000000000000000000000000000070707000000000000000007000000000000000000000000000000000000000000000000000000000000000000000000000000000000000000000000000000070000000000000000070707000000000000000000000000000000000000000000000000000000000700000000
310
00000000000000000000000000000000000000000000000000000000000000000007000000000000000000000000000000000000000000000000000000000000000000000000000707070707070000070707070707000000000000000000000000000000000000000000000000000000000000000000000000000000000000
310
00000000000000000000000000000700000000000000000000000000000000000000000700000000000000000000000000000000000707070707070000000707070707000000000000000000000000000000000000000000000707070000000000000000000000000000000000000000000007070707070000070707000707
310
07000000000000000000000000000000000007000000000000000000000000000000000000000000000000000000000000000000000000000000000000000000070707000000000000000000070707000000000000000000000000000000000000000000000000000000000000000000000000000000000000000000000000
310
00000700000000000000000000000000000000000000000707070000000000000000070000000000000000000000000000000000000000000000000000000000000000000000000000000000000000000000000000000700000000000000000707070000000000000000000000000000000000000000000000000000000007
310
00000000000000000000000000000000000000000000000000000000000000000000000000070000000000000000000000000000000000000000000000000000000000000000000000000007070707070700000707070707070000000000000000000000000000000000000000000000000000000000000000000000000000
310
00000000000000000000000000000000000007000000000000000000000000000000000000000007000000000000000000000000000000000007070707070700000007070707070000000000000000000000000000000000000000000007070700000000000000000000000000000000000000000000070707070700000707
310
07000707070000000000000000000000000000000000070000000000000000000000000000000000000000000000000000000000000000000000000000000000000000000707070000000000000000000707070000000000000000000000000000000000000000000000000000000000000000000000000000000000000000
310
00000000000007000000000000000000000000000000000000000007070700000000000000000700000000000000000000000000000000000000000000000000000000000000000000000000000000000000000000000000000007000000000000000007070700000000000000000000000000000000000000000000000000
310
00000007000000000000000000000000000000000000000000000000000000000000000000000000000700000000000000000000000000000000000000000000000000000000000000000000000000070707070707000007070707070700000000000000000000000000000000000000000000000000000000000000000000
310
00000000000000000000000000000000000000000000070000000000000000000000000000000000000000070000000000000000000000000000000000070707070707000000070707070700000000000000000000000000000000000000000000070707000000000000000000000000000000000000000000000707070707
310
00000707070007070700000000000000000000000000000000000700000000000000000000000000000000000000000000000000000000000000000000000000000000000000000007070700000000000000000007070700000000000000000000000000000000000000000000000000000000000000000000000000000000
310
00000000000000000000070000000000000000000000000000000000000000070707000000000000000007000000000000000000000000000000000000000000000000000000000000000000000000000000000000000000000000000000070000000000000000070707000000000000000000000000000000000000000000
310
00000000000000070000000000000000000000000000000000000000000000000000000000000000000000000007000000000000000000000000000000000000000000000000000000000000000000000000000707070707070000070707070707000000000000000000000000000000000000000000000000000000000000
310
00000000000000000000000000000000000000000000000000000700000000000000000000000000000000000000000700000000000000000000000000000000000707070707070000000707070707000000000000000000000000000000000000000000000707070000000000000000000000000000000000000000000007
310
07070707000007070700070707000000000000000000000000000000000007000000000000000000000000000000000000000000000000000000000000000000000000000000000000000000070707000000000000000000070707000000000000000000000000000000000000000000000000000000000000000000000000
310
00000000000000000000000000000700000000000000000000000000000000000000000707070000000000000000070000000000000000000000000000000000000000000000000000000000000000000000000000000000000000000000000000000700000000000000000707070000000000000000000000000000000000
310
00000000000000000000000700000000000000000000000000000000000000000000000000000000000000000000000000070000000000000000000000000000000000000000000000000000000000000000000000000007070707070700000707070707070000000000000000000000000000000000000000000000000000
310
00000000000000000000000000000000000000000000000000000000000007000000000000000000000000000000000000000007000000000000000000000000000000000007070707070700000007070707070000000000000000000000000000000000000000000007070700000000000000000000000000000000000000
310
00000007070707070000070707000707070000000000000000000000000000000000070000000000000000000000000000000000000000000000000000000000000000000000000000000000000000000707070000000000000000000707070000000000000000000000000000000000000000000000000000000000000000
310
00000000000000000000000000000000000007000000000000000000000000000000000000000007070700000000000000000700000000000000000000000000000000000000000000000000000000000000000000000000000000000000000000000000000007000000000000000007070700000000000000000000000000
310
00000000000000000000000000000007000000000000000000000000000000000000000000000000000000000000000000000000000700000000000000000000000000000000000000000000000000000000000000000000000000070707070707000007070707070700000000000000000000000000000000000000000000
310
00000000000000000000000000000000000000000000000000000000000000000000070000000000000000000000000000000000000000070000000000000000000000000000000000070707070707000000070707070700000000000000000000000000000000000000000000000707000000000000000000000000000000
310
00000000000000070707070700000707070007070700000000000000000000000000000000000700000000000000000000000000000000000000000000000000000000000000000000000000000000000000000007070700000000000000000007070700000000000000000000000000000000000000000000000000000000
310
00000000000000000000000000000000000000000000070000000000000000000000000000000000000000070707000000000000000007000000000000000000000000000000000000000000000000000000000000000000000000000000000000000000000000000000070000000000000000070707000000000000000000
310
00000000000000000000000000000000000000070000000000000000000000000000000000000000000000000000000000000000000000000007000000000000000000000000000000000000000000000000000000000000000000000000000707070707070000070707070707000000000000000000000000000000000000
310
00000000000000000000000000000000000000000000000000000000000000000000000000000700000000000000000000000000000000000000000700000000000000000000000000000000000707070707070000000707070707000000000000000000000000000000000000000000000707070700000000000000000000
310
00000000000000000000000707070707000007070700070707000000000000000000000000000000000007000000000000000000000000000000000000000000000000000000000000000000000000000000000000000000070707000000000000000000070707000000000000000000000000000000000000000000000000
310
00000000000000000000000000000000000000000000000000000700000000000000000000000000000000000000000707070000000000000000070000000000000000000000000000000000000000000000000000000000000000000000000000000000000000000000000000000700000000000000000707070000000000
310
00000000000000000000000000000000000000000000000700000000000000000000000000000000000000000000000000000000000000000000000000070000000000000000000000000000000000000000000000000000000000000000000000000007070707070700000707070707070000000000000000000000000000
310
00000000000000000000000000000000000000000000000000000000000000000000000000000000000007000000000000000000000000000000000000000007000000000000000000000000000000000007070707070700000007070707070000000000000000000000000000000000000000000007070700000000000000
310
00000000000000000000000000000007070707070000070707000707070000000000000000000000000000000000070000000000000000000000000000000000000000000000000000000000000000000000000000000000000000000707070000000000000000000707070000000000000000000000000000000000000000
310
00000000000000000000000000000000000000000000000000000000000007000000000000000000000000000000000000000007070700000000000000000700000000000000000000000000000000000000000000000000000000000000000000000000000000000000000000000000000007000000000000000007070700
310
00000000000000000000000000000000000000000000000000000007000000000000000000000000000000000000000000000000000000000000000000000000000700000000000000000000000000000000000000000000000000000000000000000000000000070707070707000007070707070700000000000000000000
310
00000000000000000000000000000000000000000000000000000000000000000000000000000000000000000000070000000000000000000000000000000000000000070000000000000000000000000000000000070707070707000000070707070700000000000000000000000000000000000000000000000707000000
310
00000000000000000000000000000000000000070707070700000707070007070700000000000000000000000000000000000700000000000000000000000000000000000000000000000000000000000000000000000000000000000000000007070700000000000000000007070700000000000000000000000000000000
310
00000000000000000000000000000000000000000000000000000000000000000000070000000000000000000000000000000000000000070707000000000000000007000000000000000000000000000000000000000000000000000000000000000000000000000000000000000000000000000000070000000000000000
310
07070700000000000000000000000000000000000000000000000000000000070000000000000000000000000000000000000000000000000000000000000000000000000007000000000000000000000000000000000000000000000000000000000000000000000000000707070707070000070707070707000000000000
310
00000000000000000000000000000000000000000000000000000000000000000000000000000000000000000000000000000700000000000000000000000000000000000000000700000000000000000000000000000000000707070707070000000707070707000000000000000000000000000000000000000000000707
310
07070000000000000000000000000000000000000000000707070707000007070700070707000000000000000000000000000000000007000000000000000000000000000000000000000000000000000000000000000000000000000000000000000000070707000000000000000000070707000000000000000000000000
310
00000000000000000000000000000000000000000000000000000000000000000000000000000700000000000000000000000000000000000000000707070000000000000000070000000000000000000000000000000000000000000000000000000000000000000000000000000000000000000000000000000700000000
310
00000000070707000000000000000000000000000000000000000000000000000000000700000000000000000000000000000000000000000000000000000000000000000000000000070000000000000000000000000000000000000000000000000000000000000000000000000007070707070700000707070707070000
310
00000000000000000000000000000000000000000000000000000000000000000000000000000000000000000000000000000000000007000000000000000000000000000000000000000007000000000000000000000000000000000007070707070700000007070707070000000000000000000000000000000000000000
310
00000707070000000000000000000000000000000000000000000007070707070000070707000707070000000000000000000000000000000000070000000000000000000000000000000000000000000000000000000000000000000000000000000000000000000707070000000000000000000707070000000000000000
310
00000000000000000000000000000000000000000000000000000000000000000000000000000000000007000000000000000000000000000000000000000007070700000000000000000700000000000000000000000000000000000000000000000000000000000000000000000000000000000000000000000000000007
310
00000000000000000707070000000000000000000000000000000000000000000000000000000007000000000000000000000000000000000000000000000000000000000000000000000000000700000000000000000000000000000000000000000000000000000000000000000000000000070707070707000007070707
310
07070000000000000000000000000000000000000000000000000000000000000000000000000000000000000000000000000000000000000000070000000000000000000000000000000000000000070000000000000000000000000000000000070707070707000000070707070700000000000000000000000000000000
310
00000000000000070700000000000000000000000000000000000000000000070707070700000707070007070700000000000000000000000000000000000700000000000000000000000000000000000000000000000000000000000000000000000000000000000000000007070700000000000000000007070700000000
310
00000000000000000000000000000000000000000000000000000000000000000000000000000000000000000000070000000000000000000000000000000000000000070707000000000000000007000000000000000000000000000000000000000000000000000000000000000000000000000000000000000000000000
310
00000007000000000000000007070700000000000000000000000000000000000000000000000000000000070000000000000000000000000000000000000000000000000000000000000000000000000007000000000000000000000000000000000000000000000000000000000000000000000000000707070707070000
310
07070707070700000000000000000000000000000000000000000000000000000000000000000000000000000000000000000000000000000000000000000700000000000000000000000000000000000000000700000000000000000000000000000000000707070707070000000707070707000000000000000000000000
310
00000000000000000000070707070000000000000000000000000000000000000000000707070707000007070700070707000000000000000000000000000000000007000000000000000000000000000000000000000000000000000000000000000000000000000000000000000000070707000000000000000000070707
310
00000000000000000000000000000000000000000000000000000000000000000000000000000000000000000000000000000700000000000000000000000000000000000000000707070000000000000000070000000000000000000000000000000000000000000000000000000000000000000000000000000000000000
310
00000000000000070000000000000000070707000000000000000000000000000000000000000000000000000000000700000000000000000000000000000000000000000000000000000000000000000000000000070000000000000000000000000000000000000000000000000000000000000000000000000007070707
310
07070000070707070707000000000000000000000000000000000000000000000000000000000000000000000000000000000000000000000000000000000000000007000000000000000000000000000000000000000007000000000000000000000000000000000007070707070700000007070707070000000000000000
310
00000000000000000000000000000707070000000000000000000000000000000000000000000007070707070000070707000707070000000000000000000000000000000000070000000000000000000000000000000000000000000000000000000000000000000000000000000000000000000707070000000000000000
310
00070707000000000000000000000000000000000000000000000000000000000000000000000000000000000000000000000000000007000000000000000000000000000000000000000007070700000000000000000700000000000000000000000000000000000000000000000000000000000000000000000000000000
310
00000000000000000000000700000000000000000707070000000000000000000000000000000000000000000000000000000007000000000000000000000000000000000000000000000000000000000000000000000000000700000000000000000000000000000000000000000000000000000000000000000000000000
310
07070707070700000707070707070000000000000000000000000000000000000000000000000000000000000000000000000000000000000000000000000000000000000000070000000000000000000000000000000000000000070000000000000000000000000000000000070707070707000000070707070700000000
310
00000000000000000000000000000000000007070700000000000000000000000000000000000000000000070707070700000707070007070700000000000000000000000000000000000700000000000000000000000000000000000000000000000000000000000000000000000000000000000000000007070700000000
310
00000000000707070000000000000000000000000000000000000000000000000000000000000000000000000000000000000000000000000000070000000000000000000000000000000000000000070707000000000000000007000000000000000000000000000000000000000000000000000000000000000000000000
310
00000000000000000000000000000007000000000000000007070700000000000000000000000000000000000000000000000000000000070000000000000000000000000000000000000000000000000000000000000000000000000007000000000000000000000000000000000000000000000000000000000000000000
310
00000000070707070707000007070707070700000000000000000000000000000000000000000000000000000000000000000000000000000000000000000000000000000000000000000700000000000000000000000000000000000000000700000000000000000000000000000000000707070707070000000707070707
310
00000000000000000000000000000000000000000000070707000000000000000000000000000000000000000000000707070707000007070700070707000000000000000000000000000000000007000000000000000000000000000000000000000000000000000000000000000000000000000000000000000000070707
310
00000000000000000007070700000000000000000000000000000000000000000000000000000000000000000000000000000000000000000000000000000700000000000000000000000000000000000000000707070000000000000000070000000000000000000000000000000000000000000000000000000000000000
310
00000000000000000000000000000000000000070000000000000000070707000000000000000000000000000000000000000000000000000000000700000000000000000000000000000000000000000000000000000000000000000000000000070000000000000000000000000000000000000000000000000000000000
310
00000000000000000707070707070000070707070707000000000000000000000000000000000000000000000000000000000000000000000000000000000000000000000000000000000000000007000000000000000000000000000000000000000007000000000000000000000000000000000007070707070700000007
310
07070707000000000000000000000000000000000000000000000707070000000000000000000000000000000000000000000007070707070000070707000707070000000000000000000000000000000000070000000000000000000000000000000000000000000000000000000000000000000000000000000000000000
310
00070707000000000000000000070707000000000000000000000000000000000000000000000000000000000000000000000000000000000000000000000000000007000000000000000000000000000000000000000007070700000000000000000700000000000000000000000000000000000000000000000000000000
310
00000000000000000000000000000000000000000000000700000000000000000707070000000000000000000000000000000000000000000000000000000007000000000000000000000000000000000000000000000000000000000000000000000000000700000000000000000000000000000000000000000000000000
310
00000000000000000000000007070707070700000707070707070000000000000000000000000000000000000000000000000000000000000000000000000000000000000000000000000000000000000000070000000000000000000000000000000000000000070000000000000000000000000000000000070707070707
310
00000007070707070000000000000000000000000000000000000000000007070700000000000000000000000000000000000000000000070707070700000707070707070700000000000000000000000000000000000700000000000000000000000000000000000000000000000000000000000000000000000000000000
310
00000000000707070000000000000000000707070000000000000000000000000000000000000000000000000000000000000000000000000000000000000000000000000000070000000000000000000000000000000000000000070707000000000000000007000000000000000000000000000000000000000000000000
310
00000000000000000000000000000000000000000000000000000007000000000000000007070700000000000000000000000000000000000000000000000000000000070000000000000000000000000000000000000000000000000000000000000000000000000007000000000000000000000000000000000000000000
310
00000000000000000000000000000000070707070707000007070707070700000000000000000000000000000000000000000000000000000000000000000000000000000000000000000000000000000000000000000700000000000000000000000000000000000000000700000000000000000000000000000000000707
310
07070707000000070707070700000000000000000000000000000000000000000000070707000000000000000000000000000000000000000000000707070707000007070707070707000000000000000000000000000000000007000000000000000000000000000000000000000000000000000000000000000000000000
310
00000000000000000007070700000000000000000007070700000000000000000000000000000000000000000000000000000000000000000000000000000000000000000000000000000700000000000000000000000000000000000000000707070000000000000000070000000000000000000000000000000000000000
310
00000000000000000000000000000000000000000000000000000000000000070000000000000000070707000000000000000000000000000000000000000000000000000000000700000000000000000000000000000000000000000000000000000000000000000000000000070000000000000000000000000000000000
310
00000000000000000000000000000000000000000707070707070000070707070707000000000000000000000000000000000000000000000000000000000000000000000000000000000000000000000000000000000000000007000000000000000000000000000000000000000007000000000000000000000000000000
310
00000707070707070000000707070707000000000000000000000000000000000000000000000707070000000000000000000000000000000000000000000007070707070000070707070707070000000000000000000000000000000000070000000000000000000000000000000000000000000000000000000000000000
310
00000000000000000000000000070707000000000000000000070707000000000000000000000000000000000000000000000000000000000000000000000000000000000000000000000000000007000000000000000000000000000000000000000007070700000000000000000700000000000000000000000000000000
310
00000000000000000000000000000000000000000000000000000000000000000000000700000000000000000707070000000000000000000000000000000000000000000000000000000007000000000000000000000000000000000000000000000000000000000000000000000000000700000000000000000000000000
310
00000000000000000000000000000000000000000000000007070707070700000707070707070000000000000000000000000000000000000000000000000000000000000000000000000000000000000000000000000000000000000000070000000000000000000000000000000000000000070000000000000000000000
310
00000000000007070707070700000007070707070000000000000000000000000000000000000000000000070700000000000000000000000000000000000000000000070707070700000707070707070700000000000000000000000000000000000700000000000000000000000000000000000000000000000000000000
310
00000000000000000000000000000000000707070000000000000000000707070000000000000000000000000000000000000000000000000000000000000000000000000000000000000000000000000000070000000000000000000000000000000000000000070707000000000000000007000000000000000000000000
310
00000000000000000000000000000000000000000000000000000000000000000000000000000007000000000000000007070700000000000000000000000000000000000000000000000000000000070000000000000000000000000000000000000000000000000000000000000000000000000007000000000000000000
310
00000000000000000000000000000000000000000000000000000000070707070707000007070707070700000000000000000000000000000000000000000000000000000000000000000000000000000000000000000000000000000000000000000700000000000000000000000000000000000000000700000000000000
310
00000000000000000000070707070707000000070707070700000000000000000000000000000000000000000000070707070000000000000000000000000000000000000000000707070707000007070707070707000000000000000000000000000000000007000000000000000000000000000000000000000000000000
310
00000000000000000000000000000000000000000007070700000000000000000007070700000000000000000000000000000000000000000000000000000000000000000000000000000000000000000000000000000700000000000000000000000000000000000000000707070000000000000000070000000000000000
310
00000000000000000000000000000000000000000000000000000000000000000000000000000000000000070000000000000000070707000000000000000000000000000000000000000000000000000000000700000000000000000000000000000000000000000000000000000000000000000000000000070000000000
310
00000000000000000000000000000000000000000000000000000000000000000707070707070000070707070707000000000000000000000000000000000000000000000000000000000000000000000000000000000000000000000000000000000000000007000000000000000000000000000000000000000007000000
310
00000000000000000000000000000707070707070000000707070707000000000000000000000000000000000000000000000707070000000000000000000000000000000000000000000007070707070000070707070707070000000000000000000000000000000000070000000000000000000000000000000000000000
310
00000000000000000000000000000000000000000000000000070707000000000000000000070707000000000000000000000000000000000000000000000000000000000000000000000000000000000000000000000000000007000000000000000000000000000000000000000007070700000000000000000700000000
310
00000000000000000000000000000000000000000000000000000000000000000000000000000000000000000000000700000000000000000707070000000000000000000000000000000000000000000000000000000007000000000000000000000000000000000000000000000000000000000000000000000000000700
310
00000000000000000000000000000000000000000000000000000000000000000000000007070707070700000707070707070000000000000000000000000000000000000000000000000000000000000000000000000000000000000000000000000000000000000000070000000000000000000000000000000000000000
310
07000000000000000000000000000000000007070707070700000007070707070000000000000000000000000000000000000000000000070700000000000000000000000000000000000000000000070707070700000707070707070700000000000000000000000000000000000700000000000000000000000000000000
310
00000000000000000000000000000000000000000000000000000000000707070000000000000000000707070000000000000000000000000000000000000000000000000000000000000000000000000000000000000000000000000000070000000000000000000000000000000000000000070707000000000000000007
310
00000000000000000000000000000000000000000000000000000000000000000000000000000000000000000000000000000007000000000000000007070700000000000000000000000000000000000000000000000000000000070000000000000000000000000000000000000000000000000000000000000000000707
310
07070700000000000000000000000000000000000000000000000000000000000000000000000000070707070707000007070707070700000000000000000000000000000000000000000000000000000000000000000000000000000000000000000000000000000000000000000700000000000000000000000000000000
310
00000000070000000000000000000000000000000000070707070707000000070707070700000000000000000000000000000000000000000000070707070000000000000000000000000000000000000000000707070707000007070700070707000000000000000000000000000000000007000000000000000000000000
310
00000000000000000000000000000000000000000000000000000000000000000007070700000000000000000007070700000000000000000000000000000000000000000000000000000000000000000000000000000000000000000000000000000700000000000000000000000000000000000000000707070000000000
310
00000007000000000000000000000000000000000000000000000000000000000000000000000000000000000000000000000000000000070000000000000000070707000000000000000000000000000000000000000000000000000000000707070707000000000000000000000000000000000000000000000000000000
310
00000000000007000000000000000000000000000000000000000000000000000000000000000000000000000707070707070000070707070707000000000000000000000000000000000000000000000000000000000000000000000000000000000000000000000000000000000000000007000000000000000000000000
310
00000000000000000700000000000000000000000000000000000707070707070000000707070707000000000000000000000000000000000000000000000707070000000000000000000000000000000000000000000007070707070000070707000707070000000000000000000000000000000000070000000000000000
310
00000000000000000000000000000000000000000000000000000000000000000000000000070707000000000000000000070707000000000000000000000000000000000000000000000000000000000000000000000000000000000000000000000000000007000000000000000000000000000000000000000007070700
310
00000000000000070000000000000000000000000000000000000000000000000000000000000000000000000000000000000000000000000000000700000000000000000707070000000000000000000000000000000000000000000000000000000007000000000000000000000000000000000000000000000000000000
310
00000000000000000000070000000000000000000000000000000000000000000000000000000000000000000000000007070707070700000707070707070000000000000000000000000000000000000000000000000000000000000000000000000000000000000000000000000000000000000000070000000000000000
310
00000000000000000000000007000000000000000000000000000000000007070707070700000007070707070000000000000000000000000000000000000000000000070700000000000000000000000000000000000000000000070707070700000707070007070700000000000000000000000000000000000700000000
310
00000000000000000000000000000000000000000000000000000000000000000000000000000000000707070000000000000000000707070000000000000000000000000000000000000000000000000000000000000000000000000000000000000000000000000000070000000000000000000000000000000000000000
310
07070700000000000000000700000000000000000000000000000000000000000000000000000000000000000000000000000000000000000000000000000007000000000000000007070700000000000000000000000000000000000000000000000000000000070000000000000000000000000000000000000000000000
310
00000000000000000000000000000700000000000000000000000000000000000000000000000000000000000000000000000000070707070707000007070707070700000000000000000000000000000000000000000000000000000000000000000000000000000000000000000000000000000000000000000700000000
310
00000000000000000000000000000000070000000000000000000000000000000000070707070707000000070707070700000000000000000000000000000000000000000000070707070000000000000000000000000000000000000000000707070707000007070700070707000000000000000000000000000000000007
310
00000000000000000000000000000000000000000000000000000000000000000000000000000000000000000007070700000000000000000007070700000000000000000000000000000000000000000000000000000000000000000000000000000000000000000000000000000700000000000000000000000000000000
310
00000000070707000000000000000007000000000000000000000000000000000000000000000000000000000000000000000000000000000000000000000000000000070000000000000000070707000000000000000000000000000000000000000000000000000000000700000000000000000000000000000000000000
310
00000000000000000000000000000000000007000000000000000000000000000000000000000000000000000000000000000000000000000707070707070000070707070707000000000000000000000000000000000000000000000000000000000000000000000000000000000000000000000000000000000000000007
310
00000000000000000000000000000000000000000700000000000000000000000000000000000707070707070000000707070707000000000000000000000000000000000000000000000707070000000000000000000000000000000000000000000007070707070000070707000707070000000000000000000000000000
310
00000007000000000000000000000000000000000000000000000000000000000000000000000000000000000000000000070707000000000000000000070707000000000000000000000000000000000000000000000000000000000000000000000000000000000000000000000000000007000000000000000000000000
310
00000000000000000707070000000000000000070000000000000000000000000000000000000000000000000000000000000000000000000000000000000000000000000000000700000000000000000707070000000000000000000000000000000000000000000000000000000007000000000000000000000000000000
310
00000000000000000000000000000000000000000000070000000000000000000000000000000000000000000000000000000000000000000000000007070707070700000707070707070000000000000000000000000000000000000000000000000000000000000000000000000000000000000000000000000000000000
310
00000007000000000000000000000000000000000000000007000000000000000000000000000000000007070707070700000007070707070000000000000000000000000000000000000000000007070700000000000000000000000000000000000000000000070707070700000707070007070700000000000000000000
310
00000000000000070000000000000000000000000000000000000000000000000000000000000000000000000000000000000000000707070000000000000000000707070000000000000000000000000000000000000000000000000000000000000000000000000000000000000000000000000000070000000000000000
310
00000000000000000000000007070700000000000000000700000000000000000000000000000000000000000000000000000000000000000000000000000000000000000000000000000007000000000000000007070700000000000000000000000000000000000000000000000000000000070000000000000000000000
310
00000000000000000000000000000000000000000000000000000700000000000000000000000000000000000000000000000000000000000000000000000000070707070707000007070707070700000000000000000000000000000000000000000000000000000000000000000000000000000000000000000000000000
310
00000000000000070000000000000000000000000000000000000000070000000000000000000000000000000000070707070707000000070707070700000000000000000000000000000000000000000000070707000000000000000000000000000000000000000000000707070707000007070700070707000000000000
310
00000000000000000000000700000000000000000000000000000000000000000000000000000000000000000000000000000000000000000007070700000000000000000007070700000000000000000000000000000000000000000000000000000000000000000000000000000000000000000000000000000700000000
310
00000000000000000000000000000000070707000000000000000007000000000000000000000000000000000000000000000000000000000000000000000000000000000000000000000000000000070000000000000000070707000000000000000000000000000000000000000000000000000000000700000000000000
310
00000000000000000000000000000000000000000000000000000000000007000000000000000000000000000000000000000000000000000000000000000000000000000707070707070000070707070707000000000000000000000000000000000000000000000000000000000000000000000000000000000000000000
310
00000000000000000000000700000000000000000000000000000000000000000700000000000000000000000000000000000707070707070000000707070707000000000000000000000000000000000000000000000707070000000000000000000000000000000000000000000007070707070000070707000707070000
310
00000000000000000000000000000007000000000000000000000000000000000000000000000000000000000000000000000000000000000000000000070707000000000000000000070707000000000000000000000000000000000000000000000000000000000000000000000000000000000000000000000000000007
310
00000000000000000000000000000000000000000707070000000000000000070000000000000000000000000000000000000000000000000000000000000000000000000000000000000000000000000000000700000000000000000707070000000000000000000000000000000000000000000000000000000007000000
310
00000000000000000000000000000000000000000000000000000000000000000000070000000000000000000000000000000000000000000000000000000000000000000000000007070707070700000707070707070000000000000000000000000000000000000000000000000000000000000000000000000000000000
310
00000000000000000000000000000007000000000000000000000000000000000000000007000000000000000000000000000000000007070707070700000007070707070000000000000000000000000000000000000000000007070700000000000000000000000000000000000000000000070707070700000707070007
310
07070000000000000000000000000000000000070000000000000000000000000000000000000000000000000000000000000000000000000000000000000000000707070000000000000000000707070000000000000000000000000000000000000000000000000000000000000000000000000000000000000000000000
310
00000007000000000000000000000000000000000000000007070700000000000000000700000000000000000000000000000000000000000000000000000000000000000000000000000000000000000000000000000007000000000000000007070700000000000000000000000000000000000000000000000000000000
310
07000000000000000000000000000000000000000000000000000000000000000000000000000700000000000000000000000000000000000000000000000000000000000000000000000000070707070707000007070707070700000000000000000000000000000000000000000000000000000000000000000000000000
310
00000000000000000000000000000000000000070000000000000000000000000000000000000000070000000000000000000000000000000000070707070707000000070707070700000000000000000000000000000000000000000000070707000000000000000000000000000000000000000000000707070707000007
310
07070007070700000000000000000000000000000000000700000000000000000000000000000000000000000000000000000000000000000000000000000000000000000007070700000000000000000007070700000000000000000000000000000000000000000000000000000000000000000000000000000000000000
310
00000000000000070000000000000000000000000000000000000000070707000000000000000007000000000000000000000000000000000000000000000000000000000000000000000000000000000000000000000000000000070000000000000000070707000000000000000000000000000000000000000000000000
310
00000000070000000000000000000000000000000000000000000000000000000000000000000000000007000000000000000000000000000000000000000000000000000000000000000000000000000707070707070000070707070707000000000000000000000000000000000000000000000000000000000000000000
310
00000000000000000000000000000000000000000000000700000000000000000000000000000000000000000700000000000000000000000000000000000707070707070000000707070707000000000000000000000000000000000000000000000707070000000000000000000000000000000000000000000007070707
310
07000007070700070707000000000000000000000000000000000007000000000000000000000000000000000000000000000000000000000000000000000000000000000000000000070707000000000000000000070707000000000000000000000000000000000000000000000000000000000000000000000000000000
310
00000000000000000000000700000000000000000000000000000000000000000707070000000000000000070000000000000000000000000000000000000000000000000000000000000000000000000000000000000000000000000000000700000000000000000707070000000000000000000000000000000000000000
310
00000000000000000700000000000000000000000000000000000000000000000000000000000000000000000000070000000000000000000000000000000000000000000000000000000000000000000000000007070707070700000707070707070000000000000000000000000000000000000000000000000000000000
310
00000000000000000000000000000000000000000000000000000007000000000000000000000000000000000000000007000000000000000000000000000000000007070707070700000007070707070000000000000000000000000000000000000000000000070700000000000000000000000000000000000000000000
310
07070707070000070707000707070000000000000000000000000000000000070000000000000000000000000000000000000000000000000000000000000000000000000000000000000000000707070000000000000000000707070000000000000000000000000000000000000000000000000000000000000000000000
310
00000000000000000000000000000007000000000000000000000000000000000000000007070700000000000000000700000000000000000000000000000000000000000000000000000000000000000000000000000000000000000000000000000007000000000000000007070700000000000000000000000000000000
310
00000000000000000000000007000000000000000000000000000000000000000000000000000000000000000000000000000700000000000000000000000000000000000000000000000000000000000000000000000000070707070707000007070707070700000000000000000000000000000000000000000000000000
310
00000000000000000000000000000000000000000000000000000000000000070000000000000000000000000000000000000000070000000000000000000000000000000000070707070707000000070707070700000000000000000000000000000000000000000000070707070000000000000000000000000000000000
310
00000000070707070700000707070007070700000000000000000000000000000000000700000000000000000000000000000000000000000000000000000000000000000000000000000000000000000007070700000000000000000007070700000000000000000000000000000000000000000000000000000000000000
310
00000000000000000000000000000000000000070000000000000000000000000000000000000000070707000000000000000007000000000000000000000000000000000000000000000000000000000000000000000000000000000000000000000000000000070000000000000000070707000000000000000000000000
310
00000000000000000000000000000000070000000000000000000000000000000000000000000000000000000000000000000000000007000000000000000000000000000000000000000000000000000000000000000000000000000707070707070000070707070707000000000000000000000000000000000000000000
310
00000000000000000000000000000000000000000000000000000000000000000000000700000000000000000000000000000000000000000700000000000000000000000000000000000707070707070000000707070707000000000000000000000000000000000000000000000707070000000000000000000000000000
310
00000000000000000707070707000007070700070707000000000000000000000000000000000007000000000000000000000000000000000000000000000000000000000000000000000000000000000000000000070707000000000000000000070707000000000000000000000000000000000000000000000000000000
310
00000000000000000000000000000000000000000000000700000000000000000000000000000000000000000707070000000000000000070000000000000000000000000000000000000000000000000000000000000000000000000000000000000000000000000000000700000000000000000707070000000000000000
310
00000000000000000000000000000000000000000700000000000000000000000000000000000000000000000000000000000000000000000000070000000000000000000000000000000000000000000000000000000000000000000000000007070707070700000707070707070000000000000000000000000000000000
310
00000000000000000000000000000000000000000000000000000000000000000000000000000007000000000000000000000000000000000000000007000000000000000000000000000000000007070707070700000007070707070000000000000000000000000000000000000000000000070700000000000000000000
310
00000000000000000000000007070707070000070707000707070000000000000000000000000000000000070000000000000000000000000000000000000000000000000000000000000000000000000000000000000000000707070000000000000000000707070000000000000000000000000000000000000000000000
310
00000000000000000000000000000000000000000000000000000007000000000000000000000000000000000000000007070700000000000000000700000000000000000000000000000000000000000000000000000000000000000000000000000000000000000000000000000007000000000000000007070700000000
310
00000000000000000000000000000000000000000000000007000000000000000000000000000000000000000000000000000000000000000000000000000700000000000000000000000000000000000000000000000000000000000000000000000000070707070707000007070707070700000000000000000000000000
310
00000000000000000000000000000000000000000000000000000000000000000000000000000000000000070000000000000000000000000000000000000000070000000000000000000000000000000000070707070707000000070707070700000000000000000000000000000000000000000000070707070000000000
310
00000000000000000000000000000000070707070700000707070007070700000000000000000000000000000000000700000000000000000000000000000000000000000000000000000000000000000000000000000000000000000007070700000000000000000007070700000000000000000000000000000000000000
310
00000000000000000000000000000000000000000000000000000000000000070000000000000000000000000000000000000000070707000000000000000007000000000000000000000000000000000000000000000000000000000000000000000000000000000000000000000000000000070000000000000000070707
310
00000000000000000000000000000000000000000000000000000000070000000000000000000000000000000000000000000000000000000000000000000000000007000000000000000000000000000000000000000000000000000000000000000000000000000707070707070000070707070707000000000000000000
310
00000000000000000000000000000000000000000000000000000000000000000000000000000000000000000000000700000000000000000000000000000000000000000700000000000000000000000000000000000707070707070000000707070707000000000000000000000000000000000000000000000707070000
310
00000000000000000000000000000000000000000707070707000007070700070707000000000000000000000000000000000007000000000000000000000000000000000000000000000000000000000000000000000000000000000000000000070707000000000000000000070707000000000000000000000000000000
310
00000000000000000000000000000000000000000000000000000000000000000000000700000000000000000000000000000000000000000707070000000000000000070000000000000000000000000000000000000000000000000000000000000000000000000000000000000000000000000000000700000000000000
310
00070707000000000000000000000000000000000000000000000000000000000700000000000000000000000000000000000000000000000000000000000000000000000000070000000000000000000000000000000000000000000000000000000000000000000000000007070707070700000707070707070000000000
310
00000000000000000000000000000000000000000000000000000000000000000000000000000000000000000000000000000007000000000000000000000000000000000000000007000000000000000000000000000000000007070707070700000007070707070000000000000000000000000000000000000000000000
310
07070000000000000000000000000000000000000000000007070707070000070707000707070000000000000000000000000000000000070000000000000000000000000000000000000000000000000000000000000000000000000000000000000000000707070000000000000000000707070000000000000000000000
310
00000000000000000000000000000000000000000000000000000000000000000000000000000007000000000000000000000000000000000000000007070700000000000000000700000000000000000000000000000000000000000000000000000000000000000000000000000000000000000000000000000007000000
310
00000000000707070000000000000000000000000000000000000000000000000000000007000000000000000000000000000000000000000000000000000000000000000000000000000700000000000000000000000000000000000000000000000000000000000000000000000000070707070707000007070707070700
310
00000000000000000000000000000000000000000000000000000000000000000000000000000000000000000000000000000000000000070000000000000000000000000000000000000000070000000000000000000000000000000000070707070707000000070707070700000000000000000000000000000000000000
310
00000007070707000000000000000000000000000000000000000000070707070700000707070007070700000000000000000000000000000000000700000000000000000000000000000000000000000000000000000000000000000000000000000000000000000007070700000000000000000007070700000000000000
310
00000000000000000000000000000000000000000000000000000000000000000000000000000000000000070000000000000000000000000000000000000000070707000000000000000007000000000000000000000000000000000000000000000000000000000000000000000000000000000000000000000000000000
310
07000000000000000007070700000000000000000000000000000000000000000000000000000000070000000000000000000000000000000000000000000000000000000000000000000000000007000000000000000000000000000000000000000000000000000000000000000000000000000707070707070000070707
310
07070700000000000000000000000000000000000000000000000000000000000000000000000000000000000000000000000000000000000000000700000000000000000000000000000000000000000700000000000000000000000000000000000707070707070000000707070707000000000000000000000000000000
310
00000000000000070707000000000000000000000000000000000000000000000707070707000007070700070707070000000000000000000000000000000007000000000000000000000000000000000000000000000000000000000000000000000000000000000000000000070707000000000000000000070707000000
310
00000000000000000000000000000000000000000000000000000000000000000000000000000000000000000000000700000000000000000000000000000000000000000707070000000000000000070000000000000000000000000000000000000000000000000000000000000000000000000000000000000000000000
310
00000000070000000000000000070707000000000000000000000000000000000000000000000000000000000700000000000000000000000000000000000000000000000000000000000000000000000000070000000000000000000000000000000000000000000000000000000000000000000000000007070707070700
310
00070707070707000000000000000000000000000000000000000000000000000000000000000000000000000000000000000000000000000000000000000007000000000000000000000000000000000000000007000000000000000000000000000000000007070707070700000007070707070000000000000000000000
310
00000000000000000000000707070000000000000000000000000000000000000000000007070707070000070707000707070700000000000000000000000000000000070000000000000000000000000000000000000000000000000000000000000000000000000000000000000000000707070000000000000000000707
310
07000000000000000000000000000000000000000000000000000000000000000000000000000000000000000000000000000007000000000000000000000000000000000000000007070700000000000000000700000000000000000000000000000000000000000000000000000000000000000000000000000000000000
310
00000000000000000700000000000000000707070000000000000000000000000000000000000000000000000000000007000000000000000000000000000000000000000000000000000000000000000000000000000700000000000000000000000000000000000000000000000000000000000000000000000000070707
310
07070700000707070707070000000000000000000000000000000000000000000000000000000000000000000000000000000000000000000000000000000000000000070000000000000000000000000000000000000000070000000000000000000000000000000000070707070707000000070707070700000000000000
310
00000000000000000000000000000007070700000000000000000000000000000000000000000000070707070700000707070007070707000000000000000000000000000000000700000000000000000000000000000000000000000000000000000000000000000000000000000000000000000007070700000000000000
310
00000707070000000000000000000000000000000000000000000000000000000000000000000000000000000000000000000000000000070000000000000000000000000000000000000000070707000000000000000007000000000000000000000000000000000000000000000000000000000000000000000000000000
310
00000000000000000000000007000000000000000007070700000000000000000000000000000000000000000000000000000000070000000000000000000000000000000000000000000000000000000000000000000000000007000000000000000000000000000000000000000000000000000000000000000000000000
310
00070707070707000007070707070700000000000000000000000000000000000000000000000000000000000000000000000000000000000000000000000000000000000000000700000000000000000000000000000000000000000700000000000000000000000000000000000707070707070000000707070707000000
310
00000000000000000000000000000000000000070707000000000000000000000000000000000000000000000707070707000007070700070707070000000000000000000000000000000007000000000000000000000000000000000000000000000000000000000000000000000000000000000000000000070707000000
310
00000000000007070700000000000000000000000000000000000000000000000000000000000000000000000000000000000000000000000000000700000000000000000000000000000000000000000707070000000000000000070000000000000000000000000000000000000000000000000000000000000000000000
310
00000000000000000000000000000000070000000000000000070707000000000000000000000000000000000000000000000000000000000700000000000000000000000000000000000000000000000000000000000000000000000000070000000000000000000000000000000000000000000000000000000000000000
310
00000000000707070707070000070707070707000000000000000000000000000000000000000000000000000000000000000000000000000000000000000000000000000000000000000007000000000000000000000000000000000000000007000000000000000000000000000000000007070707070700000007070707
310
07000000000000000000000000000000000000000000000707070000000000000000000000000000000000000000000007070707070000070707000707070700000000000000000000000000000000070000000000000000000000000000000000000000000000000000000000000000000000000000000000000000000707
310
07000000000000000000070707000000000000000000000000000000000000000000000000000000000000000000000000000000000000000000000000000007000000000000000000000000000000000000000007070700000000000000000700000000000000000000000000000000000000000000000000000000000000
310
00000000000000000000000000000000000000000700000000000000000707070000000000000000000000000000000000000000000000000000000007000000000000000000000000000000000000000000000000000000000000000000000000000700000000000000000000000000000000000000000000000000000000
310
00000000000000000007070707070700000707070707070000000000000000000000000000000000000000000000000000000000000000000000000000000000000000000000000000000000000000070000000000000000000000000000000000000000070000000000000000000000000000000000070707070707000000
310
07070707070000000000000000000000000000000000000000000007070700000000000000000000000000000000000000000000070707070700000707070007070707000000000000000000000000000000000700000000000000000000000000000000000000000000000000000000000000000000000000000000000000
310
00000707070000000000000000000707070000000000000000000000000000000000000000000000000000000000000000000000000000000000000000000000000000070000000000000000000000000000000000000000070707000000000000000007000000000000000000000000000000000000000000000000000000
310
00000000000000000000000000000000000000000000000007000000000000000007070700000000000000000000000000000000000000000000000000000000070000000000000000000000000000000000000000000000000000000000000000000000000007000000000000000000000000000000000000000000000000
310
00000000000000000000000000070707070707000007070707070700000000000000000000000000000000000000000000000000000000000000000000000000000000000000000000000000000000000000000700000000000000000000000000000000000000000700000000000000000000000000000000000707070707
310
07000000070707070700000000000000000000000000000000000000000000070707000000000000000000000000000000000000000000000707070707000007070700070707000700000000000000000000000000000007000000000000000000000000000000000000000000000000000000000000000000000000000000
310
00000000000007070700000000000000000007070700000000000000000000000000000000000000000000000000000000000000000000000000000000000000000000000000000700000000000000000000000000000000000000000707070000000000000000070000000000000000000000000000000000000000000000
310
00000000000000000000000000000000000000000000000000000000070000000000000000070707000000000000000000000000000000000000000000000000000000000700000000000000000000000000000000000000000000000000000000000000000000000000070000000000000000000000000000000000000000
310
00000000000000000000000000000000000707070707070000070707070707000000000000000000000000000000000000000000000000000000000000000000000000000000000000000000000000000000000000000007000000000000000000000000000000000000000007000000000000000000000000000000000007
310
07070707070000000707070707000000000000000000000000000000000000000000000007070000000000000000000000000000000000000000000007070707070000070707000707070007000000000000000000000000000000070000000000000000000000000000000000000000000000000000000000000000000000
310
00000000000000000000070707000000000000000000070707000000000000000000000000000000000000000000000000000000000000000000000000000000000000000000000000000007000000000000000000000000000000000000000007070700000000000000000700000000000000000000000000000000000000
310
00000000000000000000000000000000000000000000000000000000000000000700000000000000000707070000000000000000000000000000000000000000000000000000000007000000000000000000000000000000000000000000000000000000000000000000000000000700000000000000000000000000000000
310
00000000000000000000000000000000000000000007070707070700000707070707070000000000000000000000000000000000000000000000000000000000000000000000000000000000000000000000000000000000000000070000000000000000000000000000000000000000070000000000000000000000000000
310
00000007070707070700000007070707070000000000000000000000000000000000000000000007070707000000000000000000000000000000000000000000070707070700000707070007070700070000000000000000000000000000000700000000000000000000000000000000000000000000000000000000000000
310
00000000000000000000000000000707070000000000000000000707070000000000000000000000000000000000000000000000000000000000000000000000000000000000000000000000000000070000000000000000000000000000000000000000070707000000000000000007000000000000000000000000000000
310
00000000000000000000000000000000000000000000000000000000000000000000000007000000000000000007070700000000000000000000000000000000000000000000000000000000070000000000000000000000000000000000000000000000000000000000000000000000000007000000000000000000000000
310
00000000000000000000000000000000000000000000000000070707070707070707070707070700000000000000000000000000000000000000000000000000000000000000000000000000000000000000000000000000000000000000000700000000000000000000000000000000000000000700000000000000000000
310
00000000000000070707070707000000070707070707070707000000000000000000000000000000000000070707000000000000000000000000000000000000070707070707070707070007070700070707000700000000000000000000000000000007000000000000000000000000000000000000000000000000000000
310
00000000000000000000000000000000000007070700000000000000000007070700000000000000000000000000000000000000000000000000000000000000000000000000000000000000000000000000000700000000000000000000000000000000000000000707070000000000000000070000000000000000000000
310
00000000000000000000000000000000000000000000000000000000000000000000000000000000070000000000000000070707000000000000000000000000000000000000000000000000000000000700000000000000000000000000000000000000000000000000000000000000000000000000070000000000000000
310
00000000000000000000000000000000000000000000000000000000000707070707070707070707070707000000000000000000000000000000000000000000000000000000000000000000000000000000000000000000000000000000000000000007000000000000000000000000000000000000000007000000000000
310
00000000000000000000000707070707070000000707070707070707070700000000000000000000000000000000000007070000000000000000000000000000000007070707070707070707070000070707000707070007000000000000000000000000000000070700000000000000000000000000000000000000000000
310
00000000000000000000000000000000000000000000070707000000000000000000070707000000000000000000000000000000000000000000000000000000000000000000000000000000000000000000000000000007000000000000000000000000000000000000000007070700000000000000000700000000000000
310
00000000000000000000000000000000000000000000000000000000000000000000000000000000000000000700000000000000000707070000000000000000000000000000000000000000000000000000000007000000000000000000000000000000000000000000000000000000000000000000000000000700000000
310
00000000000000000000000000000000000000000000000000000000000000000007070707070707070707070707070000000000000000000000000000000000000000000000000000000000000000000000000000000000000000000000000000000000000000070000000000000000000000000000000000000000070000
310
00000000000000000000000000000007070707070700000000070707070707070707070000000000000000000000000000000007070707000000000000000000000000000007070707070707070707070000000707070007070700070000000000000000000000000000000707000000000000000000000000000000000000
310
00000000000000000000000000000000000000000000000000000707070000000000000000000707070000000000000000000000000000000000000000000000000000000000000000000000000000000000000000000000000000070000000000000000000000000000000000000000070707000000000000000007000000
310
00000000000000000000000000000000000000000000000000000000000000000000000000000000000000000000000007000000000000000007070700000000000000000000000000000000000000000000000000000000070000000000000000000000000000000000000000000000000000000000000000000000000007
310
00000000000000000000000000000000000000000000000000000000000000000000000000070707070707000007070707070707000000000000000000000000000000000000000000000000000000000000000000000000000000000000000000000000000000000000000700000000000000000000000000000000000000
310
00070000000000000000000000000000000000070707070707000000000707070707070707070707000000000000000000000000000000070707000000000000000000000000000000070707070707070707070000000007070707070707000700000000000000000000000000000007000000000000000000000000000000
310
00000000000000000000000000000000000000000000000000000000000007070700000000000000000007070700000000000000000000000000000000000000000000000000000000000000000000000000000000000000000000000000000700000000000000000000000000000000000000000707070000000000000000
310
07000000000000000000000000000000000000000000000000000000000000000000000000000000000000000000000000000000070000000000000000070707000000000000000000000000000000000000000000000000000000000700000000000000000000000000000000000000000000000000000000000000000000
310
00000007000000000000000000000000000000000000000000000000000000000000000000000000000707070707070000070707070707070000000000000000000000000000000000000000000000000000000000000000000000000000000000000000000000000000000000000007000000000000000000000000000000
310
00000000000700000000000000000000000000000000000707070707070000000007000700000007070707070700000000000000000000000000000007070000000000000000000000000000000707070707000000000000000000070707070707070000070000000000000000000000000000070000000000000000000000
310
00000000000000000000000000000000000000000000000000000000000000000000070707070707070707070707070707000000000000000000000000000000000000000000000000000000000000000000000000000000000000000000000000000007000000000000000000000000000000000000000007070707000000
310
00000707070700000000000000000000000000000000000000000000000000000000000000000000000000000000000000000000000007070707000000000000000707070000000000000000000000000000000000000000000000000000000007000000000000000000000000000000000000000000000000000000000000
310
00000000000000070000000000000000000000000000000000000000000000000000000000000000000000000007070707070700000707070707070000000000000000000000000000000000000000000000000000000000000000000000000000000000000000000000000000000000000000070000000000000000000000
310
00000000000000000707000000000000000000000000000000000007070707070700000000070707000000000707070707070000000000000000000000000007070707000000000000000000000000000007070707000000000707070000000007070707070707070707070707070707070707070707070707070707000000
310
00000000000000000000000000000000000000000000000000000000000000000000000000000707070707070707070707070707070700000000000000000000000000000000000000000000000000000000000000000000000000000000000000000000000007070000000000000000000000000000000000000000070707
310
07070000000707070707070700000000000000000000000000000000000000000000000000000000000000000000000000000000000000000007070707070707000000000007070700000000000000000000000000000000000000000000000000000000070000000000000000000000000000000000000000000000000000
310
00000000000000000000000700000000000000000000000000000000000000000000000000000000000000000000000000070707070707070707070707070700000000000000000000000000000000000000000000000000000000000000000000000000000000000000000000000000000000000000000700000000000000
310
00000000000000000000000007070000000000000000000000000000000000070707070707000000070707070700000007070707070707070707070707070707070707070707070707070707070707070707070707070707070700000707070707070000070707070707000007000000000000000000000000000000000000
310
00000000000000000000000000000000000000000000000000000000000000000000000000000000000007070707070707070707070707070707000000000000000000000000000000000000000000000000000000000000000000000000000000000000000000000000070700000000000000000000000000000000000000
310
00070707070700000707070707070707070000000000000000000000000000000000000000000000000000000000000000000000000000000000000007070707070707070700000000070707000000000000000000000000000000000000000000000000000000000700000000000000000000000000000000000000000000
310
00000000000000000000000000000007000000000000000000000000000000000000000000000000000000000000000000000000000707070707070707070707070707000000000000000000000000000000000000000000000000000000000000000000000000000000000000000000000000000000000000000007000000
310
00000000000000000000000000000000070700000000000000000000000000000000000707070707070000070707070707070000070707070707070707070707070707070707070707070707070707070707070707070707070707070700000707070707070707000707070707070000070000000000000000000000000000
310
00000000000000000000000000000000000000000000000000000000000000000000000000000000000000000000070707000000000000000000070707000000000000000000000000000000000000000000000000000000000000000000000000000000000000000000000000000707000000000000000000000000000000
310
00000000000707070700000707070707070707070700000000000000000000000000000000000000000000000000000000000000000000000000000000000007070707070707070707000000000707070000000000000000000000000000000000000000000000000000000007000000000000000000000000000000000000
310
00000000000000000000000000000000000000070000000000000000000000000000000000000000000000000000000000000000000000000007070707070707070707070707070000000000000000000000000000000000000000000000000000000000000000000000000000000000000000000000000000000000000000
310
07000000000000000000000000000000000000000007000000000000000000000000000000000007070707070700070707070707070707000007070707070707070707070707070707070707070707070707070707070707070707070707070707000707070707070707070007070707070700000700000000000000000000
310
00000000000000000000000000000000000000000000000000000000000000000000000000000000000000000000000000000707070000000000000000000707070000000000000000000000000000000000000000000000000000000000000000000000000000000000000000000000000000070000000000000000000000
310
00000000000000000007070700000007070707070707070707070000000000000000000000000000000000000000000000000000000000000000000000000000000000070707070707070707070700000007070700000000000000000000000000000000000000000000000000000000070000000000000000000000000000
310
00000000000000000000000000000000000000000000000700000000000000000000000000000000000000000000000000000000000000000000000000070707070707070707070707070700000000000000000000000000000000000000000000000000000000000000000000000000000000000000000000000000000000
310
00000000070000000000000000000000000000000007070707070707070707070707070707070707070707070707070707070707070707070707070707070707070707070707070707070707070707070707070707070707070707070707070707070707000007070707070707070700070707070707000007000000000000
310
00000000000000000000000000000000000000000000000000000000000000000000000000000000000000000000000000000000000007070700000000000000000007070700000000000000000000000000000000000000000000000000000000000000000000000000000000000000000000070707070707070707070707
310
07070707070707070707070707070707070707070707070707070707070707070707070707070707070707070707070707070707070707070707070707070707070707070707070707070707070707070707000000070707000000000000000000000000000000000000000000000000000000000700000000000000000000
310
00000000000000000000000000000000000000000007070000000007000000000000000000000000000000000000000000000000000000000000000000000000000707070707070707070700070707000000000000000000000000000000000000000000000000000000000000000000000000000000000000000000000000
310
00000000000000000700000000000000000000000000000000000000000000000000000000000000000000000000000707070707070007070707070707070700000000070707070707070707070707070707070707070707070707070707070707070707070707000000070707070707070707000707070707070000000700
310
00000000000000000000000000000000000000000000000707070000000000000000070700000000000000000000000000000000000000000000070707000000000000000000070707000000000000000000000000000000000000000000000000000000000000000000000000000000000000000000000000000000000000
310
00000000000000000000000000000000000707070000000707070707070707070707000000000000000000000000000000000000000000000000000000000000000000000000000000000007070707070707070707070000000707070000000000000000000000000000000000000000000000000000000007000000000000
310
00000000000000000000000000000000000000000000000000070700000000070000000000000000000000000000000000000000000000000000000000000000000000000007070700070707070007000707070000000000000700000000000000000000000000000000000000000000000000000000000000000000000000
310
00000000000000000000000007000000000000000000000000000000000000000000000000000000000000000000000000000007070707070700070707070707070700000000000000000000000000000000000000000007070700000000000000000000000000000000000000000707070707070707070007070707070700
310
00000700000007070707000700000707070707070000070707000007000707070007070007000007000000000000000000000000000000000000000000000707070000000000000000000707070000000000000000000000000000000000000000000000000000000000000000000000000000000000000000000000000000
310
00000000000000000000000000000000000000000007070700000007070707070707070707000000000000000000000000000000000000000000000000000000000000000000000000000000000000070707070707070707070000000007070700000000000000000000000000000000000000000000000000000000070000
310
00070700000000000000000000000000000000000000000000000000000707000000000700000000000000000000000000000000000000000000000000000000000000000000000000070707070707070700070007070700000000000007000000000000000000000000000000000000000000000000000000000000000000
310
00000000000000000000000000000000070000000000000000000000000000000000000000000000000000000000000000000000000000070707070707000007070707070707000000000000000000000000000000000000000000070707000000000000000000000000000000000000000000070707070707070700070707
310
07070700000007000000070000070700000007000707000000000707000700070007070707000707000700070000000000000000000000000000000000000000000007070700000000000000000007070700000000000000000000000000000000000000000000000000000000000000000000000000000000000000000000
310
00000000000000000000000000000000000000000000000000070707000000000707070707070707070000000000000000000000000000000000000000000000000000000000000000000000000000000000000007070707070707070700000000070707000000000000000000000000000000000000000000000000000000
310
00070000000707000000000000000000000000000000000000000000000000000007070000000007000000000000000000000000000000000000000000000000000000000000000000000000000707070707070700000700070707070000000000070000000000000000000000000000000000000000000000000000000000
310
00000000000000000000000000000000000000000700000000000000000000000000000000000000000000000000000000000000000000000000000707070707070700000707070707000000000000000000000000000000000000000000000007070000000000000000000000000000000000000000000007070707070700
310
00070707070707000000070707070707070007000000070700070707070707070707000700070707000707070007000700000000000000000000000000000000000000000000070707070000000000000000070707070000000000000000000000000000000000000000000000000000000000000000000000000000000000
310
00000000000000000000000000000000000000000000000000000000000707070700000000070707070707070000000000000000000000000000000000000000000000000000000000000000000000000000000000000000000707070707070700000000000707070700000000000000000000000000000000000000000000
310
00000000000700000007070000000000000000000000000000000000000000000000000000000000000000070000000000000000000000000000000000000000000000000000000000000000000000000007070707070707000007000707070000000000000700000000000000000000000000000000000000000000000000
310
00000000000000000000000000000000000000000000000007000000000000000000000000000000000000000000000000000000000000000000000000000007070707070700000000070007000000000000000000000000000000000000000000000007070707000000000000000000000000000000000000000000000000
310
00000000070707070707070000000000000000000707070000000707000700070007070700070007000700000000070700070007000000000000000000000000000000000000000000000707070000000000000000000707070000000000000000000000000000000000000000000000000000000000000000000000000000
310
00000000000000000000000000000000000000000000000000000000000000000007070707000000000007070707000000000000000000000000000000000000000000000000000000000000000000000000000000000000000000000000070707070000000000000007070700000000000000000000000000000000000000
310
00000000000000000007000000070700000000000000000000000000000000000000000000000000000000000000000700000000000000000000000000000000000000000000000000000000000000000000000000070707000707070000070007070700000000000707000000000000000000000000000000000000000000
310
00000000000000000000000000000000000000000000000000000000070000000000000000000000000000000000000000000000000000000000000000000000000000000707070707070000000700070000000000000000000000000000000000000000000000070707000000000000000000000000000000000000000000
310
00000000000000070707070707070700000000000000070707070007000007070000070700000707070000070000070007070707070700070000000000000000000000000000000000000000000007070700000000000000000007070700000000000000000000000000000000000000000000000000000000000000000000
310
00000000000000000000000000000000000000000000000000000000000000000000000000000707070000000000000000000000000000000000000000000000000000000000000000000000000000000000000000000000000000000000000000000000070000000000000007070707000000000000000000000000000000
310
00000000000000000000000000070000000000000000000000000000000000000000000000000000000000000000000000000007000000000000000000000000000000000000000000000000000000000000000000000000000707070707070700000700070707000000000007070000000000000000000000000000000000
310
00000000000000000000000000000000000000000000000000000000000000000700000000000000000000000000000000000000000000000000000000000000000000000000000007070707070707070707070700000000000000000000000000000000000000000000000007070000000000000000000000000000000000
310
00000000000000070707070707070707070700000000000000000000000000000000000000000000000000000000000707070000000000000000070700000000000000000000000000000000000000000000070707000000000000000000070707000000000000000000000000000000000000000000000000000000000000
310
00000000000000000000000000000000000000000000000000000000000000000000000000000000000007070700000000000000000000000000000000000000000000000000000000000000000000000000000000000000000000000000000000000000000000000707000000000000070707000000000000000000000000
310
00000000000000000000000000000000000700000000000000000000000000000000000000000000000000000000000000000000000000070000000000000000000000000000000000000000000000000000000000000000000000000007070707070707000007000707070700000000070700000000000000000000000000
310
00000000000000000000000000000000000000000000000000000000000000000000000007000000000000000000000000000000000000000000000000000000000000000000000000000000070707070707070707070707070707070707070000000707000000000000000000000007070707000000000007070000000000
310
00000000000007070707070707070707070700070707000000000000000000000000000000000000000000000000000000000000000000000000000000000000000000000000000000000000000000000000000000000707070000000000000000000707070000000000000000000000000000000000000000000000000000
310
00000000000000000000000000000000000000000000000000000000000000000000000000000000000000000000070707070000000000000000000000000000000000000000000000000000000000000000000000000000000000000000000000000000000000000000000007070000000000000707070000000000000000
310
00000000000000000000000000000000000000000007000000000000000000000000000000000000000000000000000000000000000000000000000700000000000000000000000000000000000000000000000000000000000000000000000000070707070707070707070707070700000000000007000000000000000000
310
00000000000000000000000000000000000000000000000000000000000000000000000000000000070000000000000000000000000000000000000000000000000000000000000000000000000000000007070707070707070707070707070707070707070707070707070707070707070707070707070707070707070707
310
07070707070707070707070707070707070707070007070707070000000000000000000000000000000000000000000000000000000000000000000000000000000000000000000000000000000000000000000000000000000007070700000000000000000007070700000000000000000000000000000000000000000000
310
00000000000000000000000000000000000000000000000000000000000000000000000000000000000000000000000000000007070707000000000000000000000000000000000000000000000000000000000000000000000000000000000000000000000000000000000000000000070000000000070707070700000000
310
00000000000000000000000000000000000000000000000000070000000000000000000000000000000000000000000000000000000000000000000000000007000000000000000000000000000000000000000000000000000000000000000000000000000707070007070707070707070707070707070707070707070000
310
00000000000000000000000000000000000000000000000000000000000000000000000000000000000000070700000000000000000000000000000000000000000000000000000000000000000000000000000000000707070700000007000707070707070707070707070707070707070707070707070707070707070707
310
07070707070707070707070707070707070707070000000007070707070000000000000000000000000000000000000000000000000000000000000000000000000000000000000000000000000000000000000000000000000000000000070707000000000000000000070707070000000000000000000000000000000000
310
00000000000000000000000000000000000000000000000000000000000000000000000000000000000000000000000000000000000000000707070700000000000000000000000000000000000000000000000000000000000000000000000000000000000000000000000000000000000000000700000000070707070700
310
00000000000000000000000000000000000000000000000000000000000700000000000000000000000000000000000000000000000000000000000000000000000000070000000000000000000000000000000000000000000000000000000000000000000000000007070707070707070707070707070000000000000000
310
00000000000000000000000000000000000000000000000000000000000000000000000000000000000000000000000707000000000000000000000000000000000000000000000000000000000000000000000000000000000000070707070707070707000000000000070707070707070707070707070707070707070707
310
07070707070707070707070707070707070707000007070707070707070707070000000000000000000000000000000000000000000000000000000000000000000000000000000000000000000000000000000000000000000000000000000000000707070000000000000000000707070000000000000000000000000000
310
00000000000000000000000000000000000000000000000000000000000000000000000000000000000000000000000000000000000000000000000000070707070707070707000000000000000000000000000000000007070000000000000000000000000000000000000007070000000000000000000007070707070707
310
07070000000000000000000000000000000000000000000000000000000000000007000000000000000000000000000000000000000000000000000000000000000000000000000700000000000000000000000000000000000000000000000000000000000000000000000000070707070707070007070707070700000000
310
00000000000000000000000000000000000000000000000000000000000000000000000000000000000000000000000000000007070000000000000000000000000000000000000000000000000000000000000000000000000000000000000007070707070707070707070707070700000000000000000000000000000000
310
07070700000000000000000000000707070707070707070707070707070707070707000000000000000000000000000000000000000000000000000000000000000000000000000000000000000000000000000000000000000000000000000000000000000007070707000000000000000707070700000000000000000000
310
00000000000000000000000000000000000000000000000000000000000000000000000000000000000000000000000000000000000000000000000000000000000007070707070707070707070707070707070707070000000007070707000000000000000000000000000000000007070707000707070707070707070707
310
07070707000000000000000000000000000000000000000000000000000000000000000000070000000000000000000000000000000000000000000000000000000000000000000000000007000000000000000000000000000000000000000000000000000000000000000000000000000707070707070707070707070707
310
00000000000000000000000000000000000000000000000000000000000000000000000000000000000000000000000000000000000000000700000000000000000000000000000000000000000000000000000000000000000000000000000000000000000707070707070707070707070707070707070707070707070707
310
07070707070707070707070707070707070707070707070707070707070707070707070707000000000000000000000000000000000000000000000000000000000000000000000000000000000000000000000000000000000000000000000000000000000000000000070707070707070707070707070707070000000000
310
00000000000000000000000000000000000000000000000000000000000000000000000000000000000000000000000000000000000000000000000000000000000000000000000707070707070707070707070707070707070707070707070707070707070707070707070707070707070707070707070707070707070707
310
07070707070707000000000000000000000000000000000000000000000000000000000000000000000700000000000000000000000000000000000000000000000000000000000000000000000000070000000000000000000000000000000000000000000000000000000000000000000000000000070707070707070707
310
07070707070707070707070707070000000000000000000000000000000000000000000000000000000000000000000000000000000000000707070707070707070707070707070707070707070707070707070707070707070707070707070707070707070707070707070707070707070707070707070707070707070707
310
07070707070707070707070707070707070707070707070707070707070707070707000000000000000000000000000000000000000000000000000000000000000000000000000000000000000000000000000000000000000000000000000000000000000000000000000000000707070707070707070707070707070000
310
00000000000000000000000000000000000000000000000000000000000000000000000000000000000000000000000000000000000000000000000000000000000000000000000000000000000000000007070707070707070707070707070707070707070707070707070707070707070707070707070707070707070707
310
07070707070700000000000000000000000000000000000000000000000000000000000000000000000000000007000000000000000000000000000000000000000000000000000000000000000000000000000700000000000000000000000000000000000000000000000000000000000000000000000000000700070707
310
07070707070707070000000000000700000000000000000000000000000000000000000000000000000000000000000000000000000000000000000000000000000000000000000000000000000000000000000000000000000000000000000000000000000000000000000000000000000700070000000000000707070707
310
07070707070707070707070707070707070707070707070707070700000000000000000000000000000000000000000000000000000000000000000000000000000000000000000000000000000000000000000000000000000000000000000000000000000000000000000000000000000000070707070707070707070707
310
00000000000000000000000000000000000000000000000000000000000000000000000000000000000000000000000000000000000000000000000000000000000000000000000000000000000000000000000000000000000000000000000000070707070707070707070707070707070707070707070707070707070707
310
07070000000000000007000000000000000000000000000000000000000000000000000000000000000000000000000000070000000000000000000000000000000000000000000000000000000000000000000000000007000000000000000000000000000000000000000000000000000000000000000000000000000007
310
00000700000000070000000000000000000707000000000000000000000000000000000000000000000000000000000000000000000000000000000000000000000000000000000000000000000000000000000000000000000000000000000000000000000000000000000000000000000000000007000700000000000000
310
00000000000000000000000000000000070707000000000000000000000000000000000000000000000000000000000000000000000000000000000000000000000000000000000000000000000000000000000000000000000000000000000000000000000000000000000000000000000000000000000000000000000000
310
00000000000000000000000000000000000000000000000000000000000000000000000000000000000000000000000000000000000000000000000000000000000000000000000000000000000000000000000000000000000000000000000000000000000000000000000000000000000000000000000000000000000000
310
00000000000000000000000000070000000000000000000000000000000000000000000000000000000000000000000000000000000700000000000000000000000000000000000000000000000000000000000000000000000000070000000000000000000000000000000000000000000000000000000000000000000000
310
00000007000007000000000700000000000000000007070000000000000000000000000000000000000000000000000000000000000000000000000000000000000000000000000000000000000000000000000000000000000000000000000000000000000000000000000000000000000000000000000000070007000000
310
00000000000000000000000000000000000000000707070000000000000000000000000000000000000000000000000000000000000000000000000000000000000000000000000000000000000000000000000000000000000000000000000000000000000000000000000000000000000000000000000000000000000000
310
00000000000000000000000000000000000000000000000000000000000000000000000000000000000000000000000000000000000000000000000000000000000000000000000000000000000000000000000000000000000000000000000000000000000000000000000000000000000000000000000000000000000000
310
00000000000000000000000000000000000700000000000000000000000000000000000000000000000000000000000000000000000000000007000000000000000000000000000000000000000000000000000000000000000000000000000700000000000000000000000000000000000000000000000007070000070700
310
00000000000000070000070000000007000000000000000000000700000000000000000000000000000000000000000000000000000000000000000000000000000000000000000000000000000000000000000000000000000000000000000000000000000000000000000000000000000000000000000000000000000700
310
07000000000000000000000000000000000000000000000007070700000000000007070000000000000000000000000000000000000000000000000000000000000000000000000000000000000000000000000000000000000000000000000000000000000000000000000000000000000000000000000000000000000000
310
00000000000000000000000000000000000000000000000000000000000000000000000000000000000000000000000000000000000000000000000000000000000000000000000000000000000000000000000000000000000000000000000000000000000000000000000000000000000000000000000000000000000000
310
00000000000000000000000000000000000000000007000000000000000000000000000000000000000000000000000000000000000000000000000000070000000000000000000000000000000000000000000000000000000000000000000000000007000000000000000000000000000707070707070700000000070707
310
00000700000000000000000700000700000000070000000000000000000007000000000000000000000000000000070700000707000000000000000000000000000000000000000000000000000000000000000000000000000000000000000000000000000000000000000000000000000000000000000000000000000000
310
00000700070000000000000000000000000000000000000000000000070707070707070707070707070707070707000700000000000000000000000000000000000000000000000000000000000000000000000000000000000000000000000000000000000000000000000000000000000000000000000000000000000000
310
00000000000000000000000000000000000000000000000000000000000000000000000000000000000000000000000000000000000000000000000000000000000000000000000000000000000000000000000000000000000000000000000000000000000000000000000000000000000000000000000000000000000000
310
00000000000000000000000000000000000000000000000000070000000000000000000000000000000000000000000000000000000000000000000000000000000700000000000000000000000000000000000000000000000000000000000000000000000000070000000000000000000000000007070007000700070000
310
00070700070007000000000707000007000007000007070700000000000000000000070000000000070707070707000000000707070700070000000000000000000000000000000000000000000000000000000000000000000000000000000000000000000000000000000000000000000000000000000000000000000000
310
00000000000007000700000000000000000000000000000000000000000000000707070707070707070707070707070707070707000000000000000000000000000000000000000000000000000000000000000000000000000000000000000000000000000000000000000000000000000000000000000000000000000000
310
00000000000000000000000000000000000000000000000000000000000000000000000000000000000000000000000000000000000000000000000000000000000000000000000000000000000000000000000000000000000000000000000000000000000000000000000000000000000000000000000000000007070700
310
00000000000000070700000000000000000000000000000000000000000700000000000000000000000000000000000000000000000000000000000000000000000000000007000000000000000000000000000000000000000000000000000000000000000000000000000700000000000000000000000000000700070007
310
07070000000700070700070007070707070707070000070707070707070707000000000000000700000000000700070007070000000007000007000700000000000000000000000000000000000000000000000000000000000000000000000000000000000000000000000000000000000000000000000000000000000000
310
00000000000000000000070007000000000000000000000000000000000000000000000000070707070707070707070707070707070700070000000000000000000000000000000000000000000000000000000000000000000000000000000000000000000000000000000000000000000000000000000000000000000000
310
00000000000000000000000000000000000000000000000000000000000000000000000000000000000000000000000000000000000000000000000000000000000000000000000000000000000000000000000000000000000000000000000000000000000707070707070707000007070000000707070700070700070700
310
07000707070007070007000007000007000000070707000700000707000000000007000000000000000000000000000000000000000000000000000000000000000000000000000000070000000000000000000000000000000000000000000000000000000000000000000000000007000000000000000000000000000007
310
00070007000700000007070007000700000000000000000700000700000000070000000000000000000007070707070007000700070700000000070007070007000000000000000000000000000000000000000000000000000000000000000000000000000000000000000000000000000000000000000000070700000000
310
00000000000707000000000000000700070000000000000000000000000000000000000000000000000000000000000000000000000000000000070000000000000000000000000000000000000000000000000000000000000000000000000000000000000000000000000000000000000000000000000000000000000000
310
00000000000000000000000000000000000000000000000000000000000000000000000000000000000000000000000000000000000000000000000000000000000000000000000000000000000000000000000000000000000000000000000000000000000000000007000000000000070000070707000007070000070007
310
07000700070007070707000707000700070007070700000707070000070700070000000000070000000000000000000000000000000000000000000000000000000000000000000000000000000700000000000000000000000000000000000000000000000000000000000000000000000000070000000000000000000000
310
00000007000700070700000000070707000007000000000000000007000007000000000700000000000000000000000000000000070007000707000000000707070700070000000000000000000000000000000000000000000000000000000000000000000000000000000000000000000000000000000000000000000700
310
00000000000000000000070000000000000007000700000000000000000000000000000000000000000000000000000000000000000000000000000000000700000000000000000000000000000000000000000000000000000000000000000000000000000000000000000000000000000000000000000000000000000000
310
00000000000000000000000000000000000000000000000000000000000000000000000000000000000000000000000000000000000000000000000000000000000000000000000000000000000000000000000000000000000000000000000000000000000000000000000000070000000000000700000707070000000007
310
07070707070707000700070700070707070007000700070700070000070700070700070700000000000700000000000000000000000000000000000000000000000000000000000000000000000000000007000000000000000000000000000000000000000000000000000000000000000000000000000700000000000000
310
00000000000000000000000000000000000707000007070000000000000000070000070000000007000000000000000000000000000000000700070007070000000007070700000700000000000000000000000000000000000000000000000000000000000000000000000000000000000000000000000707070707070700
310
00000707070007070707070000000700000000000000070007000000000000000000000000000000000000000000000000000000000000000000000000000000000000000000000000000000000000000000000000000000000000000000000000000000000000000000000000000000000000000000000000000000000000
310
00000000000000000000000000000000000000000000000000000000000000000000000000000000000000000000000000000000000000000000000000000000000000000000000000000000000000000000000000000000000000000000000000000000000000000000000000000000000700000000000007000007070700
310
00000700070707070700000007000700000707070700070007000007000000000707070007070007000000000007000000000000000000000000000000000000000000000000000000000000000000000000000000070000000000000000000000000000000000000000000000000000000000000000000000000007000000
310
00000000000000000000000000000000000707000000000000000000070700000000000700000700000000070000000000000000000000000000000000000000000000000000070700000707000000000000000000000000000000000000000000000000000000000000000000000000000000000000000000000007070000
310
07070707000007070000000007070700000007000707070707070700070707070707070707000000000000000000000000000000000000000000000000000000000000000000000000000000000000000000000000000000000000000000000000000000000000000000000000000000000000000000000000000000000000
310
00000000000000000000000000000000000000000000000000000000000000000000000000000000000000000000000000000000000000000000000000000000000000000000000000000000000000000000000000000000000000000000000000000000000000000000000000000000000000000007000000000000070000
310
07070700000000070707070700070700070007070007070700070000070007070707000007070007070007070000000000070000000000000000000000000000000000000000000000000000000000000000000000000000000700000000000000000000000000000000000000000000000000000000000000000000000000
310
07000000000000000000070707000700000700000007000007000707070707070007000000000000000007000000000700000000000000000000000000000000000000000000000000000000000000000000000000000000000000000000000000000000000000000000000000000000000000000000000000000000000000
310
07070707070700070000070700000707000707000000070000000007070007000700070707000000000000000000000000000000000000000000000000000000000000000000000000000000000000000000000000000000000000000000000000000000000000000000000000000000000000000000000000000000000000
310
00000000000000000000000000000000000000000000000000000000000000000000000000000000000000000000000000000000000000000000000000000000000000000000000000000000000000000000000000000000000000000000000000000000000000000000000000000000000000000000000000000000000000
310
00000000000000000000000000000000000000000707070000000000000000070700000000000000000000000000000000000000000700000000000000000000000000000000000000000000000000000000000000000000000000000007000000000000000000000000000000000000000000000000000000000000000000
310
00000000070000000000000000000707070007000007000000070007070000000707000700070000000007070000070000000007000007070000000000000000000000000000000000000000000000000000000000000000000000000000000000000000000000000000000000000000000000000000000000000000000000
310
00000000070707070707070700000707000007070707070000000700000000000000070007000000000000000000000000000000000000000000000000000000000000000000000000000000000000000000000000000000000000000000000000000000000000000000000000000000000000000000000000000000000000
310
00000000000000000000000000000000000000000000000000000000000000000000000000000000000000000000000000000000000000000000000000000000000000000000000000000000000000000000000000000000000000000000000000000000000000000000000000000000000000000000000000000000000000
310
00000000000000000000000000000000000000000000000000000000000000000000000000000000000000000000000000000000000707070707000000000000000000000000000000000000000000000000000000000000000000000000000000070000000000000000000000000000000000000000000000000000000000
310
00000000000000000700000000000000000000000700070000070000000700070700070707070007000700070707070707070700000000070707070707070707000000000000000000000000000000000000000000000000000000000000000000000000000000000000000000000000000000000000000000000000000000
310
00000000000000000000000000000000000007070000000000000000000707000000000000000700070000000000000000000000000000000000000000000000000000000000000000000000000000000000000000000000000000000000000000000000000000000000000000000000000000000000000000000000000000
310
00000000000000000000000000000000000000000000000000000000000000000000000000000000000000000000000000000000000000000000000000000000000000000000000000000000000000000000000000000000000000000000000000000000000000000000000000000000000000000000000000000000000000
310
00000000000000000000070707070007000007070000000007070707070707070000000700000007070007000700000000000000000000000000000000000000000000000000000000000000000000000000000000000000000000000000000000000000000700000000000000000000000000000000000000000000000000
310
00000000000000000000000007000000000000000000000707000007000007000007000007000700000700070007000000000000000007000000000700000000000000000000000000000000000000000000000000000000000000000000000000000000000000000000000000000000000000000000000000000000000000
310
00000000000000000000000000000000000000000000000000000000000000000000000000000000000007000700000000000000000000000000000000000000000000000000000000000000000000000000000000000000000000000000000000000000000000000000000000000000000000000000000000000000000000
310
00000000000000000000000000000000000000000000000000000000000000000000000000000000000000000000000000000000000000000000000000000000000000000000000000000000000000000000000000000000000000000000000000000000000000000000000000000000000000000000000000000000000000
310
00000000000000000000000000000700070707000000070700000000000707000007000700000707000000000700070007000000000000000000000000000000000000000000000000000000000000000000000000000000000000000000000000000000000000000007000000000000000000000000000000000000000000
310
00000000000000000000000000000000070000000000000000000000070707070707070000070000070007070700070000070000000000000000070000000007000000000000000000000000000000000000000000000000000000000000000000000000000000000000000000000000000000000000000000000000000000
310
00000000000000000000000000000000000000000000000000000000000000000000000000000000000000000000000000000000000000000000000000000000000000000000000000000000000000000000000000000000000000000000000000000000000000000000000000000000000000000000000000000000000000
310
00000000000000000000000000000000000000000000000000000000000000000000000000000000000000000000000000000000000000000000000000000000000000000000000000000000000000000000000000000000000000000000000000000000000000000000000000000000000000000000000000000000000000
310
00000000000000000000000000000000000007070700070000000707000000000007000707070700000700070700000007000700000700000000000000000000000000000000000000000000000000000000000000000000000000000000000000000000000000000000000000070000000000000000000000000000000000
310
00000000000000000000000000000000000000000700000000000000000000000000000000000000000707000000000000000000070700000000000000000700000000070000000000000000000000000000000000000000000000000000000000000000000000000000000000000000000000000000000000000000000000
310
00000000000000000000000000000000000000000000000000000000000000000000000000000000000000000000000000000000000000000000000000000000000000000000000000000000000000000000000000000000000000000000000000000000000000000000000000000000000000000000000000000000000000
310
00000000000000000000000000000000000000000000000000000000000000000000000000000000000000000000000000000000000000000000000000000000000000000000000000000000000000000000000000000000000000000000000000000000000000000000000000000000000000000000000000000000000000
310
00000000000000000000000000000000000000000000070000070700000007070000000007070700070700000007070707070007070000070007000000000000000000000000000000000000000000000000000000000000000000000000000000000000000000000000000000000000000700000000000000000000000000
310
00000000000000000000000000000000000000000000000007000000000000000000000000000000000000000000000000000000000000000000000000000000000007000000000700000000000000000000000000000000000000000000000000000000000000000000000000000000000000000000000000000000000000
310
00000000000000000000000000000000000000000000000000000000000000000000000000000000000000000000000000000000000000000000000000000000000000000000000000000000000000000000000000000000000000000000000000000000000000000000000000000000000000000000000000000000000000
310
00000000000000000000000000000000000000000000000000000000000000000000000000000000000000000000000000000000000000000000000000000000000000000000000000000000000000000000000000000000000000000000000000000000000000000000000000000000000000000000000000000000000000
310
00000000000000000000000000000000000000000000000000000007070700070000070700000000000700070000070000000000000000000707070707070700000000000000000000000000000000000000000000000000000000000000000000000000000000000000000000000000000000000007000000000000000000
310
00000000000000000000000000000000000000000000000000000000070000000000000000000000000000000000000000000000000000000000000000000000000000000000000000000000000000000000000000000000000000000000000000000000000000000000000000000000000000000000000000000000000000
310
00000000000000000000000000000000000000000000000000000000000000000000000000000000000000000000000000000000000000000000000000000000000000000000000000000000000000000000000000000000000000000000000000000000000000000000000000000000000000000000000000000000000000
310
00000000000000000000000000000000000000000000000000000000000000000000000000000000000000000000000000000000000000000000000000000000000000000000000000000000000000000000000000000000000000000000000000000000000000000000000000000000000000000000000000000000000000
310
00000000000000000000000000000000000000000000000000000000000000000000000000000000000000000000000000000000000000000000000000000000000000000000000000000000000000000000000000000000000000000000000000000000000000000000000000000000000000000000000000070000000000
310
00000000000000000000000000000000000000000000000000000000000000000700000000000000000000000000000000000000000000000000000000000000000000000000000000000000000000000000000000000000000000000000000000000000000000000000000000000000000000000000000000000000000000
310
00000000000000000000000000000000000000000000000000000000000000000000000000000000000000000000000000000000000000000000000000000000000000000000000000000000000000000000000000000000000000000000000000000000000000000000000000000000000000000000000000000000000000
310
00000000000000000000000000000000000000000000000000000000000000000000000000000000000000000000000000000000000000000000000000000000000000000000000000000000000000000000000000000000000000000000000000000000000000000000000000000000000000000000000000000000000000
310
00000000000000000000000000000000000000000000000000000000000000000000000000000000000000000000000000000000000000000000000000000000000000000000000000000000000000000000000000000000000000000000000000000000000000000000000000000000000000000000000000000000000700
310
00000000000000000000000000000000000000000000000000000000000000000000000007000000000000000000000000000000000000000000000000000000000000000000000000000000000000000000000000000000000000000000000000000000000000000000000000000000000000000000000000000000000000
310
00000000000000000000000000000000000000000000000000000000000000000000000000000000000000000000000000000000000000000000000000000000000000000000000000000000000000000000000000000000000000000000000000000000000000000000000000000000000000000000000000000000000000
310
00000000000000000000000000000000000000000000000000000000000000000000000000000000000000000000000000000000000000000000000000000000000000000000000000000000000000000000000000000000000000000000000000000000000000000000000000000000000000000000000000000000000000
310
00000000000000000000000000000000000000000000000000000000000000000000000000000000000000000000000000000000000000000000000000000000000000000000000000000000000000000000000000000000000000000000000000000000000000000000000000000000000000000000000000000000000000
310
00000700000000000000000000000000000000000000000000000000000000000000000000000000070000000000000000000000000000000000000000000000000000000000000000000000000000000000000000000000000000000000000000000000000000000000000000000000000000000000000000000000000000
310
00000000000000000000000000000000000000000000000000000000000000000000000000000000000000000000000000000000000000000000000000000000000000000000000000000000000000000000000000000000000000000000000000000000000000000000000000000000000000000000000000000000000000
310
00000000000000000000000000000000000000000000000000000000000000000000000000000000000000000000000000000000000000000000000000000000000000000000000000000000000000000000000000000000000000000000000000000000000000000000000000000000000000000000000000000000000000
310
00000000000000000000000000000000000000000000000000000000000000000000000000000000000000000000000000000000000000000000000000000000000000000000000000000000000000000000000000000000000000000000000000000000000000000000000000000000000000000000000000000000000000
310
00000000000007000000000000000000000000000000000000000000000000000000000000000000000000000700000000000000000000000000000000000000000000000000000000000000000000000000000000000000000000000000000000000000000000000000000000000000000000000000000000000000000000
310
00000000000000000000000000000000000000000000000000000000000000000000000000000000000000000000000000000000000000000000000000000000000000000000000000000000000000000000000000000000000000000000000000000000000000000000000000000000000000000000000000000000000000
310
00000000000000000000000000000000000000000000000000000000000000000000000000000000000000000000000000000000000000000000000000000000000000000000000000000000000000000000000000000000000000000000000000000000000000000000000000000000000000000000000000000000000000
310
00000000000000000000000000000000000000000000000000000000000000000000000000000000000000000000000000000000000000000000000000000000000000000000000000000000000000000000000000000000000000000000000000000000000000000000000000000000000000000000000000000000000000
310
00000000000000000000070000000000000000000000000000000000000000000000000000000000000000000000000007000000000000000000000000000000000000000000000000000000000000000000000000000000000000000000000000000000000000000000000000000000000000000000000000000000000000
310
00000000000000000000000000000000000000000000000000000000000000000000000000000000000000000000000000000000000000000000000000000000000000000000000000000000000000000000000000000000000000000000000000000000000000000000000000000000000000000000000000000000000000
310
00000000000000000000000000000000000000000000000000000000000000000000000000000000000000000000000000000000000000000000000000000000000000000000000000000000000000000000000000000000000000000000000000000000000000000000000000000000000000000000000000000000000000
310
00000000000000000000000000000000000000000000000000000000000000000000000000000000000000000000000000000000000000000000000000000000000000000000000000000000000000000000000000000000000000000000000000000000000000000000000000000000000000000000000000000000000000
310
00000000000000000000000000000700000000000000000000000000000000000000000000000000000000000000000000000000070000000000000000000000000000000000000000000000000000000000000000000000000000000000000000000000000000000000000000000000000000000000000000000000000000
310
00000000000000000000000000000000000000000000000000000000000000000000000000000000000000000000000000000000000000000000000000000000000000000000000000000000000000000000000000000000000000000000000000000000000000000000000000000000000000000000000000000000000000
310
00000000000000000000000000000000000000000000000000000000000000000000000000000000000000000000000000000000000000000000000000000000000000000000000000000000000000000000000000000000000000000000000000000000000000000000000000000000000000000000000000000000000000
310
00000000000000000000000000000000000000000000000000000000000000000000000000000000000000000000000000000000000000000000000000000000000000000000000000000000000000000000000000000000000000000000000000000000000000000000000000000000000000000000000000000000000000
310
00000000000000000000000000000000000007000000000000000000000000000000000000000000000000000000000000000000000000000707070707070707070707070707070707070707070707070707070707070707070707070707070707070707070707070707070707070707070707070707070707070707070707
310
07070707070707070707070707070707070707070707070707070707070707070707070707070707070707070707070707070707070707070707070707070707070707070707070707070707070707070707070707070707070707070707070707070707070707070707070707070707070707070707070707070707070707
310
07070707070707070707070707070707070707070707070707070707070707070707070707070707070707070707070707070707070707070707070707070707070707070707070707070707070707070707070707070707070707070707070707070707070707070707070707070707070707070707070707070707070707
310
07070707070707070707070707070707070707070707070707070707070707070707070707070707070707070707070707070707070707070707070707070707070707070707070707070707070707070707070707070707070707070707070707070707070707070707070707070707070707070707070707070707070707
310
07070707070707070707070707070707070707070707070000000000000000000000000000000000000000000000000000000000000000000000000000000000000000000000000000000000000000000000000000000000000000000000000000000000000000000000000000000000000000000000000700000000000000
310
00000000000000000000000000000000000000000000000000000000000000000000000000000000000000000000000000000007000000000000000000000000000000000000000000000000000000000000000000000000000000000000000000000000000000000000000000000007000000000000000000000000000000
310
00000000000000000000000000000000000000000000000000000000000000000000000000000000000000070000000000000000000000000000000000000000000000000000000000000000000000000000000000000000000000000000000000000000000007000000000000000000000000000000000000000000000000
310
00000000000000000000000000000000000000000000000000000000000000000000000700000000000000000000000000000000000000000000000000000000000000000000000000000000000000000000000000000000000000000000070000000000000000000000000000000000000000000000000000000000000000
310
00000000000000000000000000000000000000000000000000000000000000000000000000000000000000000000000000000000000000000000000000000000000000000000000000000000000000000000000000000000000000000000000000000000000000000000000000000000000000000000000000000007000000
310
00000000000000000000000000000000000000000000000000000000000000000000000000000000000000000000000000000000000000070000000000000000000000000000000000000000000000000000000000000000000000000000000000000000000000000000000000000000000000070000000000000000000000
310
00000000000000000000000000000000000000000000000000000000000000000000000000000000000000000000000700000000000000000000000000000000000000000000000000000000000000000000000000000000000000000000000000000000000000000000070000000000000000000000000000000000000000
310
00000000000000000000000000000000000000000000000000000000000000000000000000000007000000000000000000000000000000000000000000000000000000000000000000000000000000000000000000000000000000000000000000000700000000000000000000000000000000000000000000000000000000
310
00000000000000000000000000000000000000000000000000000000000000000000000000000000000000000000000000000000000000000000000000000000000000000000000000000000000000000000000000000000000000000000070707000000000000000000000000000000000000000000000000000000000000
310
00000000000000000000000000000000000000000000000000000000000700000000000000000000000000000000000000000000000000000000000000000000000000000000000000000000000000000000000000000000070700000000000000000000000000000000000000000000000000000000000000000000000000
310
00000000000000000000000000000000000000000707070000000000000000000000000000000000000000000000000000000000000000000000000000000000000000000000000000000000000000000007000000000000000000000000000000000000000000000000000000000000000000000000000000000000000000
310
00000000000000000000000007070700000000000000000000000000000000000000000000000000000000000000000000000000000000000000000000000000000000000000000007070000000000000000000000000000000000000000000000000000000000000000000000000000000000000000000000000000000000
310
00000000000007000000000000000000000000000000000000000000000000000000000000000000000000000000000000000000000000000000000000000000000000000000000000000000000000000000000000000000000000000000000000000707070000000000000000000000000000000000000000000000000000
310
00000000000000000000000000000000000000000000000000000000000000000007000000000000000000000000000000000000000000000000000000000000000000000000000000000000000000000000000000000000000000000707000000000000000000000000000000000000000000000000000000000000000000
310
00000000000000000000000000000000000000000000000000000700000000000000000000000000000000000000000000000000000000000000000000000000000000000000000000000000000000000000000007070700000000000000000000000000000000000000000000000000000000000000000000000000000000
310
00000000000000000000000000000000000707000000000000000000000000000000000000000000000000000000000000000000000000000000000000000000000000000000000000000000070700000000000000000000000000000000000000000000000000000000000000000000000000000000000000000000000000
310
00000000000000000000070000000000000000000000000000000000000000000000000000000000000000000000000000000000000000000000000000000000000000000000000000000000000000000000000000000000000000000000000000000000000007000700000000000000000000000000000000000000000000
310
00000000000000000000000000000000000000000000000000000000000000000000000000070700000000000000000000000000000000000000000000000000000000000000000000000000000000000000000000000000000000000000000007000000000000000000000000000000000000000000000000000000000000
310
00000000000000000000000000000000000000000000000000000000070700000000000000000000000000000000000000000000000000000000000000000000000000000000000000000000000000000000000000000000070700000000000000000000000000000000000000000000000000000000000000000000000000
310
00000000000000000000000000000000000000000707070000000000000000000000000000000000000000000000000000000000000000000000000000000000000000000000000000000000000000000707000000000000000000000000000000000000000000000000000000000000000000000000000000000000000000
310
00000000000000000000000000000700000000000000000000000000000000000000000000000000000000000000000000000000000000000000000000000000000000000000000000000000000000000000000000000000000000000000000000000000000000000000000707000000000000000000000000000000000000
310
00000000000000000000000000000000000000000000000000000000000000000000000000000000000000000000000000000000000000000000000000000000000000000000000000000000000000000000000000000000000000000000000000000000070700000000000000000000000000000000000000000000000000
310
00000000000000000000000000000000000000000000000000000000000000000707070000000000000000000000000000000000000000000000000000000000000000000000000000000000000000000000000000000000000000000007000000000000000000000000000000000000000000000000000000000000000000
310
00000000000000000000000000000000000000000000000000070000000000000000000000000000000000000000000000000000000000000000000000000000000000000000000000000000000000000000000007070000000000000000000000000000000000000000000000000000000000000000000000000000000000
310
00000000000000000000000000000000000007000000000000000000000000000000000000000000000000000000000000000000000000000000000000000000000000000000000000000000000000000000000000000000000000000000000000000000000000000000000000000000000000000000000000000000000000
310
00000000000000000000000000000000000000000000000000000000000000000000000000000000000000000000000000000000000000000000000000000000000000000000000000000000000000000000000000000000000000000000000000000000000000000000000000000000000000000000000000000000000000
310
00000000000000000000000000000000000000000000000000000000000000000000000000000000000000000000000000000000000000000000000000000000000000000000000000000000000000000000000000000000000000000000000000000000000000000000000000000000000000000000000000000000000000
310
00000000000000000000000000000000000000000000000000000000000000000000000000000000000000000000000000000000000000000000000000000000000000000000000000000000000000000000000000000000000000000000000000000000000000000000000000000000000000000000000000000000000000
310
00000000000000000000000000000000000000000000000000000000000000000000000000000000000000000000000000000000000000000000000000000000000000000000000000000000000000000000000000000000000000000000000000000000000000000000000000000000000000000000000000000000000000
310
00000000000000000000000000000000000000000000000000000000000000000000000000000000000000000000000000000000000000000000000000000000000000000000000000000000000000000000000000000000000000000000000000000000000000000000000000000000000000000000000000000000000000
310
00000000000000000000000000000000000000000000000000000000000000000000000000000000000000000000000000000000000000000000000000000000000000000000000000000000000000000000000000000000000000000000000000000000000000000000000000000000000000000000000000000000000000
310
00000000000000000000000000000000000000000000000000000000000000000000000000000000000000000000000000000000000000000000000000000000000000000000000000000000000000000000000000000000000000000000000000000000000000000000000000000000000000000000000000000000000000
310
00000000000000000000000000000000000000000000000000000000000000000000000000000000000000000000000000000000000000000000000000000000000000000000000000000000000000000000000000000000000000000000000000000000000000000000000000000000000000000000000000000000000000
310
00000000000000000000000000000000000000000000000000000000000000000000000000000000000000000000000000000000000000000000000000000000000000000000000000000000000000000000000000000000000000000000000000000000000000000000000000000000000000000000000000000000000000
310
00000000000000000000000000000000000000000000000000000000000000000000000000000000000000000000000000000000000000000000000000000000000000000000000000000000000000000000000000000000000000000000000000000000000000000000000000000000000000000000000000000000000000
310
00000000000000000000000000000000000000000000000000000000000000000000000000000000000000000000000000000000000000000000000000000000000000000000000000000000000000000000000000000000000000000000000000000000000000000000000000000000000000000000000000000000000000
310
00000000000000000000000000000000000000000000000000000000000000000000000000000000000000000000000000000000000000000000000000000000000000000000000000000000000000000000000000000000000000000000000000000000000000000000000000000000000000000000000000000000000000
310
00000000000000000000000000000000000000000000000000000000000000000000000000000000000000000000000000000000000000000000000000000000000000000000000000000000000000000000000000000000000000000000000000000000000000000000000000000000000000000000000000000000000000
310
00000000000000000000000000000000000000000000000000000000000000000000000000000000000000000000000000000000000000000000000000000000000000000000000000000000000000000000000000000000000000000000000000000000000000000000000000000000000000000000000000000000000000
310
00000000000000000000000000000000000000000000000000000000000000000000000000000000000000000000000000000000000000000000000000000000000000000000000000000000000000000000000000000000000000000000000000000000000000000000000000000000000000000000000000000000000000
310
00000000000000000000000000000000000000000000000000000000000000000000000000000000000000000000000000000000000000000000000000000000000000000000000000000000000000000000000000000000000000000000000000000000000000000000000000000000000000000000000000000000000000
310
00000000000000000000000000000000000000000000000000000000000000000000000000000000000000000000000000000000000000000000000000000000000000000000000000000000000000000000000000000000000000000000000000000000000000000000000000000000000000000000000000000000000000
310
00000000000000000000000000000000000000000000000000000000000000000000000000000000000000000000000000000000000000000000000000000000000000000000000000000000000000000000000000000000000000000000000000000000000000000000000000000000000000000000000000000000000000
310
00000000000000000000000000000000000000000000000000000000000000000000000000000000000000000000000000000000000000000000000000000000000000000000000000000000000000000000000000000000000000000000000000000000000000000000000000000000000000000000000000000000000000
310
00000000000000000000000000000000000000000000000000000000000000000000000000000000000000000000000000000000000000000000000000000000000000000000000000000000000000000000000000000000000000000000000000000000000000000000000000000000000000000000000000000000000000
310
00000000000000000000000000000000000000000000000000000000000000000000000000000000000000000000000000000000000000000000000000000000000000000000000000000000000000000000000000000000000000000000000000000000000000000000000000000000000000000000000000000000000000
310
00000000000000000000000000000000000000000000000000000000000000000000000000000000000000000000000000000000000000000000000000000000000000000000000000000000000000000000000000000000000000000000000000000000000000000000000000000000000000000000000000000000000000
310
00000000000000000000000000000000000000000000000000000000000000000000000000000000000000000000000000000000000000000000000000000000000000000000000000000000000000000000000000000000000000000000000000000000000000000000000000000000000000000000000000000000000000
310
00000000000000000000000000000000000000000000000000000000000000000000000000000000000000000000000000000000000000000000000000000000000000000000000000000000000000000000000000000000000000000000000000000000000000000000000000000000000000000000000000000000000000
310
00000000000000000000000000000000000000000000000000000000000000000000000000000000000000000000000000000000000000000000000000000000000000000000000000000000000000000000000000000000000000000000000000000000000000000000000000000000000000000000000000000000000000
310
00000000000000000000000000000000000000000000000000000000000000000000000000000000000000000000000000000000000000000000000000000000000000000000000000000000000000000000000000000000000000000000000000000000000000000000000000000000000000000000000000000000000000
310
00000000000000000000000000000000000000000000000000000000000000000000000000000000000000000000000000000000000000000000000000000000000000000000000000000000000000000000000000000000000000000000000000000000000000000000000000000000000000000000000000000000000000
310
00000000000000000000000000000000000000000000000000000000000000000000000000000000000000000000000000000000000000000000000000000000000000000000000000000000000000000000000000000000000000000000000000000000000000000000000000000000000000000000000000000000000000
310
00000000000000000000000000000000000000000000000000000000000000000000000000000000000000000000000000000000000000000000000000000000000000000000000000000000000000000000000000000000000000000000000000000000000000000000000000000000000000000000000000000000000000
310
00000000000000000000000000000000000000000000000000000000000000000000000000000000000000000000000000000000000000000000000000000000000000000000000000000000000000000000000000000000000000000000000000000000000000000000000000000000000000000000000000000000000000
310
00000000000000000000000000000000000000000000000000000000000000000000000000000000000000000000000000000000000000000000000000000000000000000000000000000000000000000000000000000000000000000000000000000000000000000000000000000000000000000000000000000000000000
310
00000000000000000000000000000000000000000000000000000000000000000000000000000000000000000000000000000000000000000000000000000000000000000000000000000000000000000000000000000000000000000000000000000000000000000000000000000000000000000000000000000000000000
310
00000000000000000000000000000000000000000000000000000000000000000000000000000000000000000000000000000000000000000000000000000000000000000000000000000000000000000000000000000000000000000000000000000000000000000000000000000000000000000000000000000000000000
310
00000000000000000000000000000000000000000000000000000000000000000000000000000000000000000000000000000000000000000000000000000000000000000000000000000000000000000000000000000000000000000000000000000000000000000000000000000000000000000000000000000000000000
310
00000000000000000000000000000000000000000000000000000000000000000000000000000000000000000000000000000000000000000000000000000000000000000000000000000000000000000000000000000000000000000000000000000000000000000000000000000000000000000000000000000000000000
310
00000000000000000000000000000000000000000000000000000000000000000000000000000000000000000000000000000000000000000000000000000000000000000000000000000000000000000000000000000000000000000000000000000000000000000000000000000000000000000000000000000000000000
310
00000000000000000000000000000000000000000000000000000000000000000000000000000000000000000000000000000000000000000000000000000000000000000000000000000000000000000000000000000000000000000000000000000000000000000000000000000000000000000000000000000000000000
310
00000000000000000000000000000000000000000000000000000000000000000000000000000000000000000000000000000000000000000000000000000000000000000000000000000000000000000000000000000000000000000000000000000000000000000000000000000000000000000000000000000000000000
310
00000000000000000000000000000000000000000000000000000000000000000000000000000000000000000000000000000000000000000000000000000000000000000000000000000000000000000000000000000000000000000000000000000000000000000000000000000000000000000000000000000000000000
310
00000000000000000000000000000000000000000000000000000000000000000000000000000000000000000000000000000000000000000000000000000000000000000000000000000000000000000000000000000000000000000000000000000000000000000000000000000000000000000000000000000000000000
310
00000000000000000000000000000000000000000000000000000000000000000000000000000000000000000000000000000000000000000000000000000000000000000000000000000000000000000000000000000000000000000000000000000000000000000000000000000000000000000000000000000000000000
310
00000000000000000000000000000000000000000000000000000000000000000000000000000000000000000000000000000000000000000000000000000000000000000000000000000000000000000000000000000000000000000000000000000000000000000000000000000000000000000000000000000000000000
310
00000000000000000000000000000000000000000000000000000000000000000000000000000000000000000000000000000000000000000000000000000000000000000000000000000000000000000000000000000000000000000000000000000000000000000000000000000000000000000000000000000000000000
310
00000000000000000000000000000000000000000000000000000000000000000000000000000000000000000000000000000000000000000000000000000000000000000000000000000000000000000000000000000000000000000000000000000000000000000000000000000000000000000000000000000000000000
310
00000000000000000000000000000000000000000000000000000000000000000000000000000000000000000000000000000000000000000000000000000000000000000000000000000000000000000000000000000000000000000000000000000000000000000000000000000000000000000000000000000000000000
310
00000000000000000000000000000000000000000000000000000000000000000000000000000000000000000000000000000000000000000000000000000000000000000000000000000000000000000000000000000000000000000000000000000000000000000000000000000000000000000000000000000000000000
310
00000000000000000000000000000000000000000000000000000000000000000000000000000000000000000000000000000000000000000000000000000000000000000000000000000000000000000000000000000000000000000000000000000000000000000000000000000000000000000000000000000000000000
310
00000000000000000000000000000000000000000000000000000000000000000000000000000000000000000000000000000000000000000000000000000000000000000000000000000000000000000000000000000000000000000000000000000000000000000000000000000000000000000000000000000000000000
310
00000000000000000000000000000000000000000000000000000000000000000000000000000000000000000000000000000000000000000000000000000000000000000000000000000000000000000000000000000000000000000000000000000000000000000000000000000000000000000000000000000000000000
310
00000000000000000000000000000000000000000000000000000000000000000000000000000000000000000000000000000000000000000000000000000000000000000000000000000000000000000000000000000000000000000000000000000000000000000000000000000000000000000000000000000000000000
310
00000000000000000000000000000000000000000000000000000000000000000000000000000000000000000000000000000000000000000000000000000000000000000000000000000000000000000000000000000000000000000000000000000000000000000000000000000000000000000000000000000000000000
310
00000000000000000000000000000000000000000000000000000000000000000000000000000000000000000000000000000000000000000000000000000000000000000000000000000000000000000000000000000000000000000000000000000000000000000000000000000000000000000000000000000000000000
310
00000000000000000000000000000000000000000000000000000000000000000000000000000000000000000000000000000000000000000000000000000000000000000000000000000000000000000000000000000000000000000000000000000000000000000000000000000000000000000000000000000000000000
310
00000000000000000000000000000000000000000000000000000000000000000000000000000000000000000000000000000000000000000000000000000000000000000000000000000000000000000000000000000000000000000000000000000000000000000000000000000000000000000000000000000000000000
310
00000000000000000000000000000000000000000000000000000000000000000000000000000000000000000000000000000000000000000000000000000000000000000000000000000000000000000000000000000000000000000000000000000000000000000000000000000000000000000000000000000000000000
310
00000000000000000000000000000000000000000000000000000000000000000000000000000000000000000000000000000000000000000000000000000000000000000000000000000000000000000000000000000000000000000000000000000000000000000000000000000000000000000000000000000000000000
310
00000000000000000000000000000000000000000000000000000000000000000000000000000000000000000000000000000000000000000000000000000000000000000000000000000000000000000000000000000000000000000000000000000000000000000000000000000000000000000000000000000000000000
310
00000000000000000000000000000000000000000000000000000000000000000000000000000000000000000000000000000000000000000000000000000000000000000000000000000000000000000000000000000000000000000000000000000000000000000000000000000000000000000000000000000000000000
310
00000000000000000000000000000000000000000000000000000000000000000000000000000000000000000000000000000000000000000000000000000000000000000000000000000000000000000000000000000000000000000000000000000000000000000000000000000000000000000000000000000000000000
310
00000000000000000000000000000000000000000000000000000000000000000000000000000000000000000000000000000000000000000000000000000000000000000000000000000000000000000000000000000000000000000000000000000000000000000000000000000000000000000000000000000000000000
310
00000000000000000000000000000000000000000000000000000000000000000000000000000000000000000000000000000000000000000000000000000000000000000000000000000000000000000000000000000000000000000000000000000000000000000000000000000000000000000000000000000000000000
310
00000000000000000000000000000000000000000000000000000000000000000000000000000000000000000000000000000000000000000000000000000000000000000000000000000000000000000000000000000000000000000000000000000000000000000000000000000000000000000000000000000000000000
310
00000000000000000000000000000000000000000000000000000000000000000000000000000000000000000000000000000000000000000000000000000000000000000000000000000000000000000000000000000000000000000000000000000000000000000000000000000000000000000000000000000000000000
310
00000000000000000000000000000000000000000000000000000000000000000000000000000000000000000000000000000000000000000000000000000000000000000000000000000000000000000000000000000000000000000000000000000000000000000000000000000000000000000000000000000000000000
310
00000000000000000000000000000000000000000000000000000000000000000000000000000000000000000000000000000000000000000000000000000000000000000000000000000000000000000000000000000000000000000000000000000000000000000000000000000000000000000000000000000000000000
310
00000000000000000000000000000000000000000000000000000000000000000000000000000000000000000000000000000000000000000000000000000000000000000000000000000000000000000000000000000000000000000000000000000000000000000000000000000000000000000000000000000000000000
310
00000000000000000000000000000000000000000000000000000000000000000000000000000000000000000000000000000000000000000000000000000000000000000000000000000000000000000000000000000000000000000000000000000000000000000000000000000000000000000000000000000000000000
310
00000000000000000000000000000000000000000000000000000000000000000000000000000000000000000000000000000000000000000000000000000000000000000000000000000000000000000000000000000000000000000000000000000000000000000000000000000000000000000000000000000000000000
310
00000000000000000000000000000000000000000000000000000000000000000000000000000000000000000000000000000000000000000000000000000000000000000000000000000000000000000000000000000000000000000000000000000000000000000000000000000000000000000000000000000000000000
310
00000000000000000000000000000000000000000000000000000000000000000000000000000000000000000000000000000000000000000000000000000000000000000000000000000000000000000000000000000000000000000000000000000000000000000000000000000000000000000000000000000000000000
310
00000000000000000000000000000000000000000000000000000000000000000000000000000000000000000000000000000000000000000000000000000000000000000000000000000000000000000000000000000000000000000000000000000000000000000000000000000000000000000000000000000000000000
310
00000000000000000000000000000000000000000000000000000000000000000000000000000000000000000000000000000000000000000000000000000000000000000000000000000000000000000000000000000000000000000000000000000000000000000000000000000000000000000000000000000000000000
310
00000000000000000000000000000000000000000000000000000000000000000000000000000000000000000000000000000000000000000000000000000000000000000000000000000000000000000000000000000000000000000000000000000000000000000000000000000000000000000000000000000000000000
310
00000000000000000000000000000000000000000000000000000000000000000000000000000000000000000000000000000000000000000000000000000000000000000000000000000000000000000000000000000000000000000000000000000000000000000000000000000000000000000000000000000000000000
310
00000000000000000000000000000000000000000000000000000000000000000000000000000000000000000000000000000000000000000000000000000000000000000000000000000000000000000000000000000000000000000000000000000000000000000000000000000000000000000000000000000000000000
310
00000000000000000000000000000000000000000000000000000000000000000000000000000000000000000000000000000000000000000000000000000000000000000000000000000000000000000000000000000000000000000000000000000000000000000000000000000000000000000000000000000000000000
310
00000000000000000000000000000000000000000000000000000000000000000000000000000000000000000000000000000000000000000000000000000000000000000000000000000000000000000000000000000000000000000000000000000000000000000000000000000000000000000000000000000000000000
310
00000000000000000000000000000000000000000000000000000000000000000000000000000000000000000000000000000000000000000000000000000000000000000000000000000000000000000000000000000000000000000000000000000000000000000000000000000000000000000000000000000000000000
310
00000000000000000000000000000000000000000000000000000000000000000000000000000000000000000000000000000000000000000000000000000000000000000000000000000000000000000000000000000000000000000000000000000000000000000000000000000000000000000000000000000000000000
310
00000000000000000000000000000000000000000000000000000000000000000000000000000000000000000000000000000000000000000000000000000000000000000000000000000000000000000000000000000000000000000000000000000000000000000000000000000000000000000000000000000000000000
310
00000000000000000000000000000000000000000000000000000000000000000000000000000000000000000000000000000000000000000000000000000000000000000000000000000000000000000000000000000000000000000000000000000000000000000000000000000000000000000000000000000000000000
310
00000000000000000000000000000000000000000000000000000000000000000000000000000000000000000000000000000000000000000000000000000000000000000000000000000000000000000000000000000000000000000000000000000000000000000000000000000000000000000000000000000000000000
310
00000000000000000000000000000000000000000000000000000000000000000000000000000000000000000000000000000000000000000000000000000000000000000000000000000000000000000000000000000000000000000000000000000000000000000000000000000000000000000000000000000000000000
310
00000000000000000000000000000000000000000000000000000000000000000000000000000000000000000000000000000000000000000000000000000000000000000000000000000000000000000000000000000000000000000000000000000000000000000000000000000000000000000000000000000000000000
310
00000000000000000000000000000000000000000000000000000000000000000000000000000000000000000000000000000000000000000000000000000000000000000000000000000000000000000000000000000000000000000000000000000000000000000000000000000000000000000000000000000000000000
310
00000000000000000000000000000000000000000000000000000000000000000000000000000000000000000000000000000000000000000000000000000000000000000000000000000000000000000000000000000000000000000000000000000000000000000000000000000000000000000000000000000000000000
310
00000000000000000000000000000000000000000000000000000000000000000000000000000000000000000000000000000000000000000000000000000000000000000000000000000000000000000000000000000000000000000000000000000000000000000000000000000000000000000000000000000000000000
310
00000000000000000000000000000000000000000000000000000000000000000000000000000000000000000000000000000000000000000000000000000000000000000000000000000000000000000000000000000000000000000000000000000000000000000000000000000000000000000000000000000000000000
310
00000000000000000000000000000000000000000000000000000000000000000000000000000000000000000000000000000000000000000000000000000000000000000000000000000000000000000000000000000000000000000000000000000000000000000000000000000000000000000000000000000000000000
310
00000000000000000000000000000000000000000000000000000000000000000000000000000000000000000000000000000000000000000000000000000000000000000000000000000000000000000000000000000000000000000000000000000000000000000000000000000000000000000000000000000000000000
310
00000000000000000000000000000000000000000000000000000000000000000000000000000000000000000000000000000000000000000000000000000000000000000000000000000000000000000000000000000000000000000000000000000000000000000000000000000000000000000000000000000000000000
310
00000000000000000000000000000000000000000000000000000000000000000000000000000000000000000000000000000000000000000000000000000000000000000000000000000000000000000000000000000000000000000000000000000000000000000000000000000000000000000000000000000000000000
310
00000000000000000000000000000000000000000000000000000000000000000000000000000000000000000000000000000000000000000000000000000000000000000000000000000000000000000000000000000000000000000000000000000000000000000000000000000000000000000000000000000000000000
310
00000000000000000000000000000000000000000000000000000000000000000000000000000000000000000000000000000000000000000000000000000000000000000000000000000000000000000000000000000000000000000000000000000000000000000000000000000000000000000000000000000000000000
310
00000000000000000000000000000000000000000000000000000000000000000000000000000000000000000000000000000000000000000000000000000000000000000000000000000000000000000000000000000000000000000000000000000000000000000000000000000000000000000000000000000000000000
310
00000000000000000000000000000000000000000000000000000000000000000000000000000000000000000000000000000000000000000000000000000000000000000000000000000000000000000000000000000000000000000000000000000000000000000000000000000000000000000000000000000000000000
310
00000000000000000000000000000000000000000000000000000000000000000000000000000000000000000000000000000000000000000000000000000000000000000000000000000000000000000000000000000000000000000000000000000000000000000000000000000000000000000000000000000000000000
310
00000000000000000000000000000000000000000000000000000000000000000000000000000000000000000000000000000000000000000000000000000000000000000000000000000000000000000000000000000000000000000000000000000000000000000000000000000000000000000000000000000000000000
310
00000000000000000000000000000000000000000000000000000000000000000000000000000000000000000000000000000000000000000000000000000000000000000000000000000000000000000000000000000000000000000000000000000000000000000000000000000000000000000000000000000000000000
310
00000000000000000000000000000000000000000000000000000000000000000000000000000000000000000000000000000000000000000000000000000000000000000000000000000000000000000000000000000000000000000000000000000000000000000000000000000000000000000000000000000000000000
310
00000000000000000000000000000000000000000000000000000000000000000000000000000000000000000000000000000000000000000000000000000000000000000000000000000000000000000000000000000000000000000000000000000000000000000000000000000000000000000000000000000000000000
310
00000000000000000000000000000000000000000000000000000000000000000000000000000000000000000000000000000000000000000000000000000000000000000000000000000000000000000000000000000000000000000000000000000000000000000000000000000000000000000000000000000000000000
310
00000000000000000000000000000000000000000000000000000000000000000000000000000000000000000000000000000000000000000000000000000000000000000000000000000000000000000000000000000000000000000000000000000000000000000000000000000000000000000000000000000000000000
310
00000000000000000000000000000000000000000000000000000000000000000000000000000000000000000000000000000000000000000000000000000000000000000000000000000000000000000000000000000000000000000000000000000000000000000000000000000000000000000000000000000000000000
310
00000000000000000000000000000000000000000000000000000000000000000000000000000000000000000000000000000000000000000000000000000000000000000000000000000000000000000000000000000000000000000000000000000000000000000000000000000000000000000000000000000000000000
310
00000000000000000000000000000000000000000000000000000000000000000000000000000000000000000000000000000000000000000000000000000000000000000000000000000000000000000000000000000000000000000000000000000000000000000000000000000000000000000000000000000000000000
310
00000000000000000000000000000000000000000000000000000000000000000000000000000000000000000000000000000000000000000000000000000000000000000000000000000000000000000000000000000000000000000000000000000000000000000000000000000000000000000000000000000000000000
310
00000000000000000000000000000000000000000000000000000000000000000000000000000000000000000000000000000000000000000000000000000000000000000000000000000000000000000000000000000000000000000000000000000000000000000000000000000000000000000000000000000000000000
310
00000000000000000000000000000000000000000000000000000000000000000000000000000000000000000000000000000000000000000000000000000000000000000000000000000000000000000000000000000000000000000000000000000000000000000000000000000000000000000000000000000000000000
310
00000000000000000000000000000000000000000000000000000000000000000000000000000000000000000000000000000000000000000000000000000000000000000000000000000000000000000000000000000000000000000000000000000000000000000000000000000000000000000000000000000000000000
310
00000000000000000000000000000000000000000000000000000000000000000000000000000000000000000000000000000000000000000000000000000000000000000000000000000000000000000000000000000000000000000000000000000000000000000000000000000000000000000000000000000000000000
310
00000000000000000000000000000000000000000000000000000000000000000000000000000000000000000000000000000000000000000000000000000000000000000000000000000000000000000000000000000000000000000000000000000000000000000000000000000000000000000000000000000000000000
310
00000000000000000000000000000000000000000000000000000000000000000000000000000000000000000000000000000000000000000000000000000000000000000000000000000000000000000000000000000000000000000000000000000000000000000000000000000000000000000000000000000000000000
310
00000000000000000000000000000000000000000000000000000000000000000000000000000000000000000000000000000000000000000000000000000000000000000000000000000000000000000000000000000000000000000000000000000000000000000000000000000000000000000000000000000000000000
310
00000000000000000000000000000000000000000000000000000000000000000000000000000000000000000000000000000000000000000000000000000000000000000000000000000000000000000000000000000000000000000000000000000000000000000000000000000000000000000000000000000000000000
310
00000000000000000000000000000000000000000000000000000000000000000000000000000000000000000000000000000000000000000000000000000000000000000000000000000000000000000000000000000000000000000000000000000000000000000000000000000000000000000000000000000000000000
310
00000000000000000000000000000000000000000000000000000000000000000000000000000000000000000000000000000000000000000000000000000000000000000000000000000000000000000000000000000000000000000000000000000000000000000000000000000000000000000000000000000000000000
310
00000000000000000000000000000000000000000000000000000000000000000000000000000000000000000000000000000000000000000000000000000000000000000000000000000000000000000000000000000000000000000000000000000000000000000000000000000000000000000000000000000000000000
310
00000000000000000000000000000000000000000000000000000000000000000000000000000000000000000000000000000000000000000000000000000000000000000000000000000000000000000000000000000000000000000000000000000000000000000000000000000000000000000000000000000000000000
310
00000000000000000000000000000000000000000000000000000000000000000000000000000000000000000000000000000000000000000000000000000000000000000000000000000000000000000000000000000000000000000000000000000000000000000000000000000000000000000000000000000000000000
310
00000000000000000000000000000000000000000000000000000000000000000000000000000000000000000000000000000000000000000000000000000000000000000000000000000000000000000000000000000000000000000000000000000000000000000000000000000000000000000000000000000000000000
310
00000000000000000000000000000000000000000000000000000000000000000000000000000000000000000000000000000000000000000000000000000000000000000000000000000000000000000000000000000000000000000000000000000000000000000000000000000000000000000000000000000000000000
310
00000000000000000000000000000000000000000000000000000000000000000000000000000000000000000000000000000000000000000000000000000000000000000000000000000000000000000000000000000000000000000000000000000000000000000000000000000000000000000000000000000000000000
310
00000000000000000000000000000000000000000000000000000000000000000000000000000000000000000000000000000000000000000000000000000000000000000000000000000000000000000000000000000000000000000000000000000000000000000000000000000000000000000000000000000000000000
310
00000000000000000000000000000000000000000000000000000000000000000000000000000000000000000000000000000000000000000000000000000000000000000000000000000000000000000000000000000000000000000000000000000000000000000000000000000000000000000000000000000000000000
310
00000000000000000000000000000000000000000000000000000000000000000000000000000000000000000000000000000000000000000000000000000000000000000000000000000000000000000000000000000000000000000000000000000000000000000000000000000000000000000000000000000000000000
310
00000000000000000000000000000000000000000000000000000000000000000000000000000000000000000000000000000000000000000000000000000000000000000000000000000000000000000000000000000000000000000000000000000000000000000000000000000000000000000000000000000000000000
310
00000000000000000000000000000000000000000000000000000000000000000000000000000000000000000000000000000000000000000000000000000000000000000000000000000000000000000000000000000000000000000000000000000000000000000000000000000000000000000000000000000000000000
310
00000000000000000000000000000000000000000000000000000000000000000000000000000000000000000000000000000000000000000000000000000000000000000000000000000000000000000000000000000000000000000000000000000000000000000000000000000000000000000000000000000000000000
310
00000000000000000000000000000000000000000000000000000000000000000000000000000000000000000000000000000000000000000000000000000000000000000000000000000000000000000000000000000000000000000000000000000000000000000000000000000000000000000000000000000000000000
310
00000000000000000000000000000000000000000000000000000000000000000000000000000000000000000000000000000000000000000000000000000000000000000000000000000000000000000000000000000000000000000000000000000000000000000000000000000000000000000000000000000000000000
310
00000000000000000000000000000000000000000000000000000000000000000000000000000000000000000000000000000000000000000000000000000000000000000000000000000000000000000000000000000000000000000000000000000000000000000000000000000000000000000000000000000000000000
310
00000000000000000000000000000000000000000000000000000000000000000000000000000000000000000000000000000000000000000000000000000000000000000000000000000000000000000000000000000000000000000000000000000000000000000000000000000000000000000000000000000000000000
310
00000000000000000000000000000000000000000000000000000000000000000000000000000000000000000000000000000000000000000000000000000000000000000000000000000000000000000000000000000000000000000000000000000000000000000000000000000000000000000000000000000000000000
310
00000000000000000000000000000000000000000000000000000000000000000000000000000000000000000000000000000000000000000000000000000000000000000000000000000000000000000000000000000000000000000000000000000000000000000000000000000000000000000000000000000000000000
310
00000000000000000000000000000000000000000000000000000000000000000000000000000000000000000000000000000000000000000000000000000000000000000000000000000000000000000000000000000000000000000000000000000000000000000000000000000000000000000000000000000000000000
310
00000000000000000000000000000000000000000000000000000000000000000000000000000000000000000000000000000000000000000000000000000000000000000000000000000000000000000000000000000000000000000000000000000000000000000000000000000000000000000000000000000000000000
310
00000000000000000000000000000000000000000000000000000000000000000000000000000000000000000000000000000000000000000000000000000000000000000000000000000000000000000000000000000000000000000000000000000000000000000000000000000000000000000000000000000000000000
310
00000000000000000000000000000000000000000000000000000000000000000000000000000000000000000000000000000000000000000000000000000000000000000000000000000000000000000000000000000000000000000000000000000000000000000000000000000000000000000000000000000000000000
310
00000000000000000000000000000000000000000000000000000000000000000000000000000000000000000000000000000000000000000000000000000000000000000000000000000000000000000000000000000000000000000000000000000000000000000000000000000000000000000000000000000000000000
310
00000000000000000000000000000000000000000000000000000000000000000000000000000000000000000000000000000000000000000000000000000000000000000000000000000000000000000000000000000000000000000000000000000000000000000000000000000000000000000000000000000000000000
310
00000000000000000000000000000000000000000000000000000000000000000000000000000000000000000000000000000000000000000000000000000000000000000000000000000000000000000000000000000000000000000000000000000000000000000000000000000000000000000000000000000000000000
310
00000000000000000000000000000000000000000000000000000000000000000000000000000000000000000000000000000000000000000000000000000000000000000000000000000000000000000000000000000000000000000000000000000000000000000000000000000000000000000000000000000000000000
310
00000000000000000000000000000000000000000000000000000000000000000000000000000000000000000000000000000000000000000000000000000000000000000000000000000000000000000000000000000000000000000000000000000000000000000000000000000000000000000000000000000000000000
310
00000000000000000000000000000000000000000000000000000000000000000000000000000000000000000000000000000000000000000000000000000000000000000000000000000000000000000000000000000000000000000000000000000000000000000000000000000000000000000000000000000000000000
310
00000000000000000000000000000000000000000000000000000000000000000000000000000000000000000000000000000000000000000000000000000000000000000000000000000000000000000000000000000000000000000000000000000000000000000000000000000000000000000000000000000000000000
310
00000000000000000000000000000000000000000000000000000000000000000000000000000000000000000000000000000000000000000000000000000000000000000000000000000000000000000000000000000000000000000000000000000000000000000000000000000000000000000000000000000000000000
310
00000000000000000000000000000000000000000000000000000000000000000000000000000000000000000000000000000000000000000000000000000000000000000000000000000000000000000000000000000000000000000000000000000000000000000000000000000000000000000000000000000000000000
310
00000000000000000000000000000000000000000000000000000000000000000000000000000000000000000000000000000000000000000000000000000000000000000000000000000000000000000000000000000000000000000000000000000000000000000000000000000000000000000000000000000000000000
310
00000000000000000000000000000000000000000000000000000000000000000000000000000000000000000000000000000000000000000000000000000000000000000000000000000000000000000000000000000000000000000000000000000000000000000000000000000000000000000000000000000000000000
310
00000000000000000000000000000000000000000000000000000000000000000000000000000000000000000000000000000000000000000000000000000000000000000000000000000000000000000000000000000000000000000000000000000000000000000000000000000000000000000000000000000000000000
310
00000000000000000000000000000000000000000000000000000000000000000000000000000000000000000000000000000000000000000000000000000000000000000000000000000000000000000000000000000000000000000000000000000000000000000000000000000000000000000000000000000000000000
310
00000000000000000000000000000000000000000000000000000000000000000000000000000000000000000000000000000000000000000000000000000000000000000000000000000000000000000000000000000000000000000000000000000000000000000000000000000000000000000000000000000000000000
310
00000000000000000000000000000000000000000000000000000000000000000000000000000000000000000000000000000000000000000000000000000000000000000000000000000000000000000000000000000000000000000000000000000000000000000000000000000000000000000000000000000000000000
310
00000000000000000000000000000000000000000000000000000000000000000000000000000000000000000000000000000000000000000000000000000000000000000000000000000000000000000000000000000000000000000000000000000000000000000000000000000000000000000000000000000000000000
310
00000000000000000000000000000000000000000000000000000000000000000000000000000000000000000000000000000000000000000000000000000000000000000000000000000000000000000000000000000000000000000000000000000000000000000000000000000000000000000000000000000000000000
310
00000000000000000000000000000000000000000000000000000000000000000000000000000000000000000000000000000000000000000000000000000000000000000000000000000000000000000000000000000000000000000000000000000000000000000000000000000000000000000000000000000000000000
310
00000000000000000000000000000000000000000000000000000000000000000000000000000000000000000000000000000000000000000000000000000000000000000000000000000000000000000000000000000000000000000000000000000000000000000000000000000000000000000000000000000000000000
310
00000000000000000000000000000000000000000000000000000000000000000000000000000000000000000000000000000000000000000000000000000000000000000000000000000000000000000000000000000000000000000000000000000000000000000000000000000000000000000000000000000000000000
310
00000000000000000000000000000000000000000000000000000000000000000000000000000000000000000000000000000000000000000000000000000000000000000000000000000000000000000000000000000000000000000000000000000000000000000000000000000000000000000000000000000000000000
310
00000000000000000000000000000000000000000000000000000000000000000000000000000000000000000000000000000000000000000000000000000000000000000000000000000000000000000000000000000000000000000000000000000000000000000000000000000000000000000000000000000000000000
310
00000000000000000000000000000000000000000000000000000000000000000000000000000000000000000000000000000000000000000000000000000000000000000000000000000000000000000000000000000000000000000000000000000000000000000000000000000000000000000000000000000000000000
310
00000000000000000000000000000000000000000000000000000000000000000000000000000000000000000000000000000000000000000000000000000000000000000000000000000000000000000000000000000000000000000000000000000000000000000000000000000000000000000000000000000000000000
310
00000000000000000000000000000000000000000000000000000000000000000000000000000000000000000000000000000000000000000000000000000000000000000000000000000000000000000000000000000000000000000000000000000000000000000000000000000000000000000000000000000000000000
310
00000000000000000000000000000000000000000000000000000000000000000000000000000000000000000000000000000000000000000000000000000000000000000000000000000000000000000000000000000000000000000000000000000000000000000000000000000000000000000000000000000000000000
310
00000000000000000000000000000000000000000000000000000000000000000000000000000000000000000000000000000000000000000000000000000000000000000000000000000000000000000000000000000000000000000000000000000000000000000000000000000000000000000000000000000000000000
310
00000000000000000000000000000000000000000000000000000000000000000000000000000000000000000000000000000000000000000000000000000000000000000000000000000000000000000000000000000000000000000000000000000000000000000000000000000000000000000000000000000000000000
310
00000000000000000000000000000000000000000000000000000000000000000000000000000000000000000000000000000000000000000000000000000000000000000000000000000000000000000000000000000000000000000000000000000000000000000000000000000000000000000000000000000000000000
310
00000000000000000000000000000000000000000000000000000000000000000000000000000000000000000000000000000000000000000000000000000000000000000000000000000000000000000000000000000000000000000000000000000000000000000000000000000000000000000000000000000000000000
310
00000000000000000000000000000000000000000000000000000000000000000000000000000000000000000000000000000000000000000000000000000000000000000000000000000000000000000000000000000000000000000000000000000000000000000000000000000000000000000000000000000000000000
310
00000000000000000000000000000000000000000000000000000000000000000000000000000000000000000000000000000000000000000000000000000000000000000000000000000000000000000000000000000000000000000000000000000000000000000000000000000000000000000000000000000000000000
310
00000000000000000000000000000000000000000000000000000000000000000000000000000000000000000000000000000000000000000000000000000000000000000000000000000000000000000000000000000000000000000000000000000000000000000000000000000000000000000000000000000000000000
310
00000000000000000000000000000000000000000000000000000000000000000000000000000000000000000000000000000000000000000000000000000000000000000000000000000000000000000000000000000000000000000000000000000000000000000000000000000000000000000000000000000000000000
310
00000000000000000000000000000000000000000000000000000000000000000000000000000000000000000000000000000000000000000000000000000000000000000000000000000000000000000000000000000000000000000000000000000000000000000000000000000000000000000000000000000000000000
310
00000000000000000000000000000000000000000000000000000000000000000000000000000000000000000000000000000000000000000000000000000000000000000000000000000000000000000000000000000000000000000000000000000000000000000000000000000000000000000000000000000000000000
310
00000000000000000000000000000000000000000000000000000000000000000000000000000000000000000000000000000000000000000000000000000000000000000000000000000000000000000000000000000000000000000000000000000000000000000000000000000000000000000000000000000000000000
310
00000000000000000000000000000000000000000000000000000000000000000000000000000000000000000000000000000000000000000000000000000000000000000000000000000000000000000000000000000000000000000000000000000000000000000000000000000000000000000000000000000000000000
310
00000000000000000000000000000000000000000000000000000000000000000000000000000000000000000000000000000000000000000000000000000000000000000000000000000000000000000000000000000000000000000000000000000000000000000000000000000000000000000000000000000000000000
310
00000000000000000000000000000000000000000000000000000000000000000000000000000000000000000000000000000000000000000000000000000000000000000000000000000000000000000000000000000000000000000000000000000000000000000000000000000000000000000000000000000000000000
310
00000000000000000000000000000000000000000000000000000000000000000000000000000000000000000000000000000000000000000000000000000000000000000000000000000000000000000000000000000000000000000000000000000000000000000000000000000000000000000000000000000000000000
310
00000000000000000000000000000000000000000000000000000000000000000000000000000000000000000000000000000000000000000000000000000000000000000000000000000000000000000000000000000000000000000000000000000000000000000000000000000000000000000000000000000000000000
310
00000000000000000000000000000000000000000000000000000000000000000000000000000000000000000000000000000000000000000000000000000000000000000000000000000000000000000000000000000000000000000000000000000000000000000000000000000000000000000000000000000000000000
310
00000000000000000000000000000000000000000000000000000000000000000000000000000000000000000000000000000000000000000000000000000000000000000000000000000000000000000000000000000000000000000000000000000000000000000000000000000000000000000000000000000000000000
310
00000000000000000000000000000000000000000000000000000000000000000000000000000000000000000000000000000000000000000000000000000000000000000000000000000000000000000000000000000000000000000000000000000000000000000000000000000000000000000000000000000000000000
310
00000000000000000000000000000000000000000000000000000000000000000000000000000000000000000000000000000000000000000000000000000000000000000000000000000000000000000000000000000000000000000000000000000000000000000000000000000000000000000000000000000000000000
310
00000000000000000000000000000000000000000000000000000000000000000000000000000000000000000000000000000000000000000000000000000000000000000000000000000000000000000000000000000000000000000000000000000000000000000000000000000000000000000000000000000000000000
310
00000000000000000000000000000000000000000000000000000000000000000000000000000000000000000000000000000000000000000000000000000000000000000000000000000000000000000000000000000000000000000000000000000000000000000000000000000000000000000000000000000000000000
310
00000000000000000000000000000000000000000000000000000000000000000000000000000000000000000000000000000000000000000000000000000000000000000000000000000000000000000000000000000000000000000000000000000000000000000000000000000000000000000000000000000000000000
310
00000000000000000000000000000000000000000000000000000000000000000000000000000000000000000000000000000000000000000000000000000000000000000000000000000000000000000000000000000000000000000000000000000000000000000000000000000000000000000000000000000000000000
310
00000000000000000000000000000000000000000000000000000000000000000000000000000000000000000000000000000000000000000000000000000000000000000000000000000000000000000000000000000000000000000000000000000000000000000000000000000000000000000000000000000000000000
310
00000000000000000000000000000000000000000000000000000000000000000000000000000000000000000000000000000000000000000000000000000000000000000000000000000000000000000000000000000000000000000000000000000000000000000000000000000000000000000000000000000000000000
310
00000000000000000000000000000000000000000000000000000000000000000000000000000000000000000000000000000000000000000000000000000000000000000000000000000000000000000000000000000000000000000000000000000000000000000000000000000000000000000000000000000000000000
310
00000000000000000000000000000000000000000000000000000000000000000000000000000000000000000000000000000000000000000000000000000000000000000000000000000000000000000000000000000000000000000000000000000000000000000000000000000000000000000000000000000000000000
310
00000000000000000000000000000000000000000000000000000000000000000000000000000000000000000000000000000000000000000000000000000000000000000000000000000000000000000000000000000000000000000000000000000000000000000000000000000000000000000000000000000000000000
310
00000000000000000000000000000000000000000000000000000000000000000000000000000000000000000000000000000000000000000000000000000000000000000000000000000000000000000000000000000000000000000000000000000000000000000000000000000000000000000000000000000000000000
310
00000000000000000000000000000000000000000000000000000000000000000000000000000000000000000000000000000000000000000000000000000000000000000000000000000000000000000000000000000000000000000000000000000000000000000000000000000000000000000000000000000000000000
310
00000000000000000000000000000000000000000000000000000000000000000000000000000000000000000000000000000000000000000000000000000000000000000000000000000000000000000000000000000000000000000000000000000000000000000000000000000000000000000000000000000000000000
310
00000000000000000000000000000000000000000000000000000000000000000000000000000000000000000000000000000000000000000000000000000000000000000000000000000000000000000000000000000000000000000000000000000000000000000000000000000000000000000000000000000000000000
310
00000000000000000000000000000000000000000000000000000000000000000000000000000000000000000000000000000000000000000000000000000000000000000000000000000000000000000000000000000000000000000000000000000000000000000000000000000000000000000000000000000000000000
310
00000000000000000000000000000000000000000000000000000000000000000000000000000000000000000000000000000000000000000000000000000000000000000000000000000000000000000000000000000000000000000000000000000000000000000000000000000000000000000000000000000000000000
310
00000000000000000000000000000000000000000000000000000000000000000000000000000000000000000000000000000000000000000000000000000000000000000000000000000000000000000000000000000000000000000000000000000000000000000000000000000000000000000000000000000000000000
310
00000000000000000000000000000000000000000000000000000000000000000000000000000000000000000000000000000000000000000000000000000000000000000000000000000000000000000000000000000000000000000000000000000000000000000000000000000000000000000000000000000000000000
310
00000000000000000000000000000000000000000000000000000000000000000000000000000000000000000000000000000000000000000000000000000000000000000000000000000000000000000000000000000000000000000000000000000000000000000000000000000000000000000000000000000000000000
310
00000000000000000000000000000000000000000000000000000000000000000000000000000000000000000000000000000000000000000000000000000000000000000000000000000000000000000000000000000000000000000000000000000000000000000000000000000000000000000000000000000000000000
310
00000000000000000000000000000000000000000000000000000000000000000000000000000000000000000000000000000000000000000000000000000000000000000000000000000000000000000000000000000000000000000000000000000000000000000000000000000000000000000000000000000000000000
310
00000000000000000000000000000000000000000000000000000000000000000000000000000000000000000000000000000000000000000000000000000000000000000000000000000000000000000000000000000000000000000000000000000000000000000000000000000000000000000000000000000000000000
310
00000000000000000000000000000000000000000000000000000000000000000000000000000000000000000000000000000000000000000000000000000000000000000000000000000000000000000000000000000000000000000000000000000000000000000000000000000000000000000000000000000000000000
310
00000000000000000000000000000000000000000000000000000000000000000000000000000000000000000000000000000000000000000000000000000000000000000000000000000000000000000000000000000000000000000000000000000000000000000000000000000000000000000000000000000000000000
310
00000000000000000000000000000000000000000000000000000000000000000000000000000000000000000000000000000000000000000000000000000000000000000000000000000000000000000000000000000000000000000000000000000000000000000000000000000000000000000000000000000000000000
310
00000000000000000000000000000000000000000000000000000000000000000000000000000000000000000000000000000000000000000000000000000000000000000000000000000000000000000000000000000000000000000000000000000000000000000000000000000000000000000000000000000000000000
310
00000000000000000000000000000000000000000000000000000000000000000000000000000000000000000000000000000000000000000000000000000000000000000000000000000000000000000000000000000000000000000000000000000000000000000000000000000000000000000000000000000000000000
310
00000000000000000000000000000000000000000000000000000000000000000000000000000000000000000000000000000000000000000000000000000000000000000000000000000000000000000000000000000000000000000000000000000000000000000000000000000000000000000000000000000000000000
310
00000000000000000000000000000000000000000000000000000000000000000000000000000000000000000000000000000000000000000000000000000000000000000000000000000000000000000000000000000000000000000000000000000000000000000000000000000000000000000000000000000000000000
310
00000000000000000000000000000000000000000000000000000000000000000000000000000000000000000000000000000000000000000000000000000000000000000000000000000000000000000000000000000000000000000000000000000000000000000000000000000000000000000000000000000000000000
310
00000000000000000000000000000000000000000000000000000000000000000000000000000000000000000000000000000000000000000000000000000000000000000000000000000000000000000000000000000000000000000000000000000000000000000000000000000000000000000000000000000000000000
310
00000000000000000000000000000000000000000000000000000000000000000000000000000000000000000000000000000000000000000000000000000000000000000000000000000000000000000000000000000000000000000000000000000000000000000000000000000000000000000000000000000000000000
310
00000000000000000000000000000000000000000000000000000000000000000000000000000000000000000000000000000000000000000000000000000000000000000000000000000000000000000000000000000000000000000000000000000000000000000000000000000000000000000000000000000000000000
310
00000000000000000000000000000000000000000000000000000000000000000000000000000000000000000000000000000000000000000000000000000000000000000000000000000000000000000000000000000000000000000000000000000000000000000000000000000000000000000000000000000000000000
310
00000000000000000000000000000000000000000000000000000000000000000000000000000000000000000000000000000000000000000000000000000000000000000000000000000000000000000000000000000000000000000000000000000000000000000000000000000000000000000000000000000000000000
310
00000000000000000000000000000000000000000000000000000000000000000000000000000000000000000000000000000000000000000000000000000000000000000000000000000000000000000000000000000000000000000000000000000000000000000000000000000000000000000000000000000000000000
310
00000000000000000000000000000000000000000000000000000000000000000000000000000000000000000000000000000000000000000000000000000000000000000000000000000000000000000000000000000000000000000000000000000000000000000000000000000000000000000000000000000000000000
310
00000000000000000000000000000000000000000000000000000000000000000000000000000000000000000000000000000000000000000000000000000000000000000000000000000000000000000000000000000000000000000000000000000000000000000000000000000000000000000000000000000000000000
310
00000000000000000000000000000000000000000000000000000000000000000000000000000000000000000000000000000000000000000000000000000000000000000000000000000000000000000000000000000000000000000000000000000000000000000000000000000000000000000000000000000000000000
310
00000000000000000000000000000000000000000000000000000000000000000000000000000000000000000000000000000000000000000000000000000000000000000000000000000000000000000000000000000000000000000000000000000000000000000000000000000000000000000000000000000000000000
310
00000000000000000000000000000000000000000000000000000000000000000000000000000000000000000000000000000000000000000000000000000000000000000000000000000000000000000000000000000000000000000000000000000000000000000000000000000000000000000000000000000000000000
310
00000000000000000000000000000000000000000000000000000000000000000000000000000000000000000000000000000000000000000000000000000000000000000000000000000000000000000000000000000000000000000000000000000000000000000000000000000000000000000000000000000000000000
310
00000000000000000000000000000000000000000000000000000000000000000000000000000000000000000000000000000000000000000000000000000000000000000000000000000000000000000000000000000000000000000000000000000000000000000000000000000000000000000000000000000000000000
310
00000000000000000000000000000000000000000000000000000000000000000000000000000000000000000000000000000000000000000000000000000000000000000000000000000000000000000000000000000000000000000000000000000000000000000000000000000000000000000000000000000000000000
310
00000000000000000000000000000000000000000000000000000000000000000000000000000000000000000000000000000000000000000000000000000000000000000000000000000000000000000000000000000000000000000000000000000000000000000000000000000000000000000000000000000000000000
310
00000000000000000000000000000000000000000000000000000000000000000000000000000000000000000000000000000000000000000000000000000000000000000000000000000000000000000000000000000000000000000000000000000000000000000000000000000000000000000000000000000000000000
310
00000000000000000000000000000000000000000000000000000000000000000000000000000000000000000000000000000000000000000000000000000000000000000000000000000000000000000000000000000000000000000000000000000000000000000000000000000000000000000000000000000000000000
310
00000000000000000000000000000000000000000000000000000000000000000000000000000000000000000000000000000000000000000000000000000000000000000000000000000000000000000000000000000000000000000000000000000000000000000000000000000000000000000000000000000000000000
310
00000000000000000000000000000000000000000000000000000000000000000000000000000000000000000000000000000000000000000000000000000000000000000000000000000000000000000000000000000000000000000000000000000000000000000000000000000000000000000000000000000000000000
310
00000000000000000000000000000000000000000000000000000000000000000000000000000000000000000000000000000000000000000000000000000000000000000000000000000000000000000000000000000000000000000000000000000000000000000000000000000000000000000000000000000000000000
310
00000000000000000000000000000000000000000000000000000000000000000000000000000000000000000000000000000000000000000000000000000000000000000000000000000000000000000000000000000000000000000000000000000000000000000000000000000000000000000000000000000000000000
310
00000000000000000000000000000000000000000000000000000000000000000000000000000000000000000000000000000000000000000000000000000000000000000000000000000000000000000000000000000000000000000000000000000000000000000000000000000000000000000000000000000000000000
310
00000000000000000000000000000000000000000000000000000000000000000000000000000000000000000000000000000000000000000000000000000000000000000000000000000000000000000000000000000000000000000000000000000000000000000000000000000000000000000000000000000000000000
310
00000000000000000000000000000000000000000000000000000000000000000000000000000000000000000000000000000000000000000000000000000000000000000000000000000000000000000000000000000000000000000000000000000000000000000000000000000000000000000000000000000000000000
310
00000000000000000000000000000000000000000000000000000000000000000000000000000000000000000000000000000000000000000000000000000000000000000000000000000000000000000000000000000000000000000000000000000000000000000000000000000000000000000000000000000000000000
310
00000000000000000000000000000000000000000000000000000000000000000000000000000000000000000000000000000000000000000000000000000000000000000000000000000000000000000000000000000000000000000000000000000000000000000000000000000000000000000000000000000000000000
310
00000000000000000000000000000000000000000000000000000000000000000000000000000000000000000000000000000000000000000000000000000000000000000000000000000000000000000000000000000000000000000000000000000000000000000000000000000000000000000000000000000000000000
310
00000000000000000000000000000000000000000000000000000000000000000000000000000000000000000000000000000000000000000000000000000000000000000000000000000000000000000000000000000000000000000000000000000000000000000000000000000000000000000000000000000000000000
310
00000000000000000000000000000000000000000000000000000000000000000000000000000000000000000000000000000000000000000000000000000000000000000000000000000000000000000000000000000000000000000000000000000000000000000000000000000000000000000000000000000000000000
310
00000000000000000000000000000000000000000000000000000000000000000000000000000000000000000000000000000000000000000000000000000000000000000000000000000000000000000000000000000000000000000000000000000000000000000000000000000000000000000000000000000000000000
310
00000000000000000000000000000000000000000000000000000000000000000000000000000000000000000000000000000000000000000000000000000000000000000000000000000000000000000000000000000000000000000000000000000000000000000000000000000000000000000000000000000000000000
310
00000000000000000000000000000000000000000000000000000000000000000000000000000000000000000000000000000000000000000000000000000000000000000000000000000000000000000000000000000000000000000000000000000000000000000000000000000000000000000000000000000000000000
310
00000000000000000000000000000000000000000000000000000000000000000000000000000000000000000000000000000000000000000000000000000000000000000000000000000000000000000000000000000000000000000000000000000000000000000000000000000000000000000000000000000000000000
310
00000000000000000000000000000000000000000000000000000000000000000000000000000000000000000000000000000000000000000000000000000000000000000000000000000000000000000000000000000000000000000000000000000000000000000000000000000000000000000000000000000000000000
310
00000000000000000000000000000000000000000000000000000000000000000000000000000000000000000000000000000000000000000000000000000000000000000000000000000000000000000000000000000000000000000000000000000000000000000000000000000000000000000000000000000000000000
310
00000000000000000000000000000000000000000000000000000000000000000000000000000000000000000000000000000000000000000000000000000000000000000000000000000000000000000000000000000000000000000000000000000000000000000000000000000000000000000000000000000000000000
310
00000000000000000000000000000000000000000000000000000000000000000000000000000000000000000000000000000000000000000000000000000000000000000000000000000000000000000000000000000000000000000000000000000000000000000000000000000000000000000000000000000000000000
310
00000000000000000000000000000000000000000000000000000000000000000000000000000000000000000000000000000000000000000000000000000000000000000000000000000000000000000000000000000000000000000000000000000000000000000000000000000000000000000000000000000000000000
310
00000000000000000000000000000000000000000000000000000000000000000000000000000000000000000000000000000000000000000000000000000000000000000000000000000000000000000000000000000000000000000000000000000000000000000000000000000000000000000000000000000000000000
310
00000000000000000000000000000000000000000000000000000000000000000000000000000000000000000000000000000000000000000000000000000000000000000000000000000000000000000000000000000000000000000000000000000000000000000000000000000000000000000000000000000000000000
310
00000000000000000000000000000000000000000000000000000000000000000000000000000000000000000000000000000000000000000000000000000000000000000000000000000000000000000000000000000000000000000000000000000000000000000000000000000000000000000000000000000000000000
310
00000000000000000000000000000000000000000000000000000000000000000000000000000000000000000000000000000000000000000000000000000000000000000000000000000000000000000000000000000000000000000000000000000000000000000000000000000000000000000000000000000000000000
310
00000000000000000000000000000000000000000000000000000000000000000000000000000000000000000000000000000000000000000000000000000000000000000000000000000000000000000000000000000000000000000000000000000000000000000000000000000000000000000000000000000000000000
310
00000000000000000000000000000000000000000000000000000000000000000000000000000000000000000000000000000000000000000000000000000000000000000000000000000000000000000000000000000000000000000000000000000000000000000000000000000000000000000000000000000000000000
310
00000000000000000000000000000000000000000000000000000000000000000000000000000000000000000000000000000000000000000000000000000000000000000000000000000000000000000000000000000000000000000000000000000000000000000000000000000000000000000000000000000000000000
310
00000000000000000000000000000000000000000000000000000000000000000000000000000000000000000000000000000000000000000000000000000000000000000000000000000000000000000000000000000000000000000000000000000000000000000000000000000000000000000000000000000000000000
310
00000000000000000000000000000000000000000000000000000000000000000000000000000000000000000000000000000000000000000000000000000000000000000000000000000000000000000000000000000000000000000000000000000000000000000000000000000000000000000000000000000000000000
310
00000000000000000000000000000000000000000000000000000000000000000000000000000000000000000000000000000000000000000000000000000000000000000000000000000000000000000000000000000000000000000000000000000000000000000000000000000000000000000000000000000000000000
310
00000000000000000000000000000000000000000000000000000000000000000000000000000000000000000000000000000000000000000000000000000000000000000000000000000000000000000000000000000000000000000000000000000000000000000000000000000000000000000000000000000000000000
310
00000000000000000000000000000000000000000000000000000000000000000000000000000000000000000000000000000000000000000000000000000000000000000000000000000000000000000000000000000000000000000000000000000000000000000000000000000000000000000000000000000000000000
310
00000000000000000000000000000000000000000000000000000000000000000000000000000000000000000000000000000000000000000000000000000000000000000000000000000000000000000000000000000000000000000000000000000000000000000000000000000000000000000000000000000000000000
310
00000000000000000000000000000000000000000000000000000000000000000000000000000000000000000000000000000000000000000000000000000000000000000000000000000000000000000000000000000000000000000000000000000000000000000000000000000000000000000000000000000000000000
310
00000000000000000000000000000000000000000000000000000000000000000000000000000000000000000000000000000000000000000000000000000000000000000000000000000000000000000000000000000000000000000000000000000000000000000000000000000000000000000000000000000000000000
310
00000000000000000000000000000000000000000000000000000000000000000000000000000000000000000000000000000000000000000000000000000000000000000000000000000000000000000000000000000000000000000000000000000000000000000000000000000000000000000000000000000000000000
310
00000000000000000000000000000000000000000000000000000000000000000000000000000000000000000000000000000000000000000000000000000000000000000000000000000000000000000000000000000000000000000000000000000000000000000000000000000000000000000000000000000000000000
310
00000000000000000000000000000000000000000000000000000000000000000000000000000000000000000000000000000000000000000000000000000000000000000000000000000000000000000000000000000000000000000000000000000000000000000000000000000000000000000000000000000000000000
310
00000000000000000000000000000000000000000000000000000000000000000000000000000000000000000000000000000000000000000000000000000000000000000000000000000000000000000000000000000000000000000000000000000000000000000000000000000000000000000000000000000000000000
310
00000000000000000000000000000000000000000000000000000000000000000000000000000000000000000000000000000000000000000000000000000000000000000000000000000000000000000000000000000000000000000000000000000000000000000000000000000000000000000000000000000000000000
310
00000000000000000000000000000000000000000000000000000000000000000000000000000000000000000000000000000000000000000000000000000000000000000000000000000000000000000000000000000000000000000000000000000000000000000000000000000000000000000000000000000000000000
310
00000000000000000000000000000000000000000000000000000000000000000000000000000000000000000000000000000000000000000000000000000000000000000000000000000000000000000000000000000000000000000000000000000000000000000000000000000000000000000000000000000000000000
310
00000000000000000000000000000000000000000000000000000000000000000000000000000000000000000000000000000000000000000000000000000000000000000000000000000000000000000000000000000000000000000000000000000000000000000000000000000000000000000000000000000000000000
310
00000000000000000000000000000000000000000000000000000000000000000000000000000000000000000000000000000000000000000000000000000000000000000000000000000000000000000000000000000000000000000000000000000000000000000000000000000000000000000000000000000000000000
310
00000000000000000000000000000000000000000000000000000000000000000000000000000000000000000000000000000000000000000000000000000000000000000000000000000000000000000000000000000000000000000000000000000000000000000000000000000000000000000000000000000000000000
310
00000000000000000000000000000000000000000000000000000000000000000000000000000000000000000000000000000000000000000000000000000000000000000000000000000000000000000000000000000000000000000000000000000000000000000000000000000000000000000000000000000000000000
310
00000000000000000000000000000000000000000000000000000000000000000000000000000000000000000000000000000000000000000000000000000000000000000000000000000000000000000000000000000000000000000000000000000000000000000000000000000000000000000000000000000000000000
310
00000000000000000000000000000000000000000000000000000000000000000000000000000000000000000000000000000000000000000000000000000000000000000000000000000000000000000000000000000000000000000000000000000000000000000000000000000000000000000000000000000000000000
310
00000000000000000000000000000000000000000000000000000000000000000000000000000000000000000000000000000000000000000000000000000000000000000000000000000000000000000000000000000000000000000000000000000000000000000000000000000000000000000000000000000000000000
310
00000000000000000000000000000000000000000000000000000000000000000000000000000000000000000000000000000000000000000000000000000000000000000000000000000000000000000000000000000000000000000000000000000000000000000000000000000000000000000000000000000000000000
310
00000000000000000000000000000000000000000000000000000000000000000000000000000000000000000000000000000000000000000000000000000000000000000000000000000000000000000000000000000000000000000000000000000000000000000000000000000000000000000000000000000000000000
310
00000000000000000000000000000000000000000000000000000000000000000000000000000000000000000000000000000000000000000000000000000000000000000000000000000000000000000000000000000000000000000000000000000000000000000000000000000000000000000000000000000000000000
310
00000000000000000000000000000000000000000000000000000000000000000000000000000000000000000000000000000000000000000000000000000000000000000000000000000000000000000000000000000000000000000000000000000000000000000000000000000000000000000000000000000000000000
310
00000000000000000000000000000000000000000000000000000000000000000000000000000000000000000000000000000000000000000000000000000000000000000000000000000000000000000000000000000000000000000000000000000000000000000000000000000000000000000000000000000000000000
310
00000000000000000000000000000000000000000000000000000000000000000000000000000000000000000000000000000000000000000000000000000000000000000000000000000000000000000000000000000000000000000000000000000000000000000000000000000000000000000000000000000000000000
310
00000000000000000000000000000000000000000000000000000000000000000000000000000000000000000000000000000000000000000000000000000000000000000000000000000000000000000000000000000000000000000000000000000000000000000000000000000000000000000000000000000000000000
310
00000000000000000000000000000000000000000000000000000000000000000000000000000000000000000000000000000000000000000000000000000000000000000000000000000000000000000000000000000000000000000000000000000000000000000000000000000000000000000000000000000000000000
310
00000000000000000000000000000000000000000000000000000000000000000000000000000000000000000000000000000000000000000000000000000000000000000000000000000000000000000000000000000000000000000000000000000000000000000000000000000000000000000000000000000000000000
310
00000000000000000000000000000000000000000000000000000000000000000000000000000000000000000000000000000000000000000000000000000000000000000000000000000000000000000000000000000000000000000000000000000000000000000000000000000000000000000000000000000000000000
310
00000000000000000000000000000000000000000000000000000000000000000000000000000000000000000000000000000000000000000000000000000000000000000000000000000000000000000000000000000000000000000000000000000000000000000000000000000000000000000000000000000000000000
310
00000000000000000000000000000000000000000000000000000000000000000000000000000000000000000000000000000000000000000000000000000000000000000000000000000000000000000000000000000000000000000000000000000000000000000000000000000000000000000000000000000000000000
310
00000000000000000000000000000000000000000000000000000000000000000000000000000000000000000000000000000000000000000000000000000000000000000000000000000000000000000000000000000000000000000000000000000000000000000000000000000000000000000000000000000000000000
310
00000000000000000000000000000000000000000000000000000000000000000000000000000000000000000000000000000000000000000000000000000000000000000000000000000000000000000000000000000000000000000000000000000000000000000000000000000000000000000000000000000000000000
310
00000000000000000000000000000000000000000000000000000000000000000000000000000000000000000000000000000000000000000000000000000000000000000000000000000000000000000000000000000000000000000000000000000000000000000000000000000000000000000000000000000000000000
310
00000000000000000000000000000000000000000000000000000000000000000000000000000000000000000000000000000000000000000000000000000000000000000000000000000000000000000000000000000000000000000000000000000000000000000000000000000000000000000000000000000000000000
310
00000000000000000000000000000000000000000000000000000000000000000000000000000000000000000000000000000000000000000000000000000000000000000000000000000000000000000000000000000000000000000000000000000000000000000000000000000000000000000000000000000000000000
310
00000000000000000000000000000000000000000000000000000000000000000000000000000000000000000000000000000000000000000000000000000000000000000000000000000000000000000000000000000000000000000000000000000000000000000000000000000000000000000000000000000000000000
310
00000000000000000000000000000000000000000000000000000000000000000000000000000000000000000000000000000000000000000000000000000000000000000000000000000000000000000000000000000000000000000000000000000000000000000000000000000000000000000000000000000000000000
310
00000000000000000000000000000000000000000000000000000000000000000000000000000000000000000000000000000000000000000000000000000000000000000000000000000000000000000000000000000000000000000000000000000000000000000000000000000000000000000000000000000000000000
310
00000000000000000000000000000000000000000000000000000000000000000000000000000000000000000000000000000000000000000000000000000000000000000000000000000000000000000000000000000000000000000000000000000000000000000000000000000000000000000000000000000000000000
310
00000000000000000000000000000000000000000000000000000000000000000000000000000000000000000000000000000000000000000000000000000000000000000000000000000000000000000000000000000000000000000000000000000000000000000000000000000000000000000000000000000000000000
310
00000000000000000000000000000000000000000000000000000000000000000000000000000000000000000000000000000000000000000000000000000000000000000000000000000000000000000000000000000000000000000000000000000000000000000000000000000000000000000000000000000000000000
310
00000000000000000000000000000000000000000000000000000000000000000000000000000000000000000000000000000000000000000000000000000000000000000000000000000000000000000000000000000000000000000000000000000000000000000000000000000000000000000000000000000000000000
310
00000000000000000000000000000000000000000000000000000000000000000000000000000000000000000000000000000000000000000000000000000000000000000000000000000000000000000000000000000000000000000000000000000000000000000000000000000000000000000000000000000000000000
310
00000000000000000000000000000000000000000000000000000000000000000000000000000000000000000000000000000000000000000000000000000000000000000000000000000000000000000000000000000000000000000000000000000000000000000000000000000000000000000000000000000000000000
310
00000000000000000000000000000000000000000000000000000000000000000000000000000000000000000000000000000000000000000000000000000000000000000000000000000000000000000000000000000000000000000000000000000000000000000000000000000000000000000000000000000000000000
310
00000000000000000000000000000000000000000000000000000000000000000000000000000000000000000000000000000000000000000000000000000000000000000000000000000000000000000000000000000000000000000000000000000000000000000000000000000000000000000000000000000000000000
310
00000000000000000000000000000000000000000000000000000000000000000000000000000000000000000000000000000000000000000000000000000000000000000000000000000000000000000000000000000000000000000000000000000000000000000000000000000000000000000000000000000000000000
310
00000000000000000000000000000000000000000000000000000000000000000000000000000000000000000000000000000000000000000000000000000000000000000000000000000000000000000000000000000000000000000000000000000000000000000000000000000000000000000000000000000000000000
310
00000000000000000000000000000000000000000000000000000000000000000000000000000000000000000000000000000000000000000000000000000000000000000000000000000000000000000000000000000000000000000000000000000000000000000000000000000000000000000000000000000000000000
310
00000000000000000000000000000000000000000000000000000000000000000000000000000000000000000000000000000000000000000000000000000000000000000000000000000000000000000000000000000000000000000000000000000000000000000000000000000000000000000000000000000000000000
310
00000000000000000000000000000000000000000000000000000000000000000000000000000000000000000000000000000000000000000000000000000000000000000000000000000000000000000000000000000000000000000000000000000000000000000000000000000000000000000000000000000000000000
310
00000000000000000000000000000000000000000000000000000000000000000000000000000000000000000000000000000000000000000000000000000000000000000000000000000000000000000000000000000000000000000000000000000000000000000000000000000000000000000000000000000000000000
310
00000000000000000000000000000000000000000000000000000000000000000000000000000000000000000000000000000000000000000000000000000000000000000000000000000000000000000000000000000000000000000000000000000000000000000000000000000000000000000000000000000000000000
310
00000000000000000000000000000000000000000000000000000000000000000000000000000000000000000000000000000000000000000000000000000000000000000000000000000000000000000000000000000000000000000000000000000000000000000000000000000000000000000000000000000000000000
310
00000000000000000000000000000000000000000000000000000000000000000000000000000000000000000000000000000000000000000000000000000000000000000000000000000000000000000000000000000000000000000000000000000000000000000000000000000000000000000000000000000000000000
310
00000000000000000000000000000000000000000000000000000000000000000000000000000000000000000000000000000000000000000000000000000000000000000000000000000000000000000000000000000000000000000000000000000000000000000000000000000000000000000000000000000000000000
310
00000000000000000000000000000000000000000000000000000000000000000000000000000000000000000000000000000000000000000000000000000000000000000000000000000000000000000000000000000000000000000000000000000000000000000000000000000000000000000000000000000000000000
310
00000000000000000000000000000000000000000000000000000000000000000000000000000000000000000000000000000000000000000000000000000000000000000000000000000000000000000000000000000000000000000000000000000000000000000000000000000000000000000000000000000000000000
310
00000000000000000000000000000000000000000000000000000000000000000000000000000000000000000000000000000000000000000000000000000000000000000000000000000000000000000000000000000000000000000000000000000000000000000000000000000000000000000000000000000000000000
310
00000000000000000000000000000000000000000000000000000000000000000000000000000000000000000000000000000000000000000000000000000000000000000000000000000000000000000000000000000000000000000000000000000000000000000000000000000000000000000000000000000000000000
310
00000000000000000000000000000000000000000000000000000000000000000000000000000000000000000000000000000000000000000000000000000000000000000000000000000000000000000000000000000000000000000000000000000000000000000000000000000000000000000000000000000000000000
310
00000000000000000000000000000000000000000000000000000000000000000000000000000000000000000000000000000000000000000000000000000000000000000000000000000000000000000000000000000000000000000000000000000000000000000000000000000000000000000000000000000000000000
310
00000000000000000000000000000000000000000000000000000000000000000000000000000000000000000000000000000000000000000000000000000000000000000000000000000000000000000000000000000000000000000000000000000000000000000000000000000000000000000000000000000000000000
310
00000000000000000000000000000000000000000000000000000000000000000000000000000000000000000000000000000000000000000000000000000000000000000000000000000000000000000000000000000000000000000000000000000000000000000000000000000000000000000000000000000000000000
310
00000000000000000000000000000000000000000000000000000000000000000000000000000000000000000000000000000000000000000000000000000000000000000000000000000000000000000000000000000000000000000000000000000000000000000000000000000000000000000000000000000000000000
310
00000000000000000000000000000000000000000000000000000000000000000000000000000000000000000000000000000000000000000000000000000000000000000000000000000000000000000000000000000000000000000000000000000000000000000000000000000000000000000000000000000000000000
310
00000000000000000000000000000000000000000000000000000000000000000000000000000000000000000000000000000000000000000000000000000000000000000000000000000000000000000000000000000000000000000000000000000000000000000000000000000000000000000000000000000000000000
310
00000000000000000000000000000000000000000000000000000000000000000000000000000000000000000000000000000000000000000000000000000000000000000000000000000000000000000000000000000000000000000000000000000000000000000000000000000000000000000000000000000000000000
310
00000000000000000000000000000000000000000000000000000000000000000000000000000000000000000000000000000000000000000000000000000000000000000000000000000000000000000000000000000000000000000000000000000000000000000000000000000000000000000000000000000000000000
310
00000000000000000000000000000000000000000000000000000000000000000000000000000000000000000000000000000000000000000000000000000000000000000000000000000000000000000000000000000000000000000000000000000000000000000000000000000000000000000000000000000000000000
310
00000000000000000000000000000000000000000000000000000000000000000000000000000000000000000000000000000000000000000000000000000000000000000000000000000000000000000000000000000000000000000000000000000000000000000000000000000000000000000000000000000000000000
310
00000000000000000000000000000000000000000000000000000000000000000000000000000000000000000000000000000000000000000000000000000000000000000000000000000000000000000000000000000000000000000000000000000000000000000000000000000000000000000000000000000000000000
310
00000000000000000000000000000000000000000000000000000000000000000000000000000000000000000000000000000000000000000000000000000000000000000000000000000000000000000000000000000000000000000000000000000000000000000000000000000000000000000000000000000000000000
310
00000000000000000000000000000000000000000000000000000000000000000000000000000000000000000000000000000000000000000000000000000000000000000000000000000000000000000000000000000000000000000000000000000000000000000000000000000000000000000000000000000000000000
310
00000000000000000000000000000000000000000000000000000000000000000000000000000000000000000000000000000000000000000000000000000000000000000000000000000000000000000000000000000000000000000000000000000000000000000000000000000000000000000000000000000000000000
310
00000000000000000000000000000000000000000000000000000000000000000000000000000000000000000000000000000000000000000000000000000000000000000000000000000000000000000000000000000000000000000000000000000000000000000000000000000000000000000000000000000000000000
310
00000000000000000000000000000000000000000000000000000000000000000000000000000000000000000000000000000000000000000000000000000000000000000000000000000000000000000000000000000000000000000000000000000000000000000000000000000000000000000000000000000000000000
310
00000000000000000000000000000000000000000000000000000000000000000000000000000000000000000000000000000000000000000000000000000000000000000000000000000000000000000000000000000000000000000000000000000000000000000000000000000000000000000000000000000000000000
310
00000000000000000000000000000000000000000000000000000000000000000000000000000000000000000000000000000000000000000000000000000000000000000000000000000000000000000000000000000000000000000000000000000000000000000000000000000000000000000000000000000000000000
310
00000000000000000000000000000000000000000000000000000000000000000000000000000000000000000000000000000000000000000000000000000000000000000000000000000000000000000000000000000000000000000000000000000000000000000000000000000000000000000000000000000000000000
310
00000000000000000000000000000000000000000000000000000000000000000000000000000000000000000000000000000000000000000000000000000000000000000000000000000000000000000000000000000000000000000000000000000000000000000000000000000000000000000000000000000000000000
310
00000000000000000000000000000000000000000000000000000000000000000000000000000000000000000000000000000000000000000000000000000000000000000000000000000000000000000000000000000000000000000000000000000000000000000000000000000000000000000000000000000000000000
310
00000000000000000000000000000000000000000000000000000000000000000000000000000000000000000000000000000000000000000000000000000000000000000000000000000000000000000000000000000000000000000000000000000000000000000000000000000000000000000000000000000000000000
310
00000000000000000000000000000000000000000000000000000000000000000000000000000000000000000000000000000000000000000000000000000000000000000000000000000000000000000000000000000000000000000000000000000000000000000000000000000000000000000000000000000000000000
310
00000000000000000000000000000000000000000000000000000000000000000000000000000000000000000000000000000000000000000000000000000000000000000000000000000000000000000000000000000000000000000000000000000000000000000000000000000000000000000000000000000000000000
310
00000000000000000000000000000000000000000000000000000000000000000000000000000000000000000000000000000000000000000000000000000000000000000000000000000000000000000000000000000000000000000000000000000000000000000000000000000000000000000000000000000000000000
310
00000000000000000000000000000000000000000000000000000000000000000000000000000000000000000000000000000000000000000000000000000000000000000000000000000000000000000000000000000000000000000000000000000000000000000000000000000000000000000000000000000000000000
310
00000000000000000000000000000000000000000000000000000000000000000000000000000000000000000000000000000000000000000000000000000000000000000000000000000000000000000000000000000000000000000000000000000000000000000000000000000000000000000000000000000000000000
310
00000000000000000000000000000000000000000000000000000000000000000000000000000000000000000000000000000000000000000000000000000000000000000000000000000000000000000000000000000000000000000000000000000000000000000000000000000000000000000000000000000000000000
310
00000000000000000000000000000000000000000000000000000000000000000000000000000000000000000000000000000000000000000000000000000000000000000000000000000000000000000000000000000000000000000000000000000000000000000000000000000000000000000000000000000000000000
310
00000000000000000000000000000000000000000000000000000000000000000000000000000000000000000000000000000000000000000000000000000000000000000000000000000000000000000000000000000000000000000000000000000000000000000000000000000000000000000000000000000000000000
310
00000000000000000000000000000000000000000000000000000000000000000000000000000000000000000000000000000000000000000000000000000000000000000000000000000000000000000000000000000000000000000000000000000000000000000000000000000000000000000000000000000000000000
310
00000000000000000000000000000000000000000000000000000000000000000000000000000000000000000000000000000000000000000000000000000000000000000000000000000000000000000000000000000000000000000000000000000000000000000000000000000000000000000000000000000000000000
310
00000000000000000000000000000000000000000000000000000000000000000000000000000000000000000000000000000000000000000000000000000000000000000000000000000000000000000000000000000000000000000000000000000000000000000000000000000000000000000000000000000000000000
310
00000000000000000000000000000000000000000000000000000000000000000000000000000000000000000000000000000000000000000000000000000000000000000000000000000000000000000000000000000000000000000000000000000000000000000000000000000000000000000000000000000000000000
310
00000000000000000000000000000000000000000000000000000000000000000000000000000000000000000000000000000000000000000000000000000000000000000000000000000000000000000000000000000000000000000000000000000000000000000000000000000000000000000000000000000000000000
310
00000000000000000000000000000000000000000000000000000000000000000000000000000000000000000000000000000000000000000000000000000000000000000000000000000000000000000000000000000000000000000000000000000000000000000000000000000000000000000000000000000000000000
310
00000000000000000000000000000000000000000000000000000000000000000000000000000000000000000000000000000000000000000000000000000000000000000000000000000000000000000000000000000000000000000000000000000000000000000000000000000000000000000000000000000000000000
310
00000000000000000000000000000000000000000000000000000000000000000000000000000000000000000000000000000000000000000000000000000000000000000000000000000000000000000000000000000000000000000000000000000000000000000000000000000000000000000000000000000000000000
310
00000000000000000000000000000000000000000000000000000000000000000000000000000000000000000000000000000000000000000000000000000000000000000000000000000000000000000000000000000000000000000000000000000000000000000000000000000000000000000000000000000000000000
310
00000000000000000000000000000000000000000000000000000000000000000000000000000000000000000000000000000000000000000000000000000000000000000000000000000000000000000000000000000000000000000000000000000000000000000000000000000000000000000000000000000000000000
310
00000000000000000000000000000000000000000000000000000000000000000000000000000000000000000000000000000000000000000000000000000000000000000000000000000000000000000000000000000000000000000000000000000000000000000000000000000000000000000000000000000000000000
310
00000000000000000000000000000000000000000000000000000000000000000000000000000000000000000000000000000000000000000000000000000000000000000000000000000000000000000000000000000000000000000000000000000000000000000000000000000000000000000000000000000000000000
310
00000000000000000000000000000000000000000000000000000000000000000000000000000000000000000000000000000000000000000000000000000000000000000000000000000000000000000000000000000000000000000000000000000000000000000000000000000000000000000000000000000000000000
310
00000000000000000000000000000000000000000000000000000000000000000000000000000000000000000000000000000000000000000000000000000000000000000000000000000000000000000000000000000000000000000000000000000000000000000000000000000000000000000000000000000000000000
310
00000000000000000000000000000000000000000000000000000000000000000000000000000000000000000000000000000000000000000000000000000000000000000000000000000000000000000000000000000000000000000000000000000000000000000000000000000000000000000000000000000000000000
310
00000000000000000000000000000000000000000000000000000000000000000000000000000000000000000000000000000000000000000000000000000000000000000000000000000000000000000000000000000000000000000000000000000000000000000000000000000000000000000000000000000000000000
310
00000000000000000000000000000000000000000000000000000000000000000000000000000000000000000000000000000000000000000000000000000000000000000000000000000000000000000000000000000000000000000000000000000000000000000000000000000000000000000000000000000000000000
310
00000000000000000000000000000000000000000000000000000000000000000000000000000000000000000000000000000000000000000000000000000000000000000000000000000000000000000000000000000000000000000000000000000000000000000000000000000000000000000000000000000000000000
310
00000000000000000000000000000000000000000000000000000000000000000000000000000000000000000000000000000000000000000000000000000000000000000000000000000000000000000000000000000000000000000000000000000000000000000000000000000000000000000000000000000000000000
310
00000000000000000000000000000000000000000000000000000000000000000000000000000000000000000000000000000000000000000000000000000000000000000000000000000000000000000000000000000000000000000000000000000000000000000000000000000000000000000000000000000000000000
310
00000000000000000000000000000000000000000000000000000000000000000000000000000000000000000000000000000000000000000000000000000000000000000000000000000000000000000000000000000000000000000000000000000000000000000000000000000000000000000000000000000000000000
310
00000000000000000000000000000000000000000000000000000000000000000000000000000000000000000000000000000000000000000000000000000000000000000000000000000000000000000000000000000000000000000000000000000000000000000000000000000000000000000000000000000000000000
310
00000000000000000000000000000000000000000000000000000000000000000000000000000000000000000000000000000000000000000000000000000000000000000000000000000000000000000000000000000000000000000000000000000000000000000000000000000000000000000000000000000000000000
310
00000000000000000000000000000000000000000000000000000000000000000000000000000000000000000000000000000000000000000000000000000000000000000000000000000000000000000000000000000000000000000000000000000000000000000000000000000000000000000000000000000000000000
310
00000000000000000000000000000000000000000000000000000000000000000000000000000000000000000000000000000000000000000000000000000000000000000000000000000000000000000000000000000000000000000000000000000000000000000000000000000000000000000000000000000000000000
310
00000000000000000000000000000000000000000000000000000000000000000000000000000000000000000000000000000000000000000000000000000000000000000000000000000000000000000000000000000000000000000000000000000000000000000000000000000000000000000000000000000000000000
310
00000000000000000000000000000000000000000000000000000000000000000000000000000000000000000000000000000000000000000000000000000000000000000000000000000000000000000000000000000000000000000000000000000000000000000000000000000000000000000000000000000000000000
310
00000000000000000000000000000000000000000000000000000000000000000000000000000000000000000000000000000000000000000000000000000000000000000000000000000000000000000000000000000000000000000000000000000000000000000000000000000000000000000000000000000000000000
310
00000000000000000000000000000000000000000000000000000000000000000000000000000000000000000000000000000000000000000000000000000000
  0
ENDSEC
  0
EOF
